userId,title,rating
1,The Shawshank Redemption,3
1,The Godfather,3
1,The Dark Knight,3
1,Pulp Fiction,3
1,Forrest Gump,2
1,The Matrix,3
1,Fight Club,1
1,Inception,1
1,The Silence of the Lambs,3
1,Se7en,2
1,The Usual Suspects,1
1,Gladiator,3
1,Saving Private Ryan,1
1,The Green Mile,2
1,Schindler's List,3
1,Braveheart,3
1,The Departed,1
1,Interstellar,3
1,The Prestige,4
1,Django Unchained,2
1,The Lion King,4
1,Toy Story,4
1,Finding Nemo,4
1,Up,1
1,Inside Out,3
1,Frozen,3
1,Moana,1
1,WALL-E,2
1,Monsters Inc,3
1,Titanic,3
1,Avatar,3
1,The Avengers,3
1,Iron Man,3
1,Spider-Man,4
1,Batman Begins,3
1,Wonder Woman,2
1,Pride and Prejudice,5
1,La La Land,4
1,A Star Is Born,4
1,Crazy Rich Asians,4
1,The Fault in Our Stars,4
1,Me Before You,5
1,Superbad,4
1,The Hangover,4
1,Bridesmaids,4
1,Step Brothers,3
1,Anchorman,5
1,Wedding Crashers,4
1,Mean Girls,5
1,21 Jump Street,4
1,Tropic Thunder,4
1,The Conjuring,3
1,A Quiet Place,3
1,It,2
1,Hereditary,3
1,The Exorcist,4
1,The Shining,3
1,Scream,4
1,Nightmare on Elm Street,3
2,The Shawshank Redemption,3
2,The Dark Knight,4
2,Forrest Gump,2
2,Goodfellas,3
2,Fight Club,3
2,Se7en,3
2,The Usual Suspects,3
2,The Green Mile,3
2,Memento,3
2,Django Unchained,3
2,Up,2
2,Moana,1
2,Coco,3
2,Spider-Man,3
2,Wonder Woman,3
2,Guardians of the Galaxy,3
2,Pride and Prejudice,1
2,La La Land,3
2,Crazy Rich Asians,3
2,The Fault in Our Stars,3
2,Me Before You,2
2,The Hangover,4
2,Bridesmaids,4
2,Step Brothers,4
2,Anchorman,5
2,Wedding Crashers,5
2,Mean Girls,4
2,21 Jump Street,4
2,Tropic Thunder,5
2,The Conjuring,4
2,Get Out,5
2,A Quiet Place,4
2,It,4
2,Hereditary,4
2,The Exorcist,4
2,The Shining,4
2,Halloween,4
2,Scream,4
2,Nightmare on Elm Street,4
3,The Godfather,1
3,The Matrix,2
3,Goodfellas,3
3,Fight Club,3
3,The Silence of the Lambs,3
3,Se7en,3
3,The Usual Suspects,2
3,Gladiator,3
3,Saving Private Ryan,3
3,The Green Mile,3
3,Interstellar,3
3,The Prestige,3
3,Memento,1
3,The Lion King,3
3,Toy Story,2
3,Finding Nemo,3
3,Frozen,2
3,Coco,4
3,WALL-E,2
3,Titanic,4
3,Avatar,4
3,The Avengers,4
3,Iron Man,4
3,Spider-Man,5
3,Batman Begins,4
3,Wonder Woman,5
3,Black Panther,5
3,Guardians of the Galaxy,4
3,The Notebook,4
3,Pride and Prejudice,4
3,La La Land,4
3,A Star Is Born,4
3,Crazy Rich Asians,4
3,The Fault in Our Stars,5
3,Me Before You,4
3,Superbad,5
3,The Hangover,3
3,Bridesmaids,3
3,Step Brothers,2
3,A Quiet Place,3
3,The Exorcist,2
3,Halloween,2
4,The Dark Knight,3
4,Pulp Fiction,1
4,Goodfellas,3
4,Inception,3
4,The Usual Suspects,4
4,Saving Private Ryan,2
4,The Green Mile,4
4,Interstellar,3
4,Memento,3
4,Up,5
4,WALL-E,3
4,Spider-Man,2
4,Black Panther,1
4,Guardians of the Galaxy,2
4,The Notebook,4
4,La La Land,3
4,A Star Is Born,2
4,The Fault in Our Stars,5
4,The Hangover,4
4,Bridesmaids,4
4,Step Brothers,5
4,Anchorman,4
4,Wedding Crashers,4
4,Mean Girls,5
4,21 Jump Street,4
4,Tropic Thunder,4
4,The Conjuring,4
4,Get Out,5
4,A Quiet Place,3
4,It,4
4,Hereditary,3
4,The Exorcist,4
4,The Shining,5
4,Halloween,3
4,Scream,4
4,Nightmare on Elm Street,4
5,The Shawshank Redemption,3
5,The Godfather,3
5,Pulp Fiction,3
5,The Matrix,3
5,Fight Club,3
5,The Silence of the Lambs,2
5,The Usual Suspects,3
5,Gladiator,3
5,The Green Mile,3
5,Schindler's List,2
5,Braveheart,2
5,The Departed,1
5,Interstellar,3
5,The Prestige,2
5,Memento,3
5,Django Unchained,1
5,Toy Story,3
5,Inside Out,3
5,Moana,2
5,Coco,4
5,Monsters Inc,3
5,Avatar,3
5,The Avengers,3
5,Iron Man,4
5,Spider-Man,1
5,Batman Begins,3
5,Black Panther,1
5,Guardians of the Galaxy,2
5,A Star Is Born,3
5,Crazy Rich Asians,2
5,The Fault in Our Stars,2
5,Superbad,4
5,The Hangover,4
5,Bridesmaids,5
5,Step Brothers,4
5,Anchorman,3
5,Wedding Crashers,4
5,Mean Girls,4
5,21 Jump Street,3
5,Tropic Thunder,4
5,The Conjuring,5
5,Get Out,5
5,A Quiet Place,4
5,It,4
5,Hereditary,4
5,The Exorcist,5
5,The Shining,4
5,Halloween,4
5,Scream,4
5,Nightmare on Elm Street,5
6,The Shawshank Redemption,3
6,The Godfather,3
6,The Dark Knight,3
6,The Matrix,3
6,Fight Club,4
6,The Silence of the Lambs,4
6,Se7en,3
6,Gladiator,4
6,Braveheart,2
6,The Departed,3
6,Interstellar,2
6,The Prestige,3
6,Memento,3
6,Django Unchained,3
6,The Lion King,4
6,Toy Story,4
6,Finding Nemo,4
6,Up,3
6,Inside Out,4
6,Frozen,4
6,Moana,3
6,Coco,4
6,WALL-E,4
6,Monsters Inc,4
6,Titanic,4
6,Avatar,3
6,The Avengers,4
6,Iron Man,5
6,Spider-Man,4
6,Batman Begins,4
6,Wonder Woman,4
6,Black Panther,4
6,Guardians of the Galaxy,4
6,The Notebook,5
6,La La Land,3
6,A Star Is Born,3
6,Crazy Rich Asians,3
6,The Fault in Our Stars,3
6,Superbad,3
6,The Hangover,2
6,Bridesmaids,2
6,Step Brothers,2
6,Anchorman,3
6,Wedding Crashers,3
6,21 Jump Street,1
6,Tropic Thunder,3
6,The Conjuring,3
6,Get Out,3
6,It,3
6,Hereditary,3
6,Halloween,3
6,Scream,2
6,Nightmare on Elm Street,3
7,The Godfather,2
7,Pulp Fiction,3
7,The Matrix,3
7,Inception,3
7,Se7en,3
7,The Usual Suspects,4
7,The Green Mile,3
7,Braveheart,3
7,Interstellar,1
7,The Prestige,3
7,Memento,4
7,Django Unchained,3
7,The Lion King,1
7,Finding Nemo,3
7,Up,3
7,Moana,1
7,Coco,1
7,Monsters Inc,3
7,Titanic,4
7,Avatar,4
7,The Avengers,5
7,Iron Man,5
7,Spider-Man,5
7,Batman Begins,4
7,Wonder Woman,5
7,Black Panther,3
7,Guardians of the Galaxy,5
7,The Notebook,5
7,Pride and Prejudice,3
7,La La Land,3
7,A Star Is Born,5
7,Crazy Rich Asians,4
7,The Fault in Our Stars,4
7,Me Before You,5
7,Superbad,4
7,Anchorman,3
7,Wedding Crashers,1
7,Mean Girls,3
7,21 Jump Street,4
7,Tropic Thunder,2
7,The Conjuring,3
7,Get Out,3
7,A Quiet Place,4
7,It,4
7,Hereditary,1
7,The Exorcist,2
7,The Shining,3
7,Scream,3
8,The Shawshank Redemption,3
8,The Godfather,3
8,The Dark Knight,4
8,Pulp Fiction,3
8,Forrest Gump,3
8,The Matrix,4
8,Goodfellas,1
8,Fight Club,2
8,The Silence of the Lambs,3
8,Se7en,2
8,The Usual Suspects,2
8,Saving Private Ryan,3
8,The Green Mile,1
8,Schindler's List,2
8,The Departed,3
8,The Prestige,4
8,Django Unchained,2
8,The Lion King,2
8,Toy Story,2
8,Finding Nemo,3
8,Up,3
8,Inside Out,1
8,Frozen,3
8,Moana,2
8,Coco,2
8,WALL-E,3
8,Titanic,5
8,Avatar,5
8,The Avengers,4
8,Iron Man,4
8,Spider-Man,4
8,Batman Begins,4
8,Wonder Woman,5
8,Black Panther,5
8,Guardians of the Galaxy,4
8,The Notebook,3
8,Pride and Prejudice,4
8,La La Land,3
8,A Star Is Born,4
8,Crazy Rich Asians,5
8,The Fault in Our Stars,5
8,Me Before You,4
8,Superbad,4
8,The Hangover,3
8,Step Brothers,5
8,Wedding Crashers,3
8,Tropic Thunder,3
8,The Conjuring,1
8,Get Out,2
8,A Quiet Place,3
8,It,2
8,Hereditary,1
8,The Exorcist,3
8,Halloween,3
8,Nightmare on Elm Street,2
9,The Shawshank Redemption,3
9,The Dark Knight,2
9,Pulp Fiction,2
9,The Matrix,2
9,Goodfellas,1
9,Fight Club,2
9,Inception,4
9,Gladiator,4
9,Saving Private Ryan,3
9,The Green Mile,3
9,Schindler's List,3
9,Braveheart,3
9,The Departed,3
9,Interstellar,3
9,The Prestige,4
9,Memento,3
9,Django Unchained,1
9,The Lion King,3
9,Finding Nemo,4
9,Inside Out,3
9,Moana,4
9,Coco,3
9,WALL-E,4
9,Titanic,5
9,Avatar,4
9,The Avengers,5
9,Iron Man,5
9,Spider-Man,4
9,Batman Begins,5
9,Wonder Woman,3
9,Black Panther,4
9,Guardians of the Galaxy,4
9,The Notebook,4
9,Pride and Prejudice,4
9,La La Land,4
9,A Star Is Born,4
9,Crazy Rich Asians,4
9,The Fault in Our Stars,3
9,Me Before You,3
9,Superbad,4
9,The Hangover,3
9,Bridesmaids,2
9,Step Brothers,2
9,Wedding Crashers,1
9,Mean Girls,4
9,21 Jump Street,3
9,The Conjuring,3
9,Get Out,3
9,A Quiet Place,3
9,It,4
9,Hereditary,3
9,The Shining,1
9,Scream,2
9,Nightmare on Elm Street,3
10,The Shawshank Redemption,2
10,The Godfather,3
10,The Dark Knight,2
10,Pulp Fiction,3
10,Forrest Gump,2
10,Goodfellas,3
10,The Silence of the Lambs,2
10,Se7en,2
10,The Usual Suspects,3
10,The Green Mile,2
10,Schindler's List,4
10,Braveheart,4
10,The Departed,1
10,Interstellar,3
10,The Prestige,3
10,Memento,3
10,Inside Out,3
10,Frozen,2
10,Coco,2
10,WALL-E,3
10,Monsters Inc,3
10,Avatar,3
10,The Avengers,2
10,Iron Man,3
10,Batman Begins,4
10,Wonder Woman,3
10,Black Panther,4
10,Guardians of the Galaxy,3
10,Me Before You,2
10,Superbad,3
10,The Hangover,5
10,Bridesmaids,4
10,Step Brothers,4
10,Anchorman,4
10,Wedding Crashers,4
10,Mean Girls,4
10,21 Jump Street,4
10,Tropic Thunder,5
10,The Conjuring,4
10,Get Out,5
10,A Quiet Place,5
10,It,4
10,Hereditary,4
10,The Exorcist,4
10,The Shining,4
10,Halloween,4
10,Scream,4
10,Nightmare on Elm Street,4
11,The Godfather,3
11,The Dark Knight,2
11,Pulp Fiction,4
11,Forrest Gump,3
11,Goodfellas,2
11,Fight Club,3
11,Inception,3
11,The Silence of the Lambs,4
11,Gladiator,3
11,The Green Mile,3
11,Schindler's List,3
11,The Departed,2
11,Interstellar,3
11,The Prestige,4
11,Django Unchained,3
11,Toy Story,2
11,Finding Nemo,2
11,Up,1
11,Frozen,4
11,Coco,3
11,WALL-E,1
11,Monsters Inc,3
11,Titanic,2
11,Spider-Man,2
11,Wonder Woman,3
11,Guardians of the Galaxy,3
11,The Notebook,3
11,Pride and Prejudice,5
11,La La Land,5
11,A Star Is Born,5
11,Crazy Rich Asians,5
11,The Fault in Our Stars,5
11,Me Before You,4
11,Superbad,5
11,The Hangover,2
11,Bridesmaids,4
11,Step Brothers,4
11,Anchorman,5
11,Wedding Crashers,4
11,Mean Girls,4
11,21 Jump Street,5
11,Tropic Thunder,4
11,The Conjuring,3
11,Hereditary,2
11,The Shining,3
11,Halloween,3
11,Scream,2
12,The Shawshank Redemption,3
12,The Godfather,1
12,Pulp Fiction,2
12,The Matrix,4
12,Goodfellas,4
12,Fight Club,3
12,Inception,3
12,The Silence of the Lambs,3
12,Se7en,3
12,The Usual Suspects,3
12,Saving Private Ryan,3
12,Schindler's List,3
12,Braveheart,3
12,The Departed,3
12,Interstellar,3
12,Memento,4
12,Django Unchained,2
12,The Lion King,3
12,Finding Nemo,1
12,Up,3
12,Moana,3
12,WALL-E,3
12,Titanic,4
12,Avatar,3
12,The Avengers,3
12,Iron Man,4
12,Spider-Man,4
12,Batman Begins,4
12,Wonder Woman,5
12,Black Panther,4
12,Guardians of the Galaxy,4
12,The Notebook,4
12,Pride and Prejudice,4
12,La La Land,4
12,A Star Is Born,5
12,Crazy Rich Asians,5
12,The Fault in Our Stars,4
12,Me Before You,4
12,Superbad,5
12,The Hangover,2
12,Step Brothers,3
12,Anchorman,3
12,Wedding Crashers,1
12,Mean Girls,4
12,21 Jump Street,3
12,Tropic Thunder,4
12,A Quiet Place,3
12,Hereditary,2
13,The Shawshank Redemption,3
13,The Godfather,3
13,Inception,4
13,The Silence of the Lambs,1
13,The Usual Suspects,4
13,Saving Private Ryan,3
13,The Green Mile,2
13,Interstellar,3
13,The Prestige,4
13,Memento,1
13,Django Unchained,3
13,Toy Story,4
13,Finding Nemo,2
13,Moana,3
13,Monsters Inc,3
13,Avatar,3
13,Iron Man,4
13,Spider-Man,2
13,Guardians of the Galaxy,3
13,Pride and Prejudice,3
13,Crazy Rich Asians,2
13,Me Before You,3
13,The Hangover,5
13,Bridesmaids,4
13,Step Brothers,5
13,Anchorman,4
13,Wedding Crashers,4
13,Mean Girls,5
13,21 Jump Street,5
13,Tropic Thunder,4
13,The Conjuring,4
13,Get Out,4
13,A Quiet Place,4
13,It,4
13,Hereditary,3
13,The Exorcist,4
13,The Shining,5
13,Halloween,5
13,Scream,4
13,Nightmare on Elm Street,4
14,The Godfather,1
14,Inception,1
14,Saving Private Ryan,3
14,The Green Mile,4
14,The Departed,3
14,The Lion King,5
14,Toy Story,4
14,Finding Nemo,4
14,Up,5
14,Inside Out,4
14,Frozen,4
14,Moana,4
14,Coco,5
14,WALL-E,4
14,Monsters Inc,4
14,Titanic,4
14,Avatar,5
14,The Avengers,4
14,Iron Man,5
14,Spider-Man,5
14,Batman Begins,5
14,Wonder Woman,5
14,Black Panther,4
14,Guardians of the Galaxy,5
14,The Notebook,3
14,A Star Is Born,2
14,The Fault in Our Stars,3
14,Me Before You,3
14,Superbad,3
14,Anchorman,3
14,Wedding Crashers,2
14,Mean Girls,3
14,Tropic Thunder,2
14,It,3
14,The Exorcist,3
14,Halloween,1
14,Nightmare on Elm Street,4
15,The Shawshank Redemption,3
15,The Godfather,2
15,Pulp Fiction,2
15,The Matrix,3
15,Goodfellas,3
15,Se7en,3
15,Gladiator,2
15,The Green Mile,3
15,Braveheart,2
15,Interstellar,3
15,Memento,3
15,Django Unchained,2
15,Toy Story,2
15,Finding Nemo,3
15,Up,4
15,Inside Out,3
15,Coco,3
15,Titanic,3
15,Wonder Woman,3
15,Black Panther,3
15,Guardians of the Galaxy,1
15,Pride and Prejudice,4
15,La La Land,5
15,A Star Is Born,5
15,Crazy Rich Asians,5
15,The Fault in Our Stars,4
15,Me Before You,5
15,Superbad,4
15,The Hangover,4
15,Bridesmaids,4
15,Step Brothers,4
15,Anchorman,4
15,Wedding Crashers,3
15,Mean Girls,4
15,21 Jump Street,4
15,Tropic Thunder,4
15,The Conjuring,4
15,It,4
15,The Exorcist,3
15,The Shining,2
15,Halloween,2
16,The Godfather,4
16,The Dark Knight,2
16,Forrest Gump,2
16,Inception,2
16,The Departed,4
16,Interstellar,3
16,The Prestige,3
16,Django Unchained,2
16,The Lion King,5
16,Toy Story,4
16,Up,4
16,Inside Out,5
16,Frozen,4
16,Moana,4
16,Coco,4
16,WALL-E,4
16,Monsters Inc,5
16,Titanic,5
16,The Avengers,4
16,Iron Man,3
16,Spider-Man,4
16,Batman Begins,3
16,Wonder Woman,4
16,Black Panther,4
16,Guardians of the Galaxy,4
16,The Notebook,4
16,Step Brothers,2
16,Mean Girls,2
16,The Shining,1
16,Halloween,3
17,Pulp Fiction,3
17,The Matrix,3
17,Goodfellas,3
17,Inception,2
17,Se7en,3
17,Gladiator,3
17,Saving Private Ryan,2
17,The Green Mile,1
17,Braveheart,3
17,The Departed,5
17,Interstellar,1
17,The Lion King,3
17,Toy Story,2
17,Finding Nemo,1
17,Inside Out,2
17,Frozen,3
17,Moana,3
17,Coco,3
17,Titanic,2
17,The Avengers,3
17,Iron Man,3
17,Spider-Man,3
17,Batman Begins,1
17,Black Panther,3
17,Guardians of the Galaxy,3
17,Pride and Prejudice,4
17,La La Land,4
17,A Star Is Born,4
17,Crazy Rich Asians,4
17,The Fault in Our Stars,4
17,Me Before You,4
17,Superbad,4
17,The Hangover,5
17,Bridesmaids,3
17,Step Brothers,5
17,Anchorman,4
17,Wedding Crashers,3
17,Mean Girls,4
17,21 Jump Street,4
17,Tropic Thunder,4
17,Get Out,4
17,A Quiet Place,1
17,It,3
17,The Exorcist,3
17,Scream,3
17,Nightmare on Elm Street,4
18,The Dark Knight,3
18,Pulp Fiction,2
18,The Matrix,2
18,Goodfellas,1
18,Fight Club,3
18,Inception,4
18,The Silence of the Lambs,2
18,Se7en,2
18,The Usual Suspects,4
18,Gladiator,2
18,Saving Private Ryan,1
18,Braveheart,3
18,The Departed,2
18,Interstellar,3
18,Memento,3
18,Finding Nemo,3
18,Up,3
18,Frozen,2
18,WALL-E,4
18,Monsters Inc,2
18,Avatar,4
18,Iron Man,4
18,Spider-Man,4
18,Batman Begins,4
18,Black Panther,2
18,The Notebook,3
18,The Fault in Our Stars,1
18,Me Before You,2
18,The Hangover,4
18,Bridesmaids,3
18,Step Brothers,4
18,Anchorman,2
18,Wedding Crashers,5
18,Mean Girls,5
18,21 Jump Street,4
18,Tropic Thunder,4
18,The Conjuring,4
18,Get Out,4
18,A Quiet Place,5
18,It,4
18,Hereditary,4
18,The Exorcist,4
18,The Shining,4
18,Halloween,3
18,Scream,3
18,Nightmare on Elm Street,5
19,The Shawshank Redemption,3
19,The Godfather,4
19,The Dark Knight,3
19,Pulp Fiction,5
19,Forrest Gump,5
19,The Matrix,5
19,Goodfellas,4
19,Fight Club,4
19,Inception,3
19,The Silence of the Lambs,5
19,Se7en,3
19,The Usual Suspects,4
19,Gladiator,5
19,Saving Private Ryan,4
19,The Green Mile,4
19,Schindler's List,5
19,Braveheart,4
19,The Departed,4
19,Interstellar,3
19,The Prestige,4
19,Memento,4
19,Django Unchained,3
19,The Lion King,5
19,Toy Story,4
19,Finding Nemo,4
19,Up,5
19,Inside Out,5
19,Frozen,5
19,Moana,4
19,Coco,4
19,WALL-E,4
19,Monsters Inc,4
19,Titanic,3
19,The Avengers,3
19,Iron Man,3
19,Spider-Man,1
19,Batman Begins,3
19,Wonder Woman,3
19,Black Panther,1
19,Guardians of the Galaxy,3
19,Pride and Prejudice,1
19,La La Land,3
19,Crazy Rich Asians,3
19,Me Before You,3
19,Superbad,3
19,Bridesmaids,2
19,Step Brothers,3
19,Anchorman,4
19,Wedding Crashers,3
19,Mean Girls,2
19,21 Jump Street,3
19,Tropic Thunder,3
19,Get Out,4
19,A Quiet Place,5
19,Hereditary,3
19,The Exorcist,3
19,The Shining,3
19,Nightmare on Elm Street,3
20,The Godfather,3
20,The Dark Knight,3
20,Pulp Fiction,3
20,Forrest Gump,2
20,The Matrix,2
20,Goodfellas,2
20,Fight Club,1
20,Inception,3
20,The Silence of the Lambs,2
20,The Usual Suspects,3
20,Gladiator,2
20,The Green Mile,3
20,Schindler's List,3
20,Braveheart,3
20,The Departed,2
20,Interstellar,2
20,The Prestige,3
20,Memento,3
20,The Lion King,1
20,Toy Story,3
20,Finding Nemo,5
20,Inside Out,4
20,Frozen,3
20,Moana,3
20,Monsters Inc,3
20,Titanic,4
20,Iron Man,3
20,Batman Begins,2
20,Wonder Woman,2
20,Black Panther,3
20,The Notebook,2
20,Pride and Prejudice,3
20,La La Land,4
20,A Star Is Born,4
20,Crazy Rich Asians,4
20,The Fault in Our Stars,4
20,Me Before You,5
20,Superbad,4
20,The Hangover,4
20,Bridesmaids,5
20,Step Brothers,3
20,Anchorman,4
20,Wedding Crashers,4
20,Mean Girls,3
20,21 Jump Street,4
20,Tropic Thunder,4
20,A Quiet Place,3
20,The Exorcist,3
20,The Shining,4
20,Halloween,2
20,Scream,3
20,Nightmare on Elm Street,2
21,The Godfather,1
21,Forrest Gump,2
21,The Matrix,3
21,The Silence of the Lambs,3
21,Se7en,1
21,The Usual Suspects,3
21,Gladiator,2
21,The Green Mile,2
21,Schindler's List,2
21,Braveheart,3
21,The Departed,4
21,Interstellar,4
21,The Prestige,2
21,Memento,2
21,Django Unchained,3
21,The Lion King,4
21,Toy Story,4
21,Finding Nemo,4
21,Up,4
21,Inside Out,4
21,Frozen,4
21,Moana,4
21,Coco,5
21,WALL-E,2
21,Monsters Inc,3
21,Titanic,3
21,Avatar,5
21,The Avengers,4
21,Iron Man,4
21,Spider-Man,4
21,Batman Begins,4
21,Wonder Woman,4
21,Black Panther,5
21,Guardians of the Galaxy,4
21,The Notebook,5
21,Pride and Prejudice,3
21,La La Land,1
21,A Star Is Born,3
21,Crazy Rich Asians,3
21,The Fault in Our Stars,2
21,Me Before You,3
21,The Hangover,3
21,Bridesmaids,3
21,Step Brothers,2
21,Wedding Crashers,3
21,Mean Girls,3
21,Tropic Thunder,1
21,The Conjuring,3
21,A Quiet Place,3
21,It,1
21,Hereditary,3
21,The Exorcist,3
21,The Shining,3
21,Scream,3
22,The Shawshank Redemption,3
22,The Godfather,2
22,Pulp Fiction,1
22,The Silence of the Lambs,3
22,Se7en,5
22,The Usual Suspects,2
22,Gladiator,3
22,Saving Private Ryan,3
22,Schindler's List,3
22,Braveheart,3
22,The Departed,3
22,The Prestige,1
22,Memento,3
22,The Lion King,2
22,Finding Nemo,3
22,Moana,1
22,Coco,2
22,Titanic,3
22,The Avengers,1
22,Iron Man,2
22,Batman Begins,3
22,Guardians of the Galaxy,3
22,Pride and Prejudice,1
22,La La Land,1
22,A Star Is Born,3
22,Me Before You,3
22,Superbad,3
22,The Hangover,4
22,Bridesmaids,4
22,Step Brothers,4
22,Anchorman,4
22,Wedding Crashers,4
22,Mean Girls,4
22,21 Jump Street,4
22,Tropic Thunder,5
22,The Conjuring,4
22,Get Out,3
22,A Quiet Place,4
22,It,4
22,Hereditary,2
22,The Exorcist,4
22,The Shining,3
22,Halloween,4
22,Scream,4
22,Nightmare on Elm Street,4
23,The Godfather,4
23,Inception,3
23,Schindler's List,3
23,Braveheart,3
23,The Departed,2
23,Interstellar,2
23,The Lion King,3
23,Frozen,3
23,Coco,3
23,Monsters Inc,3
23,Titanic,1
23,Iron Man,3
23,Batman Begins,2
23,Guardians of the Galaxy,2
23,Pride and Prejudice,4
23,La La Land,5
23,A Star Is Born,3
23,Crazy Rich Asians,4
23,The Fault in Our Stars,5
23,Me Before You,4
23,Superbad,5
23,The Hangover,2
23,Bridesmaids,4
23,Step Brothers,5
23,Anchorman,3
23,Wedding Crashers,4
23,Mean Girls,3
23,Tropic Thunder,4
23,The Shining,1
23,Halloween,3
24,The Shawshank Redemption,4
24,The Godfather,4
24,The Dark Knight,4
24,Pulp Fiction,5
24,Forrest Gump,4
24,The Matrix,4
24,Goodfellas,4
24,Fight Club,3
24,The Silence of the Lambs,4
24,Se7en,4
24,The Usual Suspects,5
24,Gladiator,3
24,Saving Private Ryan,4
24,The Green Mile,4
24,Schindler's List,4
24,Braveheart,4
24,Interstellar,5
24,The Prestige,4
24,Memento,4
24,The Lion King,4
24,Toy Story,4
24,Finding Nemo,4
24,Up,4
24,Frozen,5
24,Coco,3
24,Monsters Inc,3
24,Guardians of the Galaxy,2
24,The Notebook,3
24,Me Before You,2
24,Anchorman,3
24,The Shining,3
24,Halloween,1
25,The Shawshank Redemption,4
25,The Godfather,4
25,The Dark Knight,4
25,Pulp Fiction,4
25,Forrest Gump,5
25,Goodfellas,4
25,Inception,4
25,The Silence of the Lambs,4
25,Se7en,4
25,The Usual Suspects,5
25,Gladiator,4
25,Saving Private Ryan,5
25,The Green Mile,4
25,Schindler's List,4
25,Braveheart,4
25,The Departed,5
25,The Prestige,4
25,Memento,5
25,Django Unchained,4
25,The Lion King,4
25,Toy Story,4
25,Finding Nemo,4
25,Up,3
25,Inside Out,3
25,Frozen,5
25,Moana,4
25,Coco,4
25,WALL-E,4
25,Monsters Inc,3
25,La La Land,2
25,Me Before You,2
25,Superbad,4
25,Step Brothers,2
25,21 Jump Street,4
25,It,3
25,Scream,3
26,The Matrix,3
26,Fight Club,4
26,Gladiator,3
26,Saving Private Ryan,3
26,Schindler's List,1
26,Interstellar,2
26,Memento,3
26,Django Unchained,3
26,The Lion King,3
26,Moana,4
26,Titanic,4
26,Avatar,4
26,The Avengers,5
26,Iron Man,3
26,Spider-Man,4
26,Batman Begins,3
26,Wonder Woman,4
26,Black Panther,5
26,Guardians of the Galaxy,4
26,The Notebook,4
26,Pride and Prejudice,4
26,La La Land,4
26,Crazy Rich Asians,4
26,The Fault in Our Stars,4
26,Me Before You,5
26,Superbad,4
26,Hereditary,3
26,The Exorcist,2
26,Scream,3
26,Nightmare on Elm Street,3
27,The Shawshank Redemption,1
27,The Dark Knight,1
27,Pulp Fiction,3
27,Inception,3
27,The Silence of the Lambs,5
27,Saving Private Ryan,3
27,The Green Mile,3
27,Schindler's List,3
27,Braveheart,3
27,The Prestige,4
27,Django Unchained,3
27,Finding Nemo,2
27,Up,3
27,Inside Out,1
27,Frozen,3
27,Moana,1
27,WALL-E,3
27,Monsters Inc,5
27,Titanic,4
27,Avatar,5
27,The Avengers,4
27,Iron Man,5
27,Spider-Man,4
27,Batman Begins,3
27,Wonder Woman,4
27,Black Panther,5
27,Guardians of the Galaxy,4
27,The Notebook,4
27,Pride and Prejudice,4
27,La La Land,4
27,A Star Is Born,4
27,Crazy Rich Asians,5
27,The Fault in Our Stars,4
27,Me Before You,4
27,Superbad,4
27,Bridesmaids,4
27,The Conjuring,2
27,Hereditary,4
27,The Exorcist,3
27,The Shining,2
27,Halloween,2
27,Nightmare on Elm Street,2
28,The Shawshank Redemption,1
28,The Godfather,3
28,The Dark Knight,3
28,Pulp Fiction,3
28,Forrest Gump,3
28,The Matrix,3
28,Goodfellas,3
28,Inception,4
28,Se7en,2
28,Gladiator,3
28,Saving Private Ryan,1
28,The Green Mile,3
28,Schindler's List,3
28,Braveheart,4
28,Interstellar,3
28,Memento,3
28,Django Unchained,3
28,The Lion King,5
28,Toy Story,4
28,Finding Nemo,4
28,Up,5
28,Inside Out,3
28,Frozen,4
28,Moana,3
28,Coco,4
28,WALL-E,4
28,Monsters Inc,4
28,Titanic,5
28,Avatar,4
28,The Avengers,5
28,Iron Man,5
28,Spider-Man,4
28,Batman Begins,4
28,Wonder Woman,4
28,Black Panther,4
28,Guardians of the Galaxy,4
28,The Notebook,5
28,Pride and Prejudice,4
28,La La Land,2
28,A Star Is Born,2
28,Crazy Rich Asians,3
28,Me Before You,4
28,Superbad,4
28,Bridesmaids,4
28,Step Brothers,3
28,Anchorman,2
28,Mean Girls,3
28,21 Jump Street,3
28,Tropic Thunder,3
28,The Conjuring,3
28,Get Out,2
28,A Quiet Place,1
28,Hereditary,3
28,The Exorcist,2
28,Halloween,3
28,Scream,3
28,Nightmare on Elm Street,2
29,The Shawshank Redemption,4
29,The Dark Knight,3
29,Forrest Gump,2
29,The Matrix,2
29,Goodfellas,5
29,Fight Club,1
29,The Silence of the Lambs,3
29,Gladiator,2
29,Saving Private Ryan,2
29,The Green Mile,3
29,Schindler's List,4
29,Braveheart,4
29,The Departed,2
29,Interstellar,1
29,The Prestige,3
29,Memento,3
29,Django Unchained,4
29,The Lion King,2
29,Toy Story,1
29,Finding Nemo,1
29,Up,2
29,Frozen,3
29,Moana,3
29,Coco,3
29,WALL-E,4
29,Titanic,3
29,Avatar,2
29,The Avengers,4
29,Iron Man,2
29,Spider-Man,2
29,Batman Begins,4
29,Wonder Woman,3
29,Black Panther,1
29,The Notebook,1
29,Pride and Prejudice,3
29,La La Land,4
29,A Star Is Born,5
29,Crazy Rich Asians,4
29,The Fault in Our Stars,3
29,Me Before You,3
29,Superbad,4
29,The Hangover,4
29,Bridesmaids,4
29,Step Brothers,4
29,Anchorman,4
29,Wedding Crashers,5
29,Mean Girls,4
29,21 Jump Street,3
29,Tropic Thunder,4
29,The Conjuring,3
29,Get Out,3
29,A Quiet Place,5
29,It,3
29,Hereditary,1
29,The Exorcist,3
29,The Shining,4
29,Halloween,3
29,Scream,1
29,Nightmare on Elm Street,3
30,The Shawshank Redemption,3
30,The Godfather,2
30,Pulp Fiction,2
30,Forrest Gump,3
30,The Matrix,2
30,Inception,3
30,The Silence of the Lambs,3
30,Se7en,4
30,The Usual Suspects,4
30,Gladiator,2
30,The Green Mile,4
30,Schindler's List,3
30,Braveheart,3
30,The Departed,2
30,Interstellar,2
30,The Prestige,3
30,Memento,3
30,Django Unchained,2
30,The Lion King,3
30,Toy Story,2
30,Up,4
30,Inside Out,3
30,Frozen,2
30,Coco,1
30,WALL-E,3
30,Monsters Inc,4
30,Titanic,3
30,Avatar,4
30,Batman Begins,3
30,Wonder Woman,2
30,Black Panther,2
30,Guardians of the Galaxy,3
30,The Notebook,3
30,Pride and Prejudice,4
30,La La Land,4
30,A Star Is Born,2
30,Crazy Rich Asians,4
30,The Fault in Our Stars,4
30,Me Before You,4
30,Superbad,4
30,The Hangover,4
30,Bridesmaids,4
30,Step Brothers,5
30,Anchorman,4
30,Wedding Crashers,5
30,Mean Girls,4
30,21 Jump Street,3
30,Tropic Thunder,4
30,The Conjuring,4
30,Get Out,3
30,A Quiet Place,3
30,The Exorcist,3
30,The Shining,2
30,Scream,2
30,Nightmare on Elm Street,3
31,The Shawshank Redemption,2
31,Forrest Gump,2
31,The Matrix,3
31,Goodfellas,2
31,Fight Club,3
31,Inception,3
31,The Silence of the Lambs,3
31,Se7en,2
31,The Usual Suspects,1
31,Saving Private Ryan,3
31,The Green Mile,4
31,Braveheart,3
31,The Departed,3
31,Interstellar,4
31,The Prestige,3
31,Django Unchained,2
31,Toy Story,1
31,Finding Nemo,3
31,Up,4
31,Frozen,2
31,Moana,3
31,Coco,3
31,WALL-E,3
31,Monsters Inc,3
31,Titanic,3
31,Avatar,4
31,The Avengers,4
31,Iron Man,4
31,Spider-Man,4
31,Batman Begins,4
31,Wonder Woman,5
31,Black Panther,4
31,Guardians of the Galaxy,5
31,The Notebook,4
31,Pride and Prejudice,5
31,La La Land,4
31,A Star Is Born,4
31,Crazy Rich Asians,5
31,The Fault in Our Stars,4
31,Me Before You,4
31,Superbad,4
31,The Hangover,2
31,Bridesmaids,4
31,Anchorman,3
31,Wedding Crashers,3
31,21 Jump Street,4
31,Tropic Thunder,2
31,The Conjuring,3
31,Get Out,4
31,It,3
31,Hereditary,2
31,The Exorcist,2
31,The Shining,3
31,Halloween,3
31,Scream,3
31,Nightmare on Elm Street,3
32,The Dark Knight,2
32,Pulp Fiction,2
32,Fight Club,1
32,Inception,3
32,The Silence of the Lambs,3
32,Se7en,4
32,Gladiator,2
32,The Green Mile,3
32,Schindler's List,3
32,Braveheart,3
32,The Departed,2
32,Interstellar,3
32,The Prestige,1
32,Toy Story,3
32,Finding Nemo,3
32,Up,3
32,Frozen,3
32,Moana,5
32,Coco,4
32,Monsters Inc,3
32,Titanic,3
32,Avatar,3
32,The Avengers,4
32,Spider-Man,3
32,Wonder Woman,3
32,Black Panther,4
32,Guardians of the Galaxy,2
32,The Notebook,4
32,Pride and Prejudice,4
32,La La Land,4
32,A Star Is Born,4
32,Crazy Rich Asians,5
32,The Fault in Our Stars,5
32,Me Before You,4
32,Superbad,4
32,The Hangover,4
32,Bridesmaids,4
32,Step Brothers,4
32,Anchorman,3
32,Wedding Crashers,5
32,Mean Girls,4
32,21 Jump Street,5
32,Tropic Thunder,3
32,The Conjuring,4
32,Get Out,3
32,It,2
32,Hereditary,2
32,The Exorcist,1
32,The Shining,3
32,Halloween,1
32,Scream,3
32,Nightmare on Elm Street,3
33,The Dark Knight,3
33,Pulp Fiction,2
33,Inception,3
33,The Silence of the Lambs,2
33,Gladiator,2
33,Schindler's List,3
33,The Departed,2
33,The Prestige,3
33,Up,3
33,Frozen,2
33,Coco,3
33,Spider-Man,3
33,The Notebook,4
33,Pride and Prejudice,5
33,La La Land,4
33,A Star Is Born,4
33,Crazy Rich Asians,5
33,The Fault in Our Stars,3
33,Me Before You,4
33,Superbad,4
33,The Hangover,5
33,Bridesmaids,4
33,Step Brothers,4
33,Anchorman,4
33,Wedding Crashers,5
33,Mean Girls,5
33,21 Jump Street,4
33,Tropic Thunder,5
33,Get Out,3
33,The Exorcist,3
33,Scream,3
34,The Shawshank Redemption,4
34,The Godfather,4
34,The Dark Knight,4
34,Pulp Fiction,4
34,Forrest Gump,4
34,Goodfellas,4
34,The Silence of the Lambs,4
34,Se7en,5
34,The Usual Suspects,3
34,Gladiator,3
34,Saving Private Ryan,4
34,The Green Mile,4
34,Braveheart,4
34,The Departed,5
34,Interstellar,4
34,The Prestige,5
34,Memento,4
34,Toy Story,4
34,Finding Nemo,5
34,Inside Out,4
34,Frozen,4
34,Coco,4
34,Titanic,3
34,Iron Man,3
34,Spider-Man,2
34,Batman Begins,3
34,Guardians of the Galaxy,3
34,Superbad,3
34,The Hangover,3
34,Bridesmaids,2
34,Mean Girls,1
34,21 Jump Street,2
35,The Godfather,4
35,The Dark Knight,3
35,Pulp Fiction,4
35,Forrest Gump,3
35,The Matrix,3
35,Goodfellas,4
35,Fight Club,3
35,Inception,2
35,The Silence of the Lambs,3
35,Se7en,3
35,The Usual Suspects,3
35,The Green Mile,3
35,Schindler's List,4
35,Braveheart,2
35,The Departed,1
35,The Prestige,2
35,Django Unchained,3
35,The Lion King,3
35,Toy Story,4
35,Up,3
35,Inside Out,3
35,Frozen,3
35,Moana,3
35,Coco,2
35,WALL-E,3
35,Monsters Inc,3
35,Titanic,4
35,Avatar,4
35,The Avengers,4
35,Iron Man,4
35,Spider-Man,5
35,Batman Begins,5
35,Wonder Woman,4
35,Black Panther,4
35,Guardians of the Galaxy,5
35,The Notebook,4
35,Pride and Prejudice,5
35,La La Land,3
35,A Star Is Born,4
35,Crazy Rich Asians,3
35,The Fault in Our Stars,4
35,Me Before You,4
35,Superbad,4
35,The Hangover,1
35,Step Brothers,1
35,Anchorman,2
35,Wedding Crashers,4
35,Mean Girls,3
35,Tropic Thunder,3
35,The Conjuring,3
35,A Quiet Place,2
35,It,2
35,Hereditary,3
35,The Exorcist,2
35,Halloween,1
36,The Godfather,3
36,Forrest Gump,2
36,The Matrix,2
36,Fight Club,1
36,Se7en,2
36,The Usual Suspects,3
36,The Green Mile,3
36,The Departed,4
36,Django Unchained,4
36,Toy Story,3
36,WALL-E,4
36,Monsters Inc,3
36,Iron Man,1
36,Wonder Woman,2
36,Guardians of the Galaxy,3
36,Pride and Prejudice,3
36,A Star Is Born,2
36,Crazy Rich Asians,3
36,Superbad,3
36,The Hangover,4
36,Bridesmaids,4
36,Step Brothers,4
36,Anchorman,4
36,Wedding Crashers,4
36,Mean Girls,4
36,21 Jump Street,4
36,Tropic Thunder,5
36,The Conjuring,4
36,Get Out,3
36,A Quiet Place,3
36,It,5
36,Hereditary,5
36,The Exorcist,5
36,The Shining,4
36,Halloween,4
36,Scream,5
36,Nightmare on Elm Street,4
37,The Godfather,3
37,The Dark Knight,2
37,Pulp Fiction,3
37,Fight Club,3
37,The Silence of the Lambs,3
37,Se7en,3
37,The Usual Suspects,3
37,Gladiator,3
37,Saving Private Ryan,3
37,The Green Mile,3
37,Schindler's List,3
37,Braveheart,3
37,The Departed,2
37,Interstellar,2
37,Memento,3
37,Toy Story,3
37,Inside Out,2
37,Frozen,2
37,Coco,1
37,Titanic,4
37,Avatar,4
37,The Avengers,5
37,Iron Man,4
37,Spider-Man,3
37,Batman Begins,3
37,Wonder Woman,4
37,Black Panther,3
37,Guardians of the Galaxy,4
37,The Notebook,5
37,Pride and Prejudice,4
37,La La Land,3
37,A Star Is Born,4
37,Crazy Rich Asians,5
37,The Fault in Our Stars,4
37,Me Before You,4
37,Superbad,3
37,The Hangover,4
37,Bridesmaids,3
37,Step Brothers,2
37,Wedding Crashers,3
37,The Conjuring,2
37,Get Out,3
37,It,3
37,Hereditary,3
37,The Exorcist,3
37,The Shining,1
38,The Shawshank Redemption,1
38,The Godfather,2
38,The Dark Knight,3
38,Pulp Fiction,4
38,Forrest Gump,1
38,Goodfellas,3
38,Fight Club,3
38,Gladiator,4
38,The Departed,3
38,Interstellar,2
38,Django Unchained,2
38,Finding Nemo,3
38,Up,4
38,Inside Out,2
38,Coco,1
38,Titanic,4
38,The Avengers,2
38,Spider-Man,3
38,Batman Begins,2
38,Wonder Woman,1
38,The Notebook,3
38,Crazy Rich Asians,2
38,The Fault in Our Stars,3
38,Superbad,3
38,The Hangover,4
38,Bridesmaids,4
38,Step Brothers,5
38,Anchorman,4
38,Wedding Crashers,5
38,Mean Girls,4
38,21 Jump Street,4
38,Tropic Thunder,4
38,The Conjuring,5
38,Get Out,5
38,A Quiet Place,4
38,It,4
38,Hereditary,4
38,The Exorcist,5
38,The Shining,5
38,Halloween,4
38,Scream,4
38,Nightmare on Elm Street,4
39,The Shawshank Redemption,4
39,The Dark Knight,4
39,Pulp Fiction,3
39,Forrest Gump,4
39,The Matrix,5
39,Inception,4
39,The Silence of the Lambs,5
39,Se7en,4
39,The Usual Suspects,4
39,Gladiator,3
39,Saving Private Ryan,4
39,The Green Mile,5
39,Schindler's List,3
39,Braveheart,4
39,The Departed,5
39,The Prestige,5
39,Memento,3
39,Django Unchained,4
39,The Lion King,4
39,Toy Story,3
39,Finding Nemo,4
39,Up,4
39,Inside Out,4
39,Moana,4
39,Coco,4
39,WALL-E,5
39,Guardians of the Galaxy,2
39,A Star Is Born,4
39,The Fault in Our Stars,3
39,Me Before You,3
39,Superbad,3
39,The Hangover,2
39,Step Brothers,3
39,Mean Girls,3
39,Tropic Thunder,3
39,The Conjuring,2
39,It,3
39,Hereditary,4
40,The Shawshank Redemption,1
40,The Godfather,3
40,The Dark Knight,3
40,Pulp Fiction,3
40,The Matrix,3
40,Goodfellas,2
40,The Silence of the Lambs,3
40,Se7en,1
40,The Usual Suspects,3
40,Gladiator,3
40,The Green Mile,3
40,Schindler's List,2
40,Braveheart,2
40,The Departed,3
40,Interstellar,3
40,Memento,3
40,Django Unchained,1
40,The Lion King,4
40,Toy Story,4
40,Finding Nemo,4
40,Up,5
40,Inside Out,4
40,Frozen,5
40,Moana,4
40,Coco,4
40,WALL-E,5
40,Monsters Inc,5
40,Titanic,4
40,Avatar,4
40,The Avengers,4
40,Iron Man,3
40,Spider-Man,4
40,Batman Begins,4
40,Wonder Woman,4
40,Black Panther,4
40,Guardians of the Galaxy,4
40,The Notebook,4
40,Pride and Prejudice,4
40,La La Land,2
40,A Star Is Born,2
40,Crazy Rich Asians,3
40,The Fault in Our Stars,3
40,Me Before You,3
40,Superbad,2
40,The Hangover,3
40,Bridesmaids,4
40,Step Brothers,4
40,Wedding Crashers,3
40,Mean Girls,3
40,21 Jump Street,2
40,Tropic Thunder,3
40,The Conjuring,4
40,Get Out,4
40,A Quiet Place,2
40,It,2
40,Hereditary,2
40,The Shining,3
40,Scream,3
40,Nightmare on Elm Street,3
41,The Godfather,1
41,Forrest Gump,3
41,Fight Club,3
41,Inception,5
41,Schindler's List,3
41,Braveheart,3
41,The Departed,4
41,Interstellar,3
41,Memento,3
41,Toy Story,4
41,Inside Out,3
41,Moana,3
41,WALL-E,4
41,Monsters Inc,1
41,Titanic,3
41,The Avengers,4
41,Iron Man,1
41,Batman Begins,1
41,Wonder Woman,2
41,Black Panther,3
41,Pride and Prejudice,4
41,La La Land,5
41,A Star Is Born,4
41,Crazy Rich Asians,5
41,The Fault in Our Stars,4
41,Me Before You,4
41,Superbad,5
41,The Hangover,4
41,Bridesmaids,5
41,Step Brothers,5
41,Anchorman,3
41,Wedding Crashers,4
41,Mean Girls,5
41,21 Jump Street,5
41,Tropic Thunder,5
41,A Quiet Place,1
41,It,3
41,Hereditary,3
41,The Exorcist,4
41,The Shining,3
41,Halloween,2
41,Scream,2
41,Nightmare on Elm Street,2
42,The Shawshank Redemption,4
42,The Godfather,5
42,The Dark Knight,5
42,Pulp Fiction,4
42,Forrest Gump,4
42,The Matrix,4
42,Goodfellas,4
42,Fight Club,4
42,Inception,4
42,The Silence of the Lambs,4
42,Se7en,5
42,The Usual Suspects,3
42,Gladiator,4
42,Saving Private Ryan,4
42,The Green Mile,4
42,Schindler's List,3
42,Braveheart,5
42,The Departed,4
42,Interstellar,4
42,The Prestige,4
42,Memento,4
42,Django Unchained,5
42,The Lion King,4
42,Toy Story,5
42,Finding Nemo,4
42,Up,4
42,Inside Out,5
42,Frozen,4
42,Moana,4
42,Coco,5
42,WALL-E,4
42,Monsters Inc,5
42,Titanic,3
42,The Avengers,3
42,Iron Man,3
42,Spider-Man,3
42,Wonder Woman,4
42,Black Panther,3
42,The Notebook,4
42,La La Land,3
42,A Star Is Born,3
42,Crazy Rich Asians,3
42,Me Before You,4
42,The Hangover,3
42,Bridesmaids,3
42,Step Brothers,3
42,Wedding Crashers,3
42,Mean Girls,2
42,The Conjuring,4
42,A Quiet Place,2
42,It,5
42,Hereditary,4
42,Halloween,2
43,Pulp Fiction,3
43,Forrest Gump,3
43,Fight Club,3
43,The Silence of the Lambs,2
43,The Usual Suspects,3
43,The Green Mile,3
43,Braveheart,2
43,The Departed,2
43,Memento,4
43,The Lion King,2
43,WALL-E,3
43,The Avengers,3
43,Iron Man,3
43,Spider-Man,1
43,Batman Begins,1
43,The Notebook,3
43,Pride and Prejudice,4
43,La La Land,5
43,A Star Is Born,5
43,Crazy Rich Asians,4
43,The Fault in Our Stars,5
43,Me Before You,4
43,Superbad,3
43,The Hangover,3
43,Bridesmaids,4
43,Step Brothers,4
43,Anchorman,5
43,Wedding Crashers,4
43,Mean Girls,3
43,21 Jump Street,4
43,Tropic Thunder,5
44,The Shawshank Redemption,4
44,The Dark Knight,4
44,Pulp Fiction,3
44,Goodfellas,1
44,Fight Club,3
44,Inception,3
44,The Silence of the Lambs,2
44,The Green Mile,1
44,Schindler's List,4
44,Braveheart,3
44,The Departed,2
44,Interstellar,4
44,Memento,3
44,The Lion King,5
44,Toy Story,4
44,Finding Nemo,4
44,Up,5
44,Inside Out,4
44,Frozen,4
44,Moana,4
44,Coco,4
44,WALL-E,5
44,Monsters Inc,4
44,Titanic,4
44,Avatar,5
44,The Avengers,4
44,Iron Man,4
44,Spider-Man,4
44,Batman Begins,4
44,Wonder Woman,4
44,Black Panther,3
44,Guardians of the Galaxy,5
44,The Notebook,4
44,Crazy Rich Asians,3
44,The Fault in Our Stars,4
44,Me Before You,3
44,Superbad,2
44,Bridesmaids,4
44,Wedding Crashers,2
44,Mean Girls,3
44,21 Jump Street,4
44,It,2
44,Hereditary,3
44,The Exorcist,2
44,Scream,2
45,The Shawshank Redemption,3
45,The Godfather,3
45,Pulp Fiction,4
45,Fight Club,3
45,Se7en,1
45,Gladiator,2
45,Schindler's List,2
45,Interstellar,3
45,Memento,2
45,Django Unchained,4
45,The Lion King,4
45,Toy Story,4
45,Finding Nemo,4
45,Up,4
45,Inside Out,2
45,Frozen,4
45,Moana,4
45,Coco,4
45,WALL-E,4
45,Monsters Inc,5
45,Titanic,5
45,Avatar,4
45,The Avengers,4
45,Iron Man,3
45,Spider-Man,4
45,Batman Begins,4
45,Wonder Woman,4
45,Black Panther,4
45,Guardians of the Galaxy,5
45,The Notebook,4
45,Bridesmaids,3
45,Wedding Crashers,3
45,Mean Girls,3
45,21 Jump Street,3
45,Get Out,1
45,It,2
45,Hereditary,3
45,Halloween,3
45,Scream,4
45,Nightmare on Elm Street,2
46,The Dark Knight,4
46,The Matrix,5
46,Goodfellas,4
46,Fight Club,5
46,Se7en,4
46,The Usual Suspects,4
46,Saving Private Ryan,3
46,The Green Mile,4
46,Braveheart,5
46,Interstellar,4
46,The Prestige,5
46,Memento,4
46,The Lion King,4
46,Toy Story,4
46,Finding Nemo,4
46,Up,4
46,Inside Out,4
46,Frozen,4
46,Moana,4
46,Coco,4
46,WALL-E,5
46,The Avengers,3
46,Spider-Man,3
46,Guardians of the Galaxy,4
46,A Star Is Born,3
46,Wedding Crashers,3
46,The Conjuring,3
46,It,3
46,Hereditary,4
46,The Exorcist,4
46,The Shining,2
47,The Godfather,3
47,The Matrix,4
47,The Silence of the Lambs,2
47,The Usual Suspects,3
47,Saving Private Ryan,4
47,Schindler's List,3
47,The Departed,3
47,The Lion King,5
47,Toy Story,4
47,Finding Nemo,4
47,Up,4
47,Inside Out,4
47,Moana,3
47,Coco,4
47,WALL-E,5
47,Monsters Inc,4
47,Titanic,4
47,Avatar,5
47,The Avengers,4
47,Iron Man,4
47,Spider-Man,4
47,Batman Begins,4
47,Wonder Woman,4
47,Black Panther,5
47,Guardians of the Galaxy,4
47,The Notebook,4
47,La La Land,4
47,Crazy Rich Asians,2
47,Wedding Crashers,2
47,The Exorcist,2
47,The Shining,4
47,Scream,4
48,The Shawshank Redemption,3
48,The Godfather,1
48,The Dark Knight,3
48,Pulp Fiction,1
48,Forrest Gump,2
48,The Matrix,4
48,Goodfellas,3
48,Fight Club,4
48,Inception,3
48,Se7en,2
48,The Usual Suspects,1
48,Saving Private Ryan,3
48,The Green Mile,2
48,Braveheart,3
48,Memento,1
48,The Lion King,3
48,Toy Story,3
48,Finding Nemo,2
48,Inside Out,3
48,Frozen,3
48,Moana,4
48,Coco,3
48,WALL-E,3
48,Monsters Inc,3
48,Titanic,3
48,Avatar,3
48,The Avengers,4
48,Iron Man,3
48,Spider-Man,3
48,Batman Begins,3
48,Wonder Woman,3
48,Guardians of the Galaxy,2
48,The Notebook,3
48,Pride and Prejudice,3
48,La La Land,2
48,A Star Is Born,2
48,Crazy Rich Asians,4
48,The Fault in Our Stars,1
48,Superbad,2
48,The Hangover,4
48,Bridesmaids,5
48,Step Brothers,5
48,Anchorman,4
48,Wedding Crashers,4
48,Mean Girls,4
48,21 Jump Street,4
48,Tropic Thunder,4
48,The Conjuring,4
48,Get Out,4
48,A Quiet Place,4
48,It,4
48,Hereditary,4
48,The Exorcist,4
48,The Shining,4
48,Halloween,5
48,Scream,5
48,Nightmare on Elm Street,5
49,The Godfather,3
49,The Dark Knight,3
49,Pulp Fiction,1
49,Forrest Gump,2
49,The Matrix,3
49,Inception,2
49,The Silence of the Lambs,2
49,The Usual Suspects,3
49,Saving Private Ryan,3
49,The Green Mile,4
49,Schindler's List,2
49,The Departed,3
49,The Prestige,3
49,Memento,3
49,Django Unchained,2
49,The Lion King,5
49,Toy Story,5
49,Finding Nemo,5
49,Up,4
49,Inside Out,5
49,Frozen,4
49,Moana,5
49,Coco,4
49,WALL-E,4
49,Monsters Inc,4
49,Titanic,4
49,Avatar,4
49,The Avengers,5
49,Iron Man,3
49,Spider-Man,5
49,Batman Begins,5
49,Wonder Woman,4
49,Black Panther,4
49,Guardians of the Galaxy,4
49,The Notebook,4
49,Pride and Prejudice,3
49,La La Land,3
49,The Fault in Our Stars,2
49,21 Jump Street,2
49,Tropic Thunder,1
49,The Conjuring,3
49,A Quiet Place,2
49,It,3
49,Hereditary,1
49,The Shining,4
49,Halloween,3
49,Scream,4
50,The Shawshank Redemption,3
50,The Godfather,3
50,The Dark Knight,2
50,Forrest Gump,4
50,The Matrix,3
50,Goodfellas,2
50,Inception,4
50,The Silence of the Lambs,3
50,The Usual Suspects,3
50,Gladiator,4
50,The Green Mile,2
50,Schindler's List,3
50,Braveheart,3
50,Interstellar,2
50,The Prestige,3
50,Memento,3
50,Django Unchained,5
50,The Lion King,3
50,Toy Story,4
50,Finding Nemo,3
50,Up,3
50,Inside Out,1
50,Frozen,2
50,Moana,2
50,Coco,3
50,WALL-E,4
50,Monsters Inc,3
50,Titanic,3
50,Avatar,4
50,The Avengers,3
50,Iron Man,4
50,Spider-Man,3
50,Batman Begins,2
50,Wonder Woman,3
50,Guardians of the Galaxy,2
50,The Notebook,3
50,Pride and Prejudice,5
50,La La Land,4
50,A Star Is Born,5
50,Crazy Rich Asians,4
50,The Fault in Our Stars,5
50,Me Before You,4
50,Superbad,4
50,The Hangover,4
50,Bridesmaids,4
50,Step Brothers,4
50,Anchorman,4
50,Wedding Crashers,4
50,Mean Girls,3
50,21 Jump Street,3
50,Tropic Thunder,4
50,The Conjuring,3
50,Get Out,3
50,A Quiet Place,1
50,It,2
50,The Exorcist,3
50,The Shining,4
50,Halloween,4
50,Scream,3
51,The Shawshank Redemption,2
51,The Godfather,3
51,The Dark Knight,3
51,Pulp Fiction,3
51,The Matrix,3
51,Goodfellas,3
51,Se7en,3
51,The Usual Suspects,2
51,Gladiator,1
51,Saving Private Ryan,2
51,The Green Mile,1
51,Schindler's List,3
51,Braveheart,2
51,The Departed,3
51,The Prestige,3
51,Memento,2
51,Django Unchained,3
51,Toy Story,4
51,Inside Out,3
51,Frozen,3
51,Coco,3
51,Titanic,2
51,Avatar,3
51,The Avengers,3
51,Iron Man,3
51,Spider-Man,1
51,Batman Begins,3
51,Wonder Woman,1
51,Black Panther,3
51,Guardians of the Galaxy,2
51,The Notebook,1
51,Pride and Prejudice,4
51,La La Land,4
51,A Star Is Born,5
51,Crazy Rich Asians,4
51,The Fault in Our Stars,4
51,Me Before You,4
51,Superbad,5
51,The Hangover,5
51,Bridesmaids,4
51,Step Brothers,5
51,Anchorman,2
51,Wedding Crashers,5
51,Mean Girls,4
51,21 Jump Street,3
51,Tropic Thunder,4
51,The Conjuring,4
51,Get Out,3
51,A Quiet Place,3
51,It,2
51,Hereditary,3
51,The Exorcist,2
51,The Shining,3
51,Halloween,1
51,Scream,2
51,Nightmare on Elm Street,3
52,The Shawshank Redemption,4
52,The Godfather,3
52,The Dark Knight,3
52,Pulp Fiction,3
52,Forrest Gump,3
52,Fight Club,3
52,Inception,4
52,The Silence of the Lambs,4
52,Se7en,3
52,Gladiator,3
52,Saving Private Ryan,2
52,Braveheart,4
52,The Departed,1
52,The Prestige,3
52,Memento,2
52,Django Unchained,2
52,The Lion King,3
52,Finding Nemo,3
52,Up,3
52,Frozen,3
52,Coco,3
52,Monsters Inc,4
52,Avatar,3
52,Batman Begins,3
52,Black Panther,2
52,The Notebook,1
52,Pride and Prejudice,5
52,La La Land,4
52,A Star Is Born,4
52,Crazy Rich Asians,5
52,The Fault in Our Stars,4
52,Me Before You,4
52,Superbad,4
52,The Hangover,5
52,Bridesmaids,4
52,Step Brothers,4
52,Anchorman,5
52,Wedding Crashers,4
52,Mean Girls,4
52,21 Jump Street,4
52,Tropic Thunder,4
52,Get Out,1
52,A Quiet Place,3
52,The Exorcist,3
52,Halloween,2
52,Scream,3
53,The Godfather,3
53,The Dark Knight,2
53,Pulp Fiction,4
53,Forrest Gump,3
53,Fight Club,2
53,Inception,3
53,Se7en,4
53,The Usual Suspects,3
53,Gladiator,2
53,Saving Private Ryan,1
53,Schindler's List,3
53,Braveheart,3
53,Interstellar,3
53,The Prestige,3
53,Memento,4
53,Django Unchained,4
53,The Lion King,3
53,Up,3
53,Inside Out,3
53,Moana,1
53,Coco,2
53,WALL-E,2
53,Titanic,4
53,The Avengers,3
53,Iron Man,4
53,Spider-Man,3
53,Batman Begins,3
53,Black Panther,3
53,Guardians of the Galaxy,3
53,The Notebook,3
53,Pride and Prejudice,5
53,La La Land,5
53,A Star Is Born,5
53,Crazy Rich Asians,3
53,The Fault in Our Stars,3
53,Me Before You,4
53,Superbad,4
53,The Hangover,5
53,Bridesmaids,3
53,Step Brothers,4
53,Anchorman,3
53,Wedding Crashers,4
53,Mean Girls,4
53,21 Jump Street,4
53,Tropic Thunder,4
53,The Conjuring,1
53,Get Out,2
53,A Quiet Place,3
53,It,3
53,Hereditary,3
53,The Exorcist,3
53,The Shining,3
53,Halloween,3
53,Scream,3
53,Nightmare on Elm Street,3
54,The Shawshank Redemption,3
54,The Dark Knight,2
54,Pulp Fiction,3
54,The Matrix,4
54,Goodfellas,3
54,Fight Club,4
54,Inception,2
54,The Silence of the Lambs,3
54,Se7en,5
54,The Usual Suspects,3
54,Gladiator,2
54,Saving Private Ryan,3
54,The Green Mile,3
54,Schindler's List,2
54,Braveheart,3
54,The Departed,1
54,The Prestige,2
54,Memento,2
54,Django Unchained,1
54,The Lion King,3
54,Toy Story,3
54,Up,3
54,Inside Out,3
54,Frozen,2
54,Moana,3
54,Coco,3
54,WALL-E,3
54,Monsters Inc,4
54,Titanic,1
54,Avatar,3
54,The Avengers,2
54,Iron Man,3
54,Spider-Man,1
54,Batman Begins,5
54,Wonder Woman,5
54,Black Panther,2
54,The Notebook,1
54,La La Land,3
54,A Star Is Born,4
54,Crazy Rich Asians,2
54,Me Before You,2
54,The Hangover,4
54,Bridesmaids,4
54,Step Brothers,5
54,Anchorman,5
54,Wedding Crashers,4
54,Mean Girls,4
54,21 Jump Street,4
54,Tropic Thunder,5
54,The Conjuring,5
54,Get Out,4
54,A Quiet Place,4
54,It,4
54,Hereditary,3
54,The Exorcist,4
54,The Shining,4
54,Halloween,4
54,Scream,3
54,Nightmare on Elm Street,4
55,The Godfather,3
55,The Dark Knight,1
55,Pulp Fiction,2
55,The Matrix,3
55,Goodfellas,2
55,Inception,2
55,Gladiator,4
55,Saving Private Ryan,3
55,The Departed,4
55,Interstellar,3
55,The Prestige,4
55,Memento,1
55,Django Unchained,1
55,The Lion King,3
55,Toy Story,4
55,Inside Out,3
55,Frozen,3
55,Moana,3
55,Coco,3
55,WALL-E,2
55,Monsters Inc,4
55,Titanic,5
55,Avatar,5
55,The Avengers,4
55,Iron Man,4
55,Spider-Man,4
55,Batman Begins,4
55,Wonder Woman,4
55,Black Panther,4
55,Guardians of the Galaxy,4
55,The Notebook,5
55,Pride and Prejudice,3
55,La La Land,4
55,A Star Is Born,4
55,Crazy Rich Asians,5
55,The Fault in Our Stars,5
55,Me Before You,4
55,Superbad,3
55,The Hangover,4
55,Bridesmaids,3
55,Step Brothers,3
55,Mean Girls,5
55,21 Jump Street,3
55,Tropic Thunder,3
55,The Conjuring,1
55,Get Out,3
55,A Quiet Place,2
55,It,4
55,Hereditary,3
55,The Exorcist,2
55,Halloween,2
55,Nightmare on Elm Street,3
56,The Shawshank Redemption,5
56,The Godfather,4
56,The Dark Knight,5
56,Pulp Fiction,4
56,Forrest Gump,4
56,The Matrix,4
56,Goodfellas,5
56,Fight Club,4
56,Inception,3
56,The Silence of the Lambs,4
56,Se7en,5
56,The Usual Suspects,4
56,Gladiator,4
56,Saving Private Ryan,4
56,The Green Mile,4
56,Schindler's List,4
56,Braveheart,5
56,The Departed,4
56,Interstellar,5
56,The Prestige,4
56,Memento,4
56,Django Unchained,5
56,The Lion King,4
56,Toy Story,5
56,Finding Nemo,4
56,Up,3
56,Inside Out,3
56,Frozen,4
56,Moana,5
56,Coco,4
56,WALL-E,4
56,Monsters Inc,4
56,Batman Begins,3
56,Wonder Woman,3
56,Pride and Prejudice,3
56,Crazy Rich Asians,4
56,The Fault in Our Stars,2
56,Superbad,3
56,The Hangover,2
56,21 Jump Street,4
56,Tropic Thunder,3
56,The Conjuring,3
56,It,3
56,Hereditary,2
56,Halloween,3
57,The Shawshank Redemption,3
57,The Godfather,1
57,The Dark Knight,3
57,Pulp Fiction,3
57,Forrest Gump,4
57,Goodfellas,1
57,Inception,3
57,The Silence of the Lambs,2
57,The Usual Suspects,3
57,Gladiator,3
57,Saving Private Ryan,3
57,The Green Mile,3
57,The Departed,3
57,Interstellar,1
57,The Prestige,3
57,Memento,3
57,Django Unchained,4
57,The Lion King,3
57,Toy Story,3
57,Finding Nemo,3
57,Up,3
57,Inside Out,3
57,Moana,1
57,Coco,2
57,Monsters Inc,3
57,Titanic,3
57,The Avengers,2
57,Iron Man,3
57,Spider-Man,2
57,Batman Begins,3
57,Black Panther,2
57,Pride and Prejudice,5
57,La La Land,4
57,A Star Is Born,3
57,Crazy Rich Asians,3
57,The Fault in Our Stars,4
57,Me Before You,4
57,Superbad,4
57,The Hangover,4
57,Bridesmaids,4
57,Step Brothers,4
57,Anchorman,5
57,Wedding Crashers,4
57,Mean Girls,4
57,21 Jump Street,5
57,Tropic Thunder,4
57,Get Out,4
57,A Quiet Place,3
57,It,3
57,Hereditary,3
57,The Exorcist,3
57,The Shining,3
57,Scream,1
57,Nightmare on Elm Street,1
58,The Shawshank Redemption,3
58,The Godfather,4
58,The Dark Knight,3
58,Forrest Gump,2
58,Goodfellas,3
58,The Usual Suspects,2
58,Saving Private Ryan,2
58,Schindler's List,3
58,The Departed,2
58,Interstellar,2
58,Memento,4
58,The Lion King,3
58,Toy Story,3
58,Finding Nemo,3
58,Up,4
58,Inside Out,3
58,Frozen,5
58,Moana,4
58,Coco,4
58,WALL-E,4
58,Monsters Inc,4
58,Titanic,4
58,Avatar,4
58,The Avengers,5
58,Iron Man,4
58,Spider-Man,4
58,Batman Begins,4
58,Wonder Woman,3
58,Black Panther,4
58,Guardians of the Galaxy,4
58,The Notebook,5
58,Pride and Prejudice,3
58,La La Land,2
58,A Star Is Born,3
58,Crazy Rich Asians,3
58,The Fault in Our Stars,3
58,Me Before You,3
58,Superbad,3
58,The Hangover,3
58,Anchorman,2
58,Wedding Crashers,1
58,Mean Girls,4
58,21 Jump Street,3
58,The Conjuring,2
58,It,3
58,Hereditary,3
58,The Shining,2
58,Halloween,3
58,Nightmare on Elm Street,3
59,The Godfather,3
59,The Dark Knight,3
59,Forrest Gump,3
59,Fight Club,2
59,Inception,2
59,The Silence of the Lambs,2
59,Se7en,2
59,The Usual Suspects,2
59,Saving Private Ryan,3
59,The Green Mile,2
59,Schindler's List,2
59,Interstellar,3
59,Memento,3
59,Django Unchained,2
59,The Lion King,2
59,Up,3
59,Frozen,3
59,Moana,2
59,Spider-Man,2
59,Black Panther,1
59,Pride and Prejudice,4
59,La La Land,4
59,A Star Is Born,3
59,Crazy Rich Asians,4
59,The Fault in Our Stars,5
59,Me Before You,4
59,Superbad,4
59,The Hangover,4
59,Bridesmaids,3
59,Step Brothers,4
59,Anchorman,4
59,Wedding Crashers,5
59,Mean Girls,5
59,21 Jump Street,4
59,Tropic Thunder,4
59,Get Out,3
59,A Quiet Place,2
59,Hereditary,4
59,The Shining,1
59,Scream,2
60,The Godfather,3
60,The Dark Knight,1
60,Forrest Gump,3
60,The Matrix,2
60,Fight Club,3
60,The Silence of the Lambs,1
60,Se7en,3
60,The Usual Suspects,3
60,Gladiator,3
60,Saving Private Ryan,3
60,The Green Mile,3
60,Braveheart,4
60,The Departed,3
60,The Prestige,3
60,Memento,3
60,Django Unchained,3
60,The Lion King,5
60,Toy Story,5
60,Finding Nemo,2
60,Up,4
60,Inside Out,5
60,Frozen,4
60,Moana,4
60,Coco,4
60,WALL-E,3
60,Monsters Inc,5
60,Titanic,4
60,Avatar,4
60,The Avengers,4
60,Iron Man,3
60,Spider-Man,4
60,Batman Begins,5
60,Wonder Woman,4
60,Black Panther,4
60,Guardians of the Galaxy,4
60,The Notebook,5
60,Pride and Prejudice,3
60,La La Land,3
60,A Star Is Born,3
60,The Fault in Our Stars,3
60,Superbad,3
60,The Hangover,1
60,Bridesmaids,3
60,Step Brothers,3
60,Anchorman,4
60,Wedding Crashers,3
60,Mean Girls,3
60,21 Jump Street,3
60,Tropic Thunder,3
60,The Conjuring,3
60,Get Out,3
60,It,3
60,Hereditary,3
60,The Exorcist,3
60,Scream,2
60,Nightmare on Elm Street,1
61,The Shawshank Redemption,2
61,The Dark Knight,1
61,Pulp Fiction,3
61,Goodfellas,4
61,Fight Club,2
61,The Usual Suspects,4
61,The Green Mile,3
61,Schindler's List,3
61,Braveheart,3
61,Memento,3
61,The Lion King,4
61,Toy Story,4
61,Finding Nemo,4
61,Up,3
61,Inside Out,5
61,Frozen,3
61,Moana,3
61,Coco,4
61,WALL-E,4
61,Monsters Inc,4
61,Titanic,5
61,Avatar,5
61,The Avengers,4
61,Iron Man,4
61,Spider-Man,5
61,Batman Begins,3
61,Wonder Woman,4
61,Black Panther,4
61,Guardians of the Galaxy,4
61,The Notebook,4
61,Pride and Prejudice,3
61,Crazy Rich Asians,2
61,Me Before You,2
61,Superbad,3
61,The Hangover,3
61,Step Brothers,2
61,Wedding Crashers,3
61,21 Jump Street,3
61,Get Out,1
61,A Quiet Place,3
61,It,2
61,Hereditary,3
61,The Exorcist,4
61,Scream,2
61,Nightmare on Elm Street,2
62,The Shawshank Redemption,2
62,The Godfather,4
62,Pulp Fiction,3
62,The Matrix,3
62,Goodfellas,2
62,Fight Club,3
62,The Silence of the Lambs,3
62,Se7en,3
62,The Usual Suspects,2
62,The Green Mile,2
62,Schindler's List,3
62,Braveheart,3
62,Interstellar,3
62,Memento,3
62,Django Unchained,3
62,The Lion King,3
62,Toy Story,2
62,Finding Nemo,3
62,Moana,3
62,WALL-E,3
62,Monsters Inc,1
62,Avatar,3
62,Iron Man,3
62,Batman Begins,2
62,Pride and Prejudice,5
62,La La Land,5
62,A Star Is Born,3
62,Crazy Rich Asians,3
62,The Fault in Our Stars,4
62,Me Before You,4
62,Superbad,4
62,The Hangover,4
62,Bridesmaids,4
62,Step Brothers,3
62,Anchorman,4
62,Wedding Crashers,4
62,Mean Girls,4
62,21 Jump Street,5
62,Tropic Thunder,5
62,Get Out,3
62,A Quiet Place,3
62,It,3
62,The Exorcist,2
62,The Shining,1
62,Halloween,2
63,The Shawshank Redemption,3
63,The Dark Knight,3
63,Pulp Fiction,3
63,Forrest Gump,3
63,The Matrix,3
63,Goodfellas,4
63,The Silence of the Lambs,2
63,Se7en,3
63,The Usual Suspects,4
63,Gladiator,3
63,Saving Private Ryan,2
63,The Green Mile,2
63,Braveheart,4
63,Interstellar,3
63,The Prestige,1
63,Memento,1
63,The Lion King,3
63,Finding Nemo,3
63,Up,3
63,Moana,3
63,Coco,2
63,Titanic,5
63,Avatar,3
63,Wonder Woman,4
63,Guardians of the Galaxy,3
63,The Notebook,3
63,Pride and Prejudice,3
63,La La Land,3
63,Crazy Rich Asians,2
63,The Fault in Our Stars,3
63,Me Before You,1
63,Superbad,4
63,The Hangover,5
63,Bridesmaids,4
63,Step Brothers,4
63,Anchorman,4
63,Wedding Crashers,4
63,Mean Girls,4
63,21 Jump Street,4
63,Tropic Thunder,5
63,The Conjuring,5
63,Get Out,5
63,A Quiet Place,4
63,It,4
63,Hereditary,5
63,The Exorcist,4
63,The Shining,4
63,Halloween,4
63,Scream,4
63,Nightmare on Elm Street,4
64,Pulp Fiction,3
64,The Matrix,3
64,Fight Club,2
64,Inception,3
64,The Silence of the Lambs,2
64,Memento,3
64,Django Unchained,3
64,The Lion King,3
64,Toy Story,4
64,Finding Nemo,5
64,Up,4
64,Inside Out,4
64,Frozen,5
64,Moana,4
64,Coco,4
64,WALL-E,4
64,Monsters Inc,3
64,Titanic,4
64,Avatar,5
64,The Avengers,4
64,Iron Man,4
64,Spider-Man,3
64,Batman Begins,3
64,Wonder Woman,3
64,Black Panther,3
64,Guardians of the Galaxy,3
64,The Notebook,3
64,Pride and Prejudice,3
64,A Star Is Born,3
64,The Fault in Our Stars,2
64,Step Brothers,4
64,Wedding Crashers,4
64,Mean Girls,4
64,21 Jump Street,1
64,The Conjuring,2
64,A Quiet Place,3
64,It,2
64,Hereditary,2
64,Nightmare on Elm Street,2
65,The Shawshank Redemption,3
65,The Godfather,3
65,The Dark Knight,3
65,Pulp Fiction,1
65,Goodfellas,4
65,Fight Club,3
65,Inception,3
65,The Silence of the Lambs,3
65,The Usual Suspects,1
65,Gladiator,3
65,Schindler's List,4
65,Braveheart,3
65,The Departed,3
65,Interstellar,3
65,The Prestige,2
65,Memento,1
65,Django Unchained,4
65,The Lion King,5
65,Toy Story,5
65,Finding Nemo,4
65,Up,4
65,Inside Out,5
65,Frozen,4
65,Moana,3
65,Coco,4
65,WALL-E,4
65,Monsters Inc,4
65,Titanic,3
65,Avatar,4
65,The Avengers,5
65,Iron Man,3
65,Spider-Man,4
65,Batman Begins,3
65,Wonder Woman,4
65,Black Panther,4
65,Guardians of the Galaxy,4
65,The Notebook,4
65,La La Land,2
65,A Star Is Born,1
65,Crazy Rich Asians,3
65,The Fault in Our Stars,3
65,Me Before You,2
65,Superbad,4
65,The Hangover,3
65,Bridesmaids,1
65,Step Brothers,4
65,Anchorman,4
65,Wedding Crashers,4
65,Mean Girls,2
65,21 Jump Street,2
65,Get Out,3
65,It,3
65,Hereditary,3
65,The Exorcist,3
65,The Shining,3
65,Nightmare on Elm Street,4
66,The Godfather,3
66,The Dark Knight,4
66,Pulp Fiction,3
66,Forrest Gump,3
66,The Matrix,2
66,Fight Club,3
66,Inception,3
66,The Silence of the Lambs,3
66,Se7en,2
66,The Usual Suspects,3
66,Gladiator,2
66,Saving Private Ryan,3
66,The Green Mile,3
66,Schindler's List,3
66,Braveheart,3
66,The Departed,3
66,Interstellar,3
66,The Prestige,1
66,Django Unchained,3
66,The Lion King,1
66,Toy Story,3
66,Inside Out,3
66,Frozen,3
66,Moana,3
66,Coco,2
66,Monsters Inc,1
66,The Notebook,3
66,Pride and Prejudice,4
66,La La Land,4
66,A Star Is Born,4
66,Crazy Rich Asians,4
66,The Fault in Our Stars,5
66,Me Before You,4
66,Superbad,4
66,The Hangover,5
66,Bridesmaids,4
66,Step Brothers,4
66,Anchorman,5
66,Wedding Crashers,5
66,Mean Girls,5
66,21 Jump Street,4
66,Tropic Thunder,4
66,Get Out,1
66,Hereditary,3
66,The Exorcist,3
66,Halloween,4
66,Scream,3
66,Nightmare on Elm Street,3
67,The Shawshank Redemption,4
67,The Godfather,3
67,Pulp Fiction,2
67,Forrest Gump,3
67,The Matrix,2
67,Se7en,4
67,Gladiator,3
67,The Green Mile,2
67,The Lion King,2
67,Toy Story,5
67,Finding Nemo,4
67,Up,5
67,Inside Out,4
67,Frozen,3
67,Moana,4
67,Coco,4
67,WALL-E,4
67,Monsters Inc,5
67,Titanic,5
67,Avatar,4
67,The Avengers,3
67,Iron Man,4
67,Spider-Man,4
67,Batman Begins,4
67,Wonder Woman,4
67,Black Panther,4
67,Guardians of the Galaxy,4
67,The Notebook,4
67,Crazy Rich Asians,3
67,The Fault in Our Stars,2
67,Me Before You,3
67,Bridesmaids,2
67,Mean Girls,2
67,Tropic Thunder,3
67,It,1
67,The Exorcist,4
67,The Shining,3
67,Halloween,5
67,Scream,3
67,Nightmare on Elm Street,3
68,The Godfather,2
68,Forrest Gump,3
68,The Matrix,3
68,The Silence of the Lambs,2
68,The Usual Suspects,2
68,The Prestige,3
68,The Lion King,4
68,Toy Story,4
68,Finding Nemo,5
68,Up,5
68,Inside Out,4
68,Frozen,4
68,Moana,5
68,Coco,4
68,WALL-E,3
68,Monsters Inc,4
68,Titanic,5
68,Avatar,5
68,The Avengers,4
68,Iron Man,4
68,Spider-Man,4
68,Batman Begins,4
68,Wonder Woman,5
68,Black Panther,5
68,Guardians of the Galaxy,4
68,The Notebook,4
68,Pride and Prejudice,2
68,La La Land,1
68,The Hangover,3
68,Bridesmaids,2
68,Anchorman,3
68,The Conjuring,3
68,A Quiet Place,3
68,The Shining,3
69,Pulp Fiction,3
69,Forrest Gump,3
69,The Matrix,3
69,Goodfellas,3
69,Braveheart,3
69,The Departed,2
69,Interstellar,3
69,WALL-E,3
69,Monsters Inc,3
69,Titanic,3
69,Spider-Man,3
69,Batman Begins,2
69,Pride and Prejudice,4
69,La La Land,3
69,A Star Is Born,5
69,The Fault in Our Stars,3
69,Me Before You,5
69,Superbad,4
69,The Hangover,5
69,Bridesmaids,5
69,Step Brothers,4
69,Anchorman,4
69,Wedding Crashers,4
69,Mean Girls,3
69,21 Jump Street,5
69,Tropic Thunder,5
69,The Conjuring,2
69,A Quiet Place,4
69,It,2
69,The Exorcist,1
69,Halloween,2
70,The Dark Knight,1
70,Pulp Fiction,3
70,The Matrix,3
70,Goodfellas,3
70,Fight Club,3
70,Inception,2
70,The Usual Suspects,3
70,Saving Private Ryan,3
70,The Lion King,3
70,Toy Story,3
70,Inside Out,3
70,Frozen,2
70,Moana,2
70,Coco,3
70,Monsters Inc,3
70,Avatar,3
70,The Avengers,4
70,Batman Begins,2
70,The Notebook,1
70,Pride and Prejudice,4
70,La La Land,4
70,A Star Is Born,4
70,Crazy Rich Asians,4
70,The Fault in Our Stars,3
70,Me Before You,3
70,Superbad,5
70,The Hangover,4
70,Bridesmaids,4
70,Step Brothers,4
70,Anchorman,4
70,Wedding Crashers,4
70,Mean Girls,4
70,21 Jump Street,5
70,Tropic Thunder,4
70,The Conjuring,4
70,A Quiet Place,3
70,It,1
70,The Exorcist,2
70,The Shining,3
70,Scream,3
70,Nightmare on Elm Street,3
71,The Shawshank Redemption,5
71,The Godfather,4
71,The Dark Knight,4
71,Pulp Fiction,4
71,The Matrix,4
71,Goodfellas,4
71,Fight Club,4
71,Inception,4
71,The Silence of the Lambs,4
71,Se7en,5
71,The Usual Suspects,4
71,Gladiator,4
71,Saving Private Ryan,5
71,The Green Mile,5
71,Schindler's List,4
71,Braveheart,4
71,Interstellar,4
71,The Prestige,5
71,Memento,4
71,The Lion King,4
71,Toy Story,3
71,Finding Nemo,4
71,Up,4
71,Inside Out,3
71,Frozen,5
71,Moana,4
71,Coco,4
71,WALL-E,3
71,Monsters Inc,4
71,Titanic,3
71,Spider-Man,3
71,Batman Begins,3
71,The Notebook,3
71,A Star Is Born,3
71,Me Before You,2
71,Bridesmaids,3
71,Step Brothers,1
71,The Conjuring,2
71,A Quiet Place,4
71,It,3
71,The Shining,2
71,Halloween,5
71,Nightmare on Elm Street,2
72,Forrest Gump,2
72,Fight Club,3
72,Inception,4
72,The Silence of the Lambs,3
72,Gladiator,3
72,The Green Mile,3
72,Schindler's List,3
72,Braveheart,4
72,The Departed,3
72,The Prestige,3
72,Memento,1
72,Toy Story,3
72,Finding Nemo,2
72,Frozen,3
72,Moana,4
72,Titanic,3
72,The Avengers,3
72,Spider-Man,1
72,Batman Begins,3
72,Wonder Woman,3
72,Guardians of the Galaxy,4
72,The Notebook,4
72,Pride and Prejudice,4
72,A Star Is Born,3
72,The Hangover,4
72,Bridesmaids,4
72,Step Brothers,5
72,Anchorman,4
72,Wedding Crashers,3
72,Mean Girls,5
72,21 Jump Street,4
72,Tropic Thunder,4
72,The Conjuring,4
72,Get Out,4
72,A Quiet Place,4
72,It,4
72,Hereditary,4
72,The Exorcist,4
72,The Shining,4
72,Halloween,5
72,Scream,5
72,Nightmare on Elm Street,4
73,Gladiator,3
73,Saving Private Ryan,3
73,Schindler's List,4
73,Braveheart,1
73,The Departed,4
73,The Lion King,2
73,Toy Story,2
73,Up,3
73,Frozen,3
73,Coco,2
73,The Avengers,3
73,Iron Man,3
73,Spider-Man,3
73,Wonder Woman,3
73,Pride and Prejudice,5
73,La La Land,3
73,Crazy Rich Asians,3
73,Me Before You,3
73,The Hangover,4
73,Bridesmaids,4
73,Step Brothers,4
73,Anchorman,3
73,Wedding Crashers,5
73,Mean Girls,4
73,21 Jump Street,5
73,Tropic Thunder,4
73,The Conjuring,5
73,Get Out,5
73,A Quiet Place,5
73,It,4
73,Hereditary,4
73,The Exorcist,3
73,The Shining,4
73,Halloween,4
73,Scream,4
73,Nightmare on Elm Street,5
74,The Shawshank Redemption,4
74,The Godfather,3
74,The Dark Knight,2
74,Pulp Fiction,3
74,Forrest Gump,3
74,Goodfellas,1
74,Inception,2
74,The Silence of the Lambs,2
74,Se7en,3
74,The Usual Suspects,3
74,Gladiator,3
74,Saving Private Ryan,3
74,Schindler's List,3
74,Braveheart,3
74,The Departed,3
74,The Prestige,1
74,Memento,3
74,Django Unchained,3
74,The Lion King,3
74,Toy Story,4
74,Finding Nemo,4
74,Up,3
74,Inside Out,3
74,Frozen,4
74,Moana,4
74,Coco,5
74,WALL-E,4
74,Monsters Inc,4
74,Titanic,5
74,Avatar,5
74,The Avengers,4
74,Iron Man,5
74,Spider-Man,4
74,Batman Begins,4
74,Wonder Woman,4
74,Black Panther,4
74,Guardians of the Galaxy,4
74,The Notebook,4
74,Pride and Prejudice,3
74,La La Land,3
74,Crazy Rich Asians,4
74,The Fault in Our Stars,3
74,Me Before You,4
74,Superbad,3
74,The Hangover,3
74,Step Brothers,2
74,Anchorman,3
74,Mean Girls,3
74,21 Jump Street,2
74,Tropic Thunder,1
74,The Conjuring,4
74,Get Out,4
74,A Quiet Place,3
74,It,3
74,Hereditary,3
74,The Exorcist,3
74,The Shining,4
74,Halloween,3
74,Nightmare on Elm Street,3
75,The Shawshank Redemption,3
75,The Dark Knight,2
75,Pulp Fiction,2
75,Forrest Gump,2
75,Goodfellas,2
75,Fight Club,3
75,Inception,4
75,The Silence of the Lambs,2
75,Se7en,3
75,The Usual Suspects,3
75,Gladiator,2
75,Saving Private Ryan,3
75,Braveheart,4
75,Interstellar,4
75,Memento,2
75,Django Unchained,3
75,Toy Story,3
75,Inside Out,1
75,Moana,3
75,Coco,4
75,WALL-E,3
75,Monsters Inc,3
75,Titanic,5
75,Avatar,2
75,The Avengers,2
75,Iron Man,2
75,Wonder Woman,3
75,Guardians of the Galaxy,3
75,Pride and Prejudice,1
75,La La Land,2
75,A Star Is Born,3
75,Me Before You,3
75,Superbad,2
75,The Hangover,4
75,Bridesmaids,4
75,Step Brothers,4
75,Anchorman,5
75,Wedding Crashers,4
75,Mean Girls,4
75,21 Jump Street,5
75,Tropic Thunder,5
75,The Conjuring,5
75,Get Out,4
75,A Quiet Place,4
75,It,4
75,Hereditary,5
75,The Exorcist,5
75,The Shining,3
75,Halloween,4
75,Scream,5
75,Nightmare on Elm Street,5
76,The Shawshank Redemption,1
76,The Dark Knight,3
76,Pulp Fiction,3
76,Fight Club,4
76,Inception,3
76,The Silence of the Lambs,3
76,Se7en,3
76,The Usual Suspects,2
76,Gladiator,3
76,The Green Mile,3
76,Braveheart,2
76,The Departed,3
76,Interstellar,3
76,Memento,2
76,The Lion King,4
76,Toy Story,5
76,Finding Nemo,5
76,Up,4
76,Inside Out,4
76,Frozen,2
76,Moana,4
76,Coco,4
76,WALL-E,3
76,Monsters Inc,4
76,Titanic,4
76,Avatar,3
76,The Avengers,4
76,Iron Man,4
76,Spider-Man,4
76,Batman Begins,5
76,Wonder Woman,4
76,Black Panther,5
76,Guardians of the Galaxy,3
76,The Notebook,4
76,Pride and Prejudice,3
76,The Fault in Our Stars,2
76,Me Before You,4
76,Superbad,3
76,The Hangover,3
76,Bridesmaids,3
76,Step Brothers,3
76,Anchorman,1
76,Wedding Crashers,4
76,Mean Girls,2
76,Tropic Thunder,3
76,The Conjuring,3
76,Get Out,3
76,It,3
76,Halloween,3
76,Nightmare on Elm Street,2
77,The Shawshank Redemption,4
77,The Godfather,4
77,The Dark Knight,4
77,Pulp Fiction,4
77,Forrest Gump,4
77,The Matrix,4
77,Goodfellas,4
77,Fight Club,3
77,Inception,4
77,The Silence of the Lambs,3
77,Se7en,3
77,The Usual Suspects,4
77,Gladiator,4
77,Saving Private Ryan,4
77,The Green Mile,3
77,Schindler's List,5
77,Braveheart,4
77,The Departed,4
77,Interstellar,5
77,The Prestige,5
77,Memento,3
77,Django Unchained,4
77,The Lion King,4
77,Toy Story,3
77,Finding Nemo,5
77,Up,5
77,Inside Out,4
77,Frozen,4
77,Moana,5
77,Coco,4
77,WALL-E,3
77,Monsters Inc,4
77,Titanic,1
77,Iron Man,3
77,Spider-Man,3
77,Batman Begins,2
77,Wonder Woman,1
77,Pride and Prejudice,2
77,A Star Is Born,4
77,Anchorman,2
77,Mean Girls,2
77,21 Jump Street,3
77,Tropic Thunder,2
77,Get Out,2
77,A Quiet Place,2
77,Hereditary,3
77,The Exorcist,2
77,The Shining,2
77,Halloween,1
77,Scream,3
77,Nightmare on Elm Street,2
78,The Godfather,2
78,The Matrix,4
78,Fight Club,2
78,The Silence of the Lambs,2
78,The Usual Suspects,3
78,The Green Mile,3
78,Braveheart,3
78,The Departed,2
78,Memento,2
78,Django Unchained,3
78,Inside Out,4
78,Spider-Man,3
78,Batman Begins,3
78,Wonder Woman,2
78,Pride and Prejudice,4
78,La La Land,4
78,A Star Is Born,4
78,Crazy Rich Asians,3
78,The Fault in Our Stars,4
78,Me Before You,4
78,Superbad,5
78,The Hangover,5
78,Bridesmaids,5
78,Step Brothers,4
78,Anchorman,4
78,Wedding Crashers,4
78,Mean Girls,4
78,21 Jump Street,5
78,Tropic Thunder,4
78,Get Out,1
78,Hereditary,3
78,Nightmare on Elm Street,2
79,The Shawshank Redemption,4
79,The Godfather,2
79,Forrest Gump,2
79,Goodfellas,1
79,Se7en,2
79,Schindler's List,4
79,Memento,1
79,Django Unchained,1
79,The Lion King,3
79,Finding Nemo,2
79,Up,3
79,Frozen,2
79,Moana,3
79,WALL-E,4
79,Monsters Inc,2
79,Avatar,2
79,Iron Man,3
79,The Notebook,1
79,Pride and Prejudice,4
79,La La Land,4
79,A Star Is Born,4
79,Crazy Rich Asians,5
79,The Fault in Our Stars,5
79,Me Before You,5
79,Superbad,5
79,The Hangover,4
79,Bridesmaids,3
79,Step Brothers,5
79,Anchorman,4
79,Wedding Crashers,4
79,Mean Girls,4
79,21 Jump Street,5
79,Tropic Thunder,5
79,A Quiet Place,2
79,Hereditary,3
79,The Exorcist,1
79,Scream,1
79,Nightmare on Elm Street,3
80,The Matrix,3
80,Inception,1
80,The Silence of the Lambs,3
80,The Usual Suspects,4
80,Saving Private Ryan,3
80,The Green Mile,3
80,Interstellar,3
80,The Lion King,3
80,Toy Story,3
80,Finding Nemo,3
80,Inside Out,4
80,Moana,3
80,Coco,3
80,Titanic,2
80,The Notebook,3
80,Pride and Prejudice,4
80,La La Land,5
80,A Star Is Born,4
80,Crazy Rich Asians,5
80,The Fault in Our Stars,3
80,Me Before You,5
80,Superbad,4
80,The Hangover,4
80,Bridesmaids,5
80,Step Brothers,4
80,Anchorman,4
80,Wedding Crashers,4
80,Mean Girls,4
80,21 Jump Street,4
80,Tropic Thunder,4
80,The Conjuring,3
80,A Quiet Place,3
80,It,3
80,The Exorcist,4
80,Halloween,3
80,Scream,2
81,The Shawshank Redemption,3
81,The Dark Knight,1
81,The Matrix,2
81,Inception,3
81,The Silence of the Lambs,2
81,Se7en,2
81,Saving Private Ryan,3
81,Interstellar,3
81,Django Unchained,3
81,The Lion King,2
81,Toy Story,3
81,Up,3
81,Moana,3
81,Titanic,3
81,Iron Man,2
81,Spider-Man,1
81,Batman Begins,4
81,Guardians of the Galaxy,3
81,The Notebook,3
81,A Star Is Born,2
81,The Fault in Our Stars,2
81,The Hangover,5
81,Bridesmaids,4
81,Step Brothers,4
81,Anchorman,4
81,Wedding Crashers,4
81,Mean Girls,3
81,21 Jump Street,4
81,Tropic Thunder,4
81,The Conjuring,4
81,Get Out,3
81,A Quiet Place,4
81,It,5
81,Hereditary,4
81,The Exorcist,4
81,The Shining,4
81,Halloween,4
81,Scream,4
81,Nightmare on Elm Street,5
82,The Shawshank Redemption,4
82,The Godfather,3
82,The Dark Knight,4
82,Pulp Fiction,4
82,Forrest Gump,4
82,The Matrix,4
82,Goodfellas,3
82,Fight Club,5
82,Inception,4
82,The Silence of the Lambs,3
82,Se7en,5
82,The Usual Suspects,4
82,Gladiator,4
82,Saving Private Ryan,4
82,The Green Mile,4
82,Schindler's List,4
82,Braveheart,5
82,The Departed,3
82,Interstellar,4
82,The Prestige,4
82,Memento,4
82,Django Unchained,5
82,The Lion King,4
82,Toy Story,4
82,Finding Nemo,4
82,Up,4
82,Inside Out,3
82,Frozen,5
82,Moana,4
82,Coco,4
82,WALL-E,4
82,Monsters Inc,4
82,Titanic,1
82,Avatar,3
82,The Avengers,1
82,Spider-Man,2
82,Black Panther,2
82,Guardians of the Galaxy,1
82,The Notebook,4
82,La La Land,3
82,A Star Is Born,3
82,Crazy Rich Asians,3
82,Me Before You,2
82,Superbad,1
82,The Hangover,2
82,Step Brothers,2
82,Anchorman,2
82,21 Jump Street,2
82,Tropic Thunder,4
82,The Conjuring,4
82,Get Out,3
82,A Quiet Place,4
82,It,3
82,Hereditary,3
82,The Shining,4
82,Halloween,3
82,Scream,3
83,The Godfather,2
83,Forrest Gump,3
83,The Matrix,2
83,Goodfellas,3
83,Fight Club,1
83,Inception,2
83,The Silence of the Lambs,3
83,Se7en,2
83,The Usual Suspects,2
83,Saving Private Ryan,3
83,Schindler's List,1
83,Braveheart,1
83,The Departed,2
83,The Prestige,3
83,Memento,1
83,Django Unchained,3
83,The Lion King,4
83,Finding Nemo,2
83,Up,2
83,Inside Out,3
83,Frozen,2
83,Moana,3
83,Coco,4
83,Monsters Inc,1
83,Titanic,1
83,Avatar,2
83,The Avengers,3
83,Iron Man,3
83,Batman Begins,4
83,Wonder Woman,3
83,Black Panther,4
83,Guardians of the Galaxy,3
83,The Notebook,3
83,Pride and Prejudice,4
83,La La Land,3
83,A Star Is Born,1
83,The Fault in Our Stars,2
83,Me Before You,3
83,The Hangover,4
83,Bridesmaids,5
83,Step Brothers,4
83,Anchorman,4
83,Wedding Crashers,4
83,Mean Girls,4
83,21 Jump Street,4
83,Tropic Thunder,4
83,The Conjuring,4
83,Get Out,3
83,A Quiet Place,5
83,It,4
83,Hereditary,4
83,The Exorcist,4
83,The Shining,4
83,Halloween,5
83,Scream,4
84,The Godfather,3
84,The Dark Knight,2
84,Forrest Gump,2
84,The Matrix,1
84,Goodfellas,2
84,Fight Club,4
84,The Usual Suspects,4
84,Gladiator,3
84,Saving Private Ryan,3
84,The Green Mile,3
84,Schindler's List,3
84,Braveheart,3
84,The Departed,3
84,Interstellar,2
84,Memento,3
84,The Lion King,2
84,Toy Story,2
84,Up,2
84,Frozen,3
84,Moana,3
84,WALL-E,3
84,Avatar,1
84,The Avengers,1
84,Iron Man,3
84,Batman Begins,3
84,Wonder Woman,3
84,Guardians of the Galaxy,3
84,The Notebook,3
84,Pride and Prejudice,1
84,La La Land,3
84,Crazy Rich Asians,4
84,Me Before You,3
84,Superbad,4
84,The Hangover,4
84,Bridesmaids,5
84,Step Brothers,5
84,Anchorman,4
84,Wedding Crashers,4
84,Mean Girls,3
84,21 Jump Street,5
84,Tropic Thunder,4
84,The Conjuring,4
84,Get Out,4
84,A Quiet Place,5
84,It,5
84,Hereditary,4
84,The Exorcist,4
84,The Shining,3
84,Halloween,5
84,Scream,4
84,Nightmare on Elm Street,4
85,The Shawshank Redemption,5
85,The Godfather,4
85,The Dark Knight,4
85,Pulp Fiction,5
85,Forrest Gump,4
85,The Matrix,5
85,Goodfellas,4
85,Fight Club,5
85,Inception,3
85,The Silence of the Lambs,4
85,Se7en,4
85,The Usual Suspects,4
85,Gladiator,4
85,The Green Mile,5
85,Schindler's List,4
85,Braveheart,5
85,The Departed,4
85,Interstellar,4
85,The Prestige,5
85,Memento,4
85,Django Unchained,3
85,The Lion King,4
85,Toy Story,5
85,Finding Nemo,3
85,Up,4
85,Inside Out,4
85,Frozen,4
85,Moana,4
85,Coco,5
85,WALL-E,3
85,Monsters Inc,4
85,Avatar,4
85,Wonder Woman,3
85,Pride and Prejudice,3
85,Crazy Rich Asians,3
85,Step Brothers,3
85,Wedding Crashers,3
85,Mean Girls,1
85,21 Jump Street,2
85,The Exorcist,2
85,Scream,3
86,The Shawshank Redemption,4
86,The Godfather,4
86,Pulp Fiction,4
86,Forrest Gump,4
86,Fight Club,4
86,Inception,3
86,The Silence of the Lambs,4
86,Se7en,5
86,The Usual Suspects,4
86,Gladiator,4
86,Saving Private Ryan,4
86,Braveheart,5
86,Interstellar,5
86,Memento,5
86,Toy Story,5
86,Finding Nemo,5
86,Up,3
86,Frozen,3
86,Moana,4
86,Coco,3
86,WALL-E,4
86,Monsters Inc,3
86,Avatar,3
86,Iron Man,3
86,The Notebook,2
86,La La Land,1
86,Crazy Rich Asians,1
86,The Hangover,2
86,Bridesmaids,3
86,Tropic Thunder,4
86,The Conjuring,2
87,The Shawshank Redemption,4
87,The Godfather,5
87,Pulp Fiction,5
87,Forrest Gump,4
87,The Matrix,4
87,Goodfellas,5
87,Inception,4
87,The Silence of the Lambs,4
87,Se7en,4
87,The Usual Suspects,4
87,Gladiator,4
87,Saving Private Ryan,4
87,The Green Mile,4
87,Schindler's List,3
87,Braveheart,4
87,Interstellar,4
87,The Prestige,4
87,Memento,4
87,Django Unchained,4
87,The Lion King,4
87,Toy Story,4
87,Finding Nemo,5
87,Up,5
87,Inside Out,4
87,Frozen,5
87,Moana,3
87,WALL-E,4
87,Monsters Inc,5
87,The Avengers,4
87,Black Panther,2
87,The Notebook,2
87,A Star Is Born,4
87,Wedding Crashers,2
87,Get Out,3
87,The Exorcist,3
87,Scream,3
88,The Shawshank Redemption,3
88,The Godfather,4
88,The Dark Knight,4
88,Goodfellas,4
88,Fight Club,5
88,Inception,5
88,The Silence of the Lambs,4
88,Se7en,5
88,The Usual Suspects,3
88,Gladiator,4
88,The Green Mile,4
88,Schindler's List,4
88,Braveheart,4
88,The Departed,4
88,Interstellar,4
88,The Prestige,5
88,Memento,5
88,The Lion King,5
88,Toy Story,4
88,Up,4
88,Inside Out,5
88,Frozen,5
88,Moana,4
88,Coco,4
88,WALL-E,5
88,Monsters Inc,4
88,The Avengers,3
88,The Notebook,2
88,Superbad,2
88,Step Brothers,3
89,The Shawshank Redemption,3
89,Forrest Gump,3
89,The Matrix,3
89,Fight Club,3
89,The Usual Suspects,1
89,Schindler's List,3
89,Braveheart,3
89,The Departed,3
89,The Prestige,3
89,Memento,3
89,Up,2
89,Moana,3
89,Coco,3
89,The Avengers,1
89,Black Panther,3
89,Pride and Prejudice,4
89,La La Land,4
89,A Star Is Born,4
89,Crazy Rich Asians,4
89,The Fault in Our Stars,4
89,Me Before You,3
89,Superbad,5
89,The Hangover,4
89,Bridesmaids,3
89,Step Brothers,4
89,Anchorman,4
89,Wedding Crashers,5
89,Mean Girls,5
89,21 Jump Street,5
89,Tropic Thunder,4
89,The Conjuring,2
89,Get Out,2
89,A Quiet Place,3
89,It,3
89,The Exorcist,3
89,Scream,3
89,Nightmare on Elm Street,3
90,The Shawshank Redemption,2
90,Fight Club,2
90,Inception,2
90,The Silence of the Lambs,3
90,The Green Mile,1
90,The Prestige,3
90,Memento,2
90,Django Unchained,3
90,The Lion King,2
90,Finding Nemo,3
90,Up,2
90,Inside Out,2
90,Moana,3
90,Monsters Inc,3
90,Titanic,4
90,Avatar,4
90,The Avengers,4
90,Iron Man,4
90,Spider-Man,4
90,Batman Begins,4
90,Wonder Woman,4
90,Black Panther,5
90,Guardians of the Galaxy,5
90,The Notebook,4
90,Pride and Prejudice,4
90,La La Land,4
90,A Star Is Born,4
90,Crazy Rich Asians,4
90,The Fault in Our Stars,5
90,Me Before You,4
90,Superbad,5
90,The Hangover,3
90,Anchorman,2
90,Mean Girls,4
90,Get Out,1
90,A Quiet Place,3
90,Hereditary,3
90,Scream,2
90,Nightmare on Elm Street,1
91,The Godfather,4
91,The Dark Knight,2
91,Pulp Fiction,3
91,Goodfellas,4
91,Fight Club,3
91,Inception,2
91,The Silence of the Lambs,2
91,Se7en,3
91,The Usual Suspects,3
91,Gladiator,3
91,Schindler's List,3
91,Braveheart,4
91,The Departed,2
91,Interstellar,3
91,The Prestige,3
91,Memento,3
91,The Lion King,3
91,Toy Story,3
91,Finding Nemo,4
91,Inside Out,3
91,Coco,4
91,Monsters Inc,2
91,Titanic,5
91,Avatar,4
91,The Avengers,4
91,Iron Man,5
91,Spider-Man,4
91,Batman Begins,4
91,Wonder Woman,4
91,Black Panther,3
91,Guardians of the Galaxy,4
91,The Notebook,4
91,Pride and Prejudice,4
91,La La Land,4
91,A Star Is Born,3
91,Crazy Rich Asians,5
91,The Fault in Our Stars,5
91,Me Before You,4
91,Superbad,5
91,Bridesmaids,2
91,Step Brothers,5
91,Mean Girls,3
91,21 Jump Street,3
91,Tropic Thunder,2
91,The Conjuring,2
91,Get Out,3
91,It,3
91,The Shining,1
91,Halloween,3
91,Scream,2
91,Nightmare on Elm Street,1
92,The Shawshank Redemption,4
92,The Dark Knight,4
92,Pulp Fiction,4
92,Forrest Gump,4
92,The Matrix,4
92,Goodfellas,4
92,Fight Club,4
92,Inception,5
92,The Silence of the Lambs,4
92,Se7en,4
92,The Usual Suspects,3
92,Gladiator,5
92,Saving Private Ryan,4
92,The Green Mile,4
92,Schindler's List,5
92,Braveheart,4
92,The Departed,4
92,Interstellar,4
92,The Prestige,4
92,Memento,4
92,Django Unchained,4
92,The Lion King,5
92,Toy Story,4
92,Finding Nemo,3
92,Up,5
92,Inside Out,5
92,Frozen,4
92,Coco,4
92,Monsters Inc,3
92,Spider-Man,3
92,The Notebook,3
92,A Star Is Born,3
92,Superbad,1
92,The Hangover,3
92,Anchorman,3
92,The Exorcist,2
92,Halloween,3
92,Scream,1
93,The Godfather,2
93,The Dark Knight,3
93,The Matrix,3
93,Fight Club,3
93,The Silence of the Lambs,1
93,Se7en,4
93,The Usual Suspects,2
93,Saving Private Ryan,2
93,Schindler's List,3
93,The Departed,4
93,Interstellar,4
93,The Prestige,4
93,Memento,2
93,Django Unchained,2
93,Finding Nemo,3
93,Up,1
93,Frozen,3
93,Moana,3
93,Titanic,2
93,Avatar,5
93,The Avengers,4
93,Iron Man,4
93,Spider-Man,3
93,Batman Begins,4
93,Wonder Woman,4
93,Black Panther,4
93,Guardians of the Galaxy,4
93,The Notebook,4
93,Pride and Prejudice,5
93,La La Land,4
93,A Star Is Born,5
93,Crazy Rich Asians,4
93,The Fault in Our Stars,4
93,Me Before You,4
93,Superbad,4
93,Bridesmaids,3
93,Wedding Crashers,2
93,Mean Girls,3
93,21 Jump Street,1
93,Get Out,2
93,Nightmare on Elm Street,3
94,The Shawshank Redemption,3
94,The Godfather,3
94,The Dark Knight,1
94,Pulp Fiction,4
94,Forrest Gump,3
94,The Matrix,2
94,Fight Club,4
94,Inception,1
94,Se7en,4
94,The Usual Suspects,4
94,Gladiator,2
94,The Green Mile,2
94,Schindler's List,3
94,Interstellar,3
94,The Prestige,2
94,Memento,1
94,Django Unchained,4
94,The Lion King,2
94,Toy Story,3
94,Finding Nemo,2
94,Up,3
94,Inside Out,4
94,Frozen,3
94,Coco,2
94,WALL-E,3
94,Monsters Inc,3
94,Titanic,5
94,Avatar,4
94,The Avengers,5
94,Iron Man,4
94,Spider-Man,4
94,Batman Begins,3
94,Wonder Woman,3
94,Black Panther,4
94,Guardians of the Galaxy,4
94,The Notebook,4
94,Pride and Prejudice,4
94,La La Land,5
94,A Star Is Born,5
94,Crazy Rich Asians,3
94,The Fault in Our Stars,4
94,Me Before You,4
94,Superbad,5
94,The Hangover,3
94,Step Brothers,3
94,Anchorman,4
94,Wedding Crashers,2
94,Mean Girls,2
94,21 Jump Street,1
94,Tropic Thunder,3
94,The Conjuring,3
94,Get Out,2
94,It,3
94,The Shining,3
94,Scream,3
95,The Shawshank Redemption,3
95,The Godfather,5
95,The Dark Knight,4
95,Forrest Gump,3
95,Goodfellas,4
95,Fight Club,2
95,Inception,4
95,The Silence of the Lambs,5
95,Se7en,4
95,The Usual Suspects,4
95,Gladiator,5
95,Saving Private Ryan,5
95,The Green Mile,5
95,Schindler's List,4
95,Braveheart,4
95,The Departed,4
95,Interstellar,5
95,The Prestige,3
95,Django Unchained,4
95,The Lion King,5
95,Toy Story,5
95,Finding Nemo,5
95,Up,4
95,Frozen,4
95,Monsters Inc,4
95,Avatar,4
95,The Avengers,4
95,Black Panther,3
95,Pride and Prejudice,3
95,Anchorman,1
95,21 Jump Street,3
95,Get Out,1
95,A Quiet Place,2
96,The Godfather,2
96,The Matrix,3
96,The Usual Suspects,4
96,Saving Private Ryan,3
96,Interstellar,4
96,The Prestige,3
96,Memento,3
96,Toy Story,3
96,Finding Nemo,3
96,Up,3
96,Frozen,3
96,Moana,3
96,Titanic,5
96,Avatar,5
96,The Avengers,4
96,Iron Man,5
96,Spider-Man,4
96,Batman Begins,3
96,Wonder Woman,5
96,Black Panther,5
96,Guardians of the Galaxy,4
96,The Notebook,5
96,Pride and Prejudice,5
96,La La Land,3
96,A Star Is Born,4
96,Crazy Rich Asians,4
96,The Fault in Our Stars,4
96,Me Before You,4
96,Superbad,4
96,The Hangover,4
96,Step Brothers,3
96,Anchorman,3
96,Wedding Crashers,3
96,Mean Girls,4
96,A Quiet Place,3
96,Hereditary,3
96,Halloween,3
96,Scream,3
97,The Godfather,2
97,The Dark Knight,4
97,Pulp Fiction,1
97,Forrest Gump,3
97,Goodfellas,1
97,The Silence of the Lambs,3
97,Se7en,3
97,Gladiator,2
97,Saving Private Ryan,2
97,The Green Mile,3
97,Schindler's List,1
97,Braveheart,2
97,The Departed,2
97,The Prestige,1
97,Memento,3
97,Django Unchained,1
97,The Lion King,3
97,Toy Story,3
97,Finding Nemo,3
97,Inside Out,2
97,Frozen,3
97,Moana,3
97,Coco,3
97,Titanic,1
97,Iron Man,3
97,Spider-Man,3
97,Batman Begins,3
97,Black Panther,2
97,La La Land,3
97,A Star Is Born,3
97,Crazy Rich Asians,2
97,Me Before You,2
97,Superbad,3
97,The Hangover,4
97,Bridesmaids,4
97,Step Brothers,5
97,Anchorman,4
97,Wedding Crashers,4
97,Mean Girls,3
97,21 Jump Street,5
97,Tropic Thunder,4
97,The Conjuring,4
97,Get Out,4
97,A Quiet Place,4
97,It,4
97,Hereditary,5
97,The Exorcist,4
97,The Shining,4
97,Halloween,4
97,Scream,4
97,Nightmare on Elm Street,4
98,The Shawshank Redemption,3
98,The Godfather,3
98,The Dark Knight,3
98,Pulp Fiction,4
98,Forrest Gump,3
98,Fight Club,3
98,Inception,2
98,Se7en,2
98,The Usual Suspects,3
98,Gladiator,4
98,Schindler's List,3
98,Interstellar,2
98,The Prestige,2
98,Memento,3
98,The Lion King,5
98,Toy Story,4
98,Finding Nemo,5
98,Up,4
98,Inside Out,5
98,Frozen,4
98,Moana,4
98,Coco,4
98,WALL-E,4
98,Monsters Inc,5
98,Titanic,4
98,Avatar,4
98,The Avengers,5
98,Iron Man,4
98,Spider-Man,5
98,Batman Begins,4
98,Wonder Woman,4
98,Black Panther,4
98,Guardians of the Galaxy,4
98,The Notebook,5
98,La La Land,3
98,Crazy Rich Asians,3
98,The Hangover,3
98,Step Brothers,2
98,Anchorman,1
98,21 Jump Street,3
98,Get Out,1
98,A Quiet Place,4
98,Hereditary,4
98,The Exorcist,3
98,The Shining,3
98,Halloween,2
99,Goodfellas,2
99,The Silence of the Lambs,3
99,The Usual Suspects,2
99,Gladiator,2
99,The Departed,3
99,The Lion King,4
99,Toy Story,4
99,Finding Nemo,4
99,Up,5
99,Inside Out,4
99,Frozen,5
99,Moana,4
99,Coco,4
99,WALL-E,4
99,Monsters Inc,4
99,Avatar,5
99,The Avengers,4
99,Iron Man,5
99,Spider-Man,4
99,Wonder Woman,4
99,Black Panther,5
99,Guardians of the Galaxy,4
99,The Notebook,4
99,A Star Is Born,4
99,Superbad,3
99,Step Brothers,1
99,A Quiet Place,1
99,Hereditary,3
99,The Shining,1
99,Scream,3
100,The Shawshank Redemption,4
100,The Godfather,5
100,The Dark Knight,4
100,Pulp Fiction,4
100,Forrest Gump,5
100,The Matrix,3
100,Goodfellas,3
100,Fight Club,4
100,Inception,4
100,The Silence of the Lambs,4
100,Se7en,4
100,The Usual Suspects,4
100,Gladiator,4
100,Saving Private Ryan,3
100,The Green Mile,4
100,Schindler's List,5
100,Braveheart,4
100,The Departed,4
100,Interstellar,3
100,The Prestige,4
100,Memento,4
100,Django Unchained,4
100,The Lion King,4
100,Toy Story,4
100,Up,4
100,Inside Out,5
100,Frozen,4
100,Coco,5
100,WALL-E,4
100,Monsters Inc,4
100,Titanic,2
100,Batman Begins,1
100,Black Panther,3
100,The Notebook,3
100,Pride and Prejudice,3
100,La La Land,4
100,Superbad,4
100,The Hangover,1
100,Tropic Thunder,5
100,It,3
100,The Exorcist,3
100,Scream,3
101,The Godfather,2
101,Forrest Gump,1
101,Goodfellas,2
101,Inception,3
101,The Silence of the Lambs,3
101,Saving Private Ryan,2
101,The Green Mile,3
101,The Departed,3
101,Interstellar,3
101,Memento,3
101,Django Unchained,3
101,The Lion King,2
101,Finding Nemo,3
101,Up,3
101,Frozen,3
101,WALL-E,2
101,Monsters Inc,2
101,Titanic,4
101,Avatar,3
101,The Avengers,5
101,Spider-Man,2
101,Batman Begins,3
101,Wonder Woman,4
101,The Notebook,1
101,Pride and Prejudice,4
101,La La Land,4
101,A Star Is Born,5
101,Crazy Rich Asians,5
101,The Fault in Our Stars,5
101,Me Before You,5
101,Superbad,5
101,The Hangover,4
101,Bridesmaids,4
101,Step Brothers,5
101,Anchorman,3
101,Wedding Crashers,5
101,Mean Girls,5
101,21 Jump Street,5
101,Tropic Thunder,4
101,The Conjuring,3
101,Get Out,1
101,A Quiet Place,3
101,Hereditary,3
101,The Exorcist,3
101,The Shining,4
101,Scream,2
101,Nightmare on Elm Street,2
102,The Shawshank Redemption,4
102,The Godfather,4
102,The Dark Knight,4
102,Pulp Fiction,5
102,Forrest Gump,3
102,The Matrix,3
102,Goodfellas,4
102,Inception,4
102,The Silence of the Lambs,4
102,Se7en,4
102,The Usual Suspects,4
102,Gladiator,5
102,Saving Private Ryan,5
102,The Green Mile,4
102,Schindler's List,4
102,Braveheart,5
102,The Departed,4
102,Interstellar,4
102,The Prestige,5
102,Memento,4
102,Django Unchained,4
102,The Lion King,4
102,Toy Story,4
102,Finding Nemo,4
102,Up,4
102,Inside Out,4
102,Frozen,4
102,Moana,4
102,Coco,4
102,WALL-E,4
102,Monsters Inc,4
102,Titanic,3
102,Iron Man,3
102,Batman Begins,3
102,Wonder Woman,2
102,Crazy Rich Asians,3
102,Me Before You,3
102,The Hangover,3
102,Anchorman,3
102,Wedding Crashers,3
102,Get Out,2
102,Hereditary,3
102,The Exorcist,2
102,The Shining,3
102,Halloween,3
102,Nightmare on Elm Street,4
103,The Shawshank Redemption,3
103,Pulp Fiction,3
103,Forrest Gump,3
103,The Matrix,3
103,Fight Club,1
103,Inception,1
103,The Usual Suspects,3
103,Gladiator,3
103,Schindler's List,1
103,Braveheart,3
103,The Departed,2
103,Interstellar,2
103,Memento,3
103,Django Unchained,4
103,The Lion King,3
103,Finding Nemo,1
103,Inside Out,3
103,Frozen,3
103,Moana,2
103,Coco,3
103,WALL-E,3
103,Monsters Inc,3
103,Avatar,2
103,The Avengers,2
103,Batman Begins,1
103,Wonder Woman,3
103,Black Panther,1
103,The Notebook,4
103,Pride and Prejudice,3
103,La La Land,3
103,A Star Is Born,4
103,Crazy Rich Asians,3
103,The Fault in Our Stars,3
103,Me Before You,3
103,Superbad,4
103,The Hangover,4
103,Bridesmaids,4
103,Step Brothers,4
103,Anchorman,4
103,Wedding Crashers,5
103,Mean Girls,4
103,21 Jump Street,4
103,Tropic Thunder,4
103,The Conjuring,3
103,Get Out,3
103,A Quiet Place,3
103,It,3
103,Hereditary,1
103,The Exorcist,3
103,Halloween,1
104,The Shawshank Redemption,3
104,The Godfather,3
104,The Dark Knight,3
104,Pulp Fiction,3
104,Forrest Gump,3
104,The Matrix,2
104,Goodfellas,2
104,The Silence of the Lambs,4
104,The Usual Suspects,4
104,Gladiator,2
104,Saving Private Ryan,2
104,The Green Mile,3
104,The Departed,3
104,Interstellar,2
104,The Prestige,2
104,Django Unchained,4
104,The Lion King,5
104,Toy Story,5
104,Finding Nemo,5
104,Up,4
104,Inside Out,5
104,Frozen,4
104,Moana,4
104,Coco,4
104,WALL-E,3
104,Monsters Inc,4
104,Titanic,4
104,Avatar,5
104,The Avengers,4
104,Iron Man,4
104,Spider-Man,4
104,Batman Begins,4
104,Wonder Woman,4
104,Black Panther,5
104,Guardians of the Galaxy,4
104,The Notebook,4
104,Pride and Prejudice,3
104,La La Land,3
104,Crazy Rich Asians,3
104,Superbad,3
104,The Hangover,3
104,Bridesmaids,3
104,Step Brothers,3
104,21 Jump Street,3
104,Get Out,3
104,A Quiet Place,3
104,It,4
104,Hereditary,1
104,The Shining,3
104,Halloween,1
105,The Shawshank Redemption,5
105,The Godfather,3
105,The Dark Knight,4
105,Pulp Fiction,5
105,The Matrix,4
105,Goodfellas,4
105,Inception,4
105,The Silence of the Lambs,4
105,Se7en,4
105,The Usual Suspects,5
105,Gladiator,3
105,Saving Private Ryan,5
105,The Green Mile,4
105,Schindler's List,4
105,Braveheart,4
105,The Departed,5
105,Interstellar,3
105,The Prestige,4
105,Django Unchained,5
105,The Lion King,5
105,Toy Story,4
105,Finding Nemo,5
105,Up,4
105,Inside Out,3
105,Frozen,4
105,Coco,3
105,WALL-E,4
105,Monsters Inc,4
105,Batman Begins,3
105,Black Panther,3
105,Guardians of the Galaxy,1
105,A Star Is Born,3
105,Step Brothers,1
105,Anchorman,3
105,21 Jump Street,3
105,The Conjuring,4
105,It,2
105,The Shining,2
105,Scream,4
106,The Shawshank Redemption,4
106,The Godfather,2
106,The Dark Knight,3
106,Pulp Fiction,2
106,Forrest Gump,4
106,The Matrix,2
106,Goodfellas,2
106,The Silence of the Lambs,3
106,Saving Private Ryan,3
106,The Green Mile,2
106,Braveheart,3
106,Interstellar,3
106,Memento,2
106,Django Unchained,3
106,Finding Nemo,4
106,Up,3
106,Frozen,3
106,Moana,3
106,Coco,3
106,WALL-E,3
106,Monsters Inc,1
106,Titanic,4
106,Avatar,3
106,The Avengers,3
106,Iron Man,3
106,Spider-Man,4
106,Batman Begins,3
106,Wonder Woman,3
106,Black Panther,2
106,Guardians of the Galaxy,3
106,The Notebook,2
106,Pride and Prejudice,4
106,La La Land,3
106,A Star Is Born,2
106,Crazy Rich Asians,3
106,The Fault in Our Stars,3
106,Me Before You,3
106,Superbad,4
106,The Hangover,3
106,Bridesmaids,5
106,Step Brothers,4
106,Anchorman,3
106,Wedding Crashers,4
106,Mean Girls,3
106,21 Jump Street,4
106,Tropic Thunder,4
106,The Conjuring,3
106,Get Out,4
106,A Quiet Place,5
106,It,4
106,Hereditary,4
106,The Exorcist,5
106,The Shining,5
106,Halloween,3
106,Scream,4
106,Nightmare on Elm Street,4
107,The Shawshank Redemption,3
107,The Matrix,3
107,Fight Club,3
107,Inception,1
107,Gladiator,2
107,Saving Private Ryan,3
107,Braveheart,3
107,The Departed,3
107,Interstellar,3
107,The Prestige,1
107,Memento,4
107,Finding Nemo,3
107,Up,3
107,Inside Out,3
107,Frozen,1
107,Coco,3
107,Monsters Inc,3
107,Titanic,4
107,Avatar,5
107,The Avengers,3
107,Iron Man,4
107,Spider-Man,4
107,Batman Begins,4
107,Wonder Woman,5
107,Black Panther,4
107,Guardians of the Galaxy,4
107,The Notebook,5
107,Pride and Prejudice,4
107,La La Land,3
107,A Star Is Born,5
107,Crazy Rich Asians,4
107,The Fault in Our Stars,4
107,Me Before You,4
107,Superbad,4
107,Bridesmaids,4
107,Step Brothers,3
107,Anchorman,4
107,Wedding Crashers,4
107,Mean Girls,4
107,21 Jump Street,2
107,Tropic Thunder,3
107,The Conjuring,2
107,Get Out,1
107,A Quiet Place,2
107,It,4
107,The Exorcist,2
107,The Shining,3
107,Halloween,3
108,The Dark Knight,3
108,The Matrix,2
108,Goodfellas,3
108,Inception,4
108,The Usual Suspects,3
108,Braveheart,3
108,Interstellar,3
108,Memento,1
108,Django Unchained,3
108,Frozen,4
108,Avatar,3
108,Batman Begins,2
108,Wonder Woman,3
108,Black Panther,3
108,Guardians of the Galaxy,1
108,The Notebook,4
108,Pride and Prejudice,3
108,La La Land,4
108,A Star Is Born,4
108,Crazy Rich Asians,4
108,The Fault in Our Stars,5
108,Me Before You,5
108,Superbad,4
108,The Hangover,5
108,Bridesmaids,4
108,Step Brothers,5
108,Anchorman,5
108,Wedding Crashers,5
108,Mean Girls,4
108,21 Jump Street,4
108,Tropic Thunder,5
108,The Conjuring,2
108,Get Out,2
108,It,4
109,The Dark Knight,3
109,Pulp Fiction,4
109,Inception,3
109,Gladiator,2
109,Django Unchained,3
109,Toy Story,3
109,Finding Nemo,1
109,Frozen,2
109,Coco,3
109,Titanic,4
109,Avatar,3
109,The Avengers,4
109,Iron Man,4
109,Spider-Man,3
109,Batman Begins,3
109,Wonder Woman,4
109,Black Panther,4
109,Guardians of the Galaxy,4
109,The Notebook,4
109,Pride and Prejudice,4
109,La La Land,5
109,A Star Is Born,4
109,Crazy Rich Asians,5
109,The Fault in Our Stars,4
109,Me Before You,4
109,Superbad,3
109,The Hangover,2
109,Anchorman,3
109,Get Out,3
109,Hereditary,4
109,The Shining,3
109,Scream,1
109,Nightmare on Elm Street,3
110,The Godfather,3
110,The Dark Knight,2
110,Forrest Gump,2
110,Goodfellas,1
110,Fight Club,1
110,Inception,3
110,Se7en,2
110,The Usual Suspects,1
110,Saving Private Ryan,3
110,The Departed,3
110,The Prestige,3
110,Memento,3
110,Finding Nemo,3
110,Frozen,3
110,Titanic,3
110,Avatar,5
110,The Avengers,5
110,Iron Man,3
110,Spider-Man,4
110,Batman Begins,4
110,Wonder Woman,3
110,Black Panther,4
110,Guardians of the Galaxy,4
110,The Notebook,4
110,Pride and Prejudice,5
110,La La Land,4
110,A Star Is Born,5
110,Crazy Rich Asians,5
110,The Fault in Our Stars,4
110,Me Before You,4
110,Superbad,5
110,The Hangover,1
110,Get Out,2
110,The Exorcist,1
110,The Shining,3
110,Halloween,1
110,Nightmare on Elm Street,2
111,The Shawshank Redemption,5
111,The Godfather,4
111,The Dark Knight,4
111,Pulp Fiction,4
111,Fight Club,5
111,Inception,5
111,The Silence of the Lambs,4
111,Se7en,4
111,Gladiator,4
111,Saving Private Ryan,4
111,Braveheart,3
111,The Departed,4
111,The Prestige,4
111,Memento,4
111,Django Unchained,5
111,The Lion King,4
111,Toy Story,4
111,Finding Nemo,4
111,Up,5
111,Moana,3
111,Coco,4
111,Monsters Inc,4
111,Guardians of the Galaxy,2
111,Crazy Rich Asians,2
111,The Fault in Our Stars,3
111,Anchorman,2
111,Mean Girls,3
111,21 Jump Street,3
111,The Exorcist,4
111,The Shining,3
112,The Godfather,4
112,The Dark Knight,3
112,The Silence of the Lambs,3
112,The Usual Suspects,3
112,Schindler's List,3
112,Braveheart,3
112,The Departed,1
112,Frozen,3
112,Titanic,4
112,Avatar,4
112,The Avengers,5
112,Iron Man,4
112,Spider-Man,3
112,Batman Begins,4
112,Wonder Woman,5
112,Guardians of the Galaxy,5
112,The Notebook,4
112,Pride and Prejudice,4
112,La La Land,4
112,A Star Is Born,4
112,Crazy Rich Asians,4
112,The Fault in Our Stars,5
112,Me Before You,5
112,Superbad,5
112,Anchorman,3
112,Mean Girls,4
112,21 Jump Street,3
112,Get Out,4
112,Hereditary,1
112,The Exorcist,3
113,The Shawshank Redemption,4
113,Goodfellas,3
113,Fight Club,3
113,Inception,2
113,The Silence of the Lambs,3
113,Se7en,2
113,The Usual Suspects,4
113,Gladiator,2
113,Schindler's List,2
113,The Prestige,3
113,Memento,3
113,Django Unchained,4
113,The Lion King,4
113,Toy Story,3
113,Finding Nemo,3
113,Inside Out,4
113,Frozen,1
113,WALL-E,2
113,Monsters Inc,3
113,Spider-Man,4
113,Guardians of the Galaxy,3
113,Pride and Prejudice,3
113,La La Land,3
113,Superbad,3
113,The Hangover,3
113,Bridesmaids,4
113,Step Brothers,5
113,Anchorman,4
113,Wedding Crashers,4
113,Mean Girls,5
113,21 Jump Street,3
113,Tropic Thunder,5
113,The Conjuring,4
113,Get Out,4
113,A Quiet Place,4
113,It,5
113,Hereditary,4
113,The Exorcist,4
113,The Shining,4
113,Halloween,5
113,Scream,5
113,Nightmare on Elm Street,4
114,The Shawshank Redemption,3
114,The Godfather,3
114,The Dark Knight,2
114,Forrest Gump,3
114,The Matrix,1
114,Inception,3
114,The Silence of the Lambs,2
114,Se7en,2
114,Saving Private Ryan,3
114,The Green Mile,1
114,Interstellar,1
114,The Prestige,4
114,Django Unchained,2
114,Frozen,4
114,Moana,3
114,Coco,3
114,Titanic,4
114,Avatar,5
114,The Avengers,4
114,Iron Man,4
114,Spider-Man,4
114,Batman Begins,4
114,Wonder Woman,4
114,Black Panther,4
114,Guardians of the Galaxy,4
114,The Notebook,5
114,Pride and Prejudice,5
114,La La Land,4
114,A Star Is Born,4
114,Crazy Rich Asians,4
114,The Fault in Our Stars,3
114,Me Before You,5
114,Superbad,5
114,Anchorman,3
114,Tropic Thunder,2
114,A Quiet Place,1
114,It,2
114,Hereditary,2
115,The Shawshank Redemption,4
115,The Godfather,4
115,Pulp Fiction,5
115,Forrest Gump,4
115,The Matrix,4
115,Fight Club,5
115,Inception,5
115,Se7en,5
115,The Usual Suspects,4
115,Gladiator,4
115,Saving Private Ryan,5
115,The Green Mile,4
115,Schindler's List,5
115,Braveheart,5
115,The Departed,5
115,Interstellar,4
115,Memento,5
115,Django Unchained,4
115,The Lion King,5
115,Toy Story,3
115,Finding Nemo,4
115,Inside Out,5
115,Moana,4
115,Coco,4
115,WALL-E,4
115,Monsters Inc,4
115,Titanic,3
115,Iron Man,3
115,Spider-Man,1
115,Batman Begins,3
115,Black Panther,3
115,Guardians of the Galaxy,4
115,The Hangover,4
115,Bridesmaids,3
115,Step Brothers,4
115,Wedding Crashers,2
115,Mean Girls,3
115,Get Out,3
115,Hereditary,3
115,The Shining,1
116,The Shawshank Redemption,2
116,Pulp Fiction,2
116,Forrest Gump,3
116,Goodfellas,3
116,Inception,2
116,Gladiator,3
116,Braveheart,1
116,Interstellar,1
116,Memento,4
116,Django Unchained,3
116,Toy Story,1
116,Moana,3
116,Monsters Inc,3
116,Avatar,2
116,Iron Man,2
116,Spider-Man,3
116,Batman Begins,3
116,Wonder Woman,2
116,Black Panther,1
116,Guardians of the Galaxy,3
116,La La Land,3
116,A Star Is Born,2
116,Crazy Rich Asians,1
116,The Hangover,4
116,Bridesmaids,4
116,Step Brothers,4
116,Anchorman,4
116,Wedding Crashers,4
116,Mean Girls,4
116,21 Jump Street,5
116,Tropic Thunder,5
116,The Conjuring,4
116,Get Out,4
116,A Quiet Place,4
116,It,4
116,Hereditary,4
116,The Exorcist,3
116,The Shining,3
116,Halloween,5
116,Scream,4
116,Nightmare on Elm Street,5
117,The Godfather,3
117,The Dark Knight,4
117,Goodfellas,3
117,Saving Private Ryan,3
117,The Green Mile,4
117,The Prestige,3
117,Django Unchained,3
117,The Lion King,5
117,Toy Story,5
117,Finding Nemo,4
117,Up,4
117,Inside Out,5
117,Frozen,3
117,Moana,5
117,Coco,5
117,WALL-E,4
117,Monsters Inc,4
117,Titanic,4
117,Avatar,3
117,The Avengers,4
117,Iron Man,4
117,Spider-Man,5
117,Wonder Woman,4
117,Black Panther,4
117,Guardians of the Galaxy,5
117,The Notebook,4
117,A Star Is Born,3
117,Bridesmaids,2
117,Mean Girls,2
117,Tropic Thunder,2
117,The Conjuring,4
117,Scream,3
118,The Godfather,2
118,The Dark Knight,2
118,Pulp Fiction,3
118,Forrest Gump,3
118,Goodfellas,3
118,Fight Club,4
118,Inception,3
118,The Silence of the Lambs,2
118,Se7en,1
118,The Usual Suspects,2
118,Saving Private Ryan,3
118,The Green Mile,4
118,Schindler's List,3
118,Braveheart,3
118,The Departed,2
118,Interstellar,3
118,The Prestige,3
118,Memento,3
118,Django Unchained,3
118,The Lion King,3
118,Toy Story,3
118,Inside Out,1
118,Frozen,3
118,Moana,2
118,Coco,1
118,WALL-E,3
118,Monsters Inc,4
118,Titanic,4
118,Avatar,4
118,The Avengers,4
118,Iron Man,4
118,Spider-Man,4
118,Batman Begins,4
118,Wonder Woman,4
118,Black Panther,4
118,Guardians of the Galaxy,4
118,The Notebook,4
118,Pride and Prejudice,4
118,La La Land,4
118,A Star Is Born,3
118,Crazy Rich Asians,5
118,The Fault in Our Stars,4
118,Me Before You,5
118,Superbad,4
118,The Hangover,3
118,Bridesmaids,3
118,Step Brothers,5
118,Anchorman,1
118,Wedding Crashers,4
118,Mean Girls,2
118,21 Jump Street,3
118,Tropic Thunder,3
118,Get Out,4
118,The Shining,2
118,Scream,3
118,Nightmare on Elm Street,3
119,The Shawshank Redemption,5
119,The Godfather,4
119,The Dark Knight,4
119,Pulp Fiction,4
119,Forrest Gump,3
119,The Matrix,5
119,Goodfellas,5
119,Fight Club,4
119,Inception,4
119,The Silence of the Lambs,4
119,Se7en,5
119,The Usual Suspects,4
119,Gladiator,4
119,Saving Private Ryan,4
119,The Green Mile,3
119,Schindler's List,5
119,Braveheart,5
119,The Departed,5
119,Interstellar,4
119,The Prestige,4
119,Memento,3
119,Django Unchained,4
119,The Lion King,4
119,Toy Story,4
119,Finding Nemo,5
119,Up,4
119,Inside Out,3
119,Frozen,5
119,Moana,5
119,Coco,4
119,WALL-E,4
119,Monsters Inc,5
119,Pride and Prejudice,2
119,La La Land,3
119,The Fault in Our Stars,3
119,Superbad,3
119,Step Brothers,2
119,Tropic Thunder,3
119,Get Out,1
119,A Quiet Place,3
119,The Shining,3
119,Scream,3
120,The Shawshank Redemption,1
120,The Dark Knight,3
120,Forrest Gump,4
120,Goodfellas,3
120,Inception,2
120,The Silence of the Lambs,2
120,Se7en,2
120,The Usual Suspects,3
120,Gladiator,1
120,The Green Mile,3
120,Schindler's List,3
120,Interstellar,3
120,The Prestige,3
120,Memento,3
120,The Lion King,3
120,Toy Story,4
120,Finding Nemo,5
120,Up,4
120,Inside Out,4
120,Frozen,4
120,Moana,4
120,Coco,4
120,WALL-E,4
120,Monsters Inc,4
120,Titanic,4
120,Avatar,4
120,The Avengers,4
120,Iron Man,4
120,Spider-Man,5
120,Batman Begins,4
120,Wonder Woman,4
120,Black Panther,4
120,Guardians of the Galaxy,4
120,The Notebook,3
120,Pride and Prejudice,3
120,A Star Is Born,2
120,Me Before You,3
120,Superbad,3
120,The Hangover,3
120,Step Brothers,3
120,Anchorman,2
120,Wedding Crashers,3
120,The Conjuring,2
120,It,3
120,Hereditary,3
120,Halloween,3
120,Nightmare on Elm Street,1
121,The Shawshank Redemption,3
121,The Godfather,3
121,The Dark Knight,3
121,Pulp Fiction,3
121,Forrest Gump,3
121,The Matrix,3
121,Inception,3
121,The Silence of the Lambs,3
121,Se7en,3
121,The Usual Suspects,2
121,Saving Private Ryan,3
121,The Green Mile,2
121,Schindler's List,3
121,Braveheart,2
121,The Departed,3
121,Interstellar,3
121,The Prestige,3
121,Memento,2
121,Django Unchained,4
121,The Lion King,3
121,Toy Story,4
121,Finding Nemo,3
121,Up,4
121,Inside Out,4
121,Frozen,4
121,Moana,4
121,Coco,4
121,WALL-E,4
121,Monsters Inc,5
121,Titanic,4
121,Avatar,5
121,The Avengers,4
121,Iron Man,4
121,Spider-Man,4
121,Batman Begins,3
121,Wonder Woman,4
121,Black Panther,4
121,Guardians of the Galaxy,3
121,The Notebook,4
121,Pride and Prejudice,1
121,A Star Is Born,1
121,The Fault in Our Stars,1
121,Me Before You,3
121,Superbad,5
121,The Hangover,4
121,Step Brothers,3
121,Anchorman,3
121,Wedding Crashers,4
121,Mean Girls,4
121,Tropic Thunder,4
121,Get Out,3
121,A Quiet Place,3
121,The Exorcist,2
121,The Shining,3
121,Halloween,2
121,Scream,4
121,Nightmare on Elm Street,3
122,The Godfather,4
122,The Dark Knight,3
122,Pulp Fiction,2
122,Forrest Gump,3
122,The Matrix,1
122,Fight Club,3
122,Inception,3
122,Se7en,3
122,The Green Mile,3
122,Schindler's List,1
122,Braveheart,3
122,The Prestige,4
122,Memento,3
122,Django Unchained,3
122,Toy Story,2
122,Frozen,3
122,Moana,1
122,Coco,3
122,WALL-E,3
122,Avatar,3
122,Iron Man,3
122,Spider-Man,3
122,Black Panther,2
122,Pride and Prejudice,4
122,La La Land,4
122,A Star Is Born,4
122,Crazy Rich Asians,3
122,The Fault in Our Stars,4
122,Me Before You,5
122,Superbad,4
122,The Hangover,4
122,Bridesmaids,4
122,Step Brothers,5
122,Anchorman,4
122,Wedding Crashers,4
122,Mean Girls,5
122,21 Jump Street,4
122,Tropic Thunder,4
122,A Quiet Place,4
122,It,2
122,Scream,3
123,The Godfather,3
123,Goodfellas,3
123,Fight Club,3
123,Inception,3
123,Se7en,2
123,The Usual Suspects,3
123,Gladiator,4
123,Saving Private Ryan,3
123,The Green Mile,2
123,Schindler's List,2
123,The Departed,3
123,The Prestige,1
123,Finding Nemo,3
123,Up,3
123,Inside Out,3
123,Coco,2
123,WALL-E,3
123,Monsters Inc,2
123,Avatar,3
123,The Avengers,3
123,Iron Man,1
123,Spider-Man,4
123,Batman Begins,4
123,Wonder Woman,3
123,Black Panther,2
123,Guardians of the Galaxy,3
123,The Notebook,1
123,Pride and Prejudice,1
123,La La Land,4
123,A Star Is Born,3
123,Me Before You,3
123,The Hangover,4
123,Bridesmaids,5
123,Step Brothers,4
123,Anchorman,3
123,Wedding Crashers,5
123,Mean Girls,4
123,21 Jump Street,4
123,Tropic Thunder,4
123,The Conjuring,4
123,Get Out,5
123,A Quiet Place,4
123,It,4
123,Hereditary,4
123,The Exorcist,3
123,The Shining,4
123,Halloween,5
123,Scream,5
123,Nightmare on Elm Street,5
124,Pulp Fiction,3
124,Forrest Gump,3
124,Se7en,3
124,The Departed,3
124,Interstellar,3
124,The Lion King,3
124,Up,4
124,Inside Out,3
124,Titanic,4
124,Avatar,4
124,The Avengers,3
124,Iron Man,3
124,Spider-Man,4
124,Batman Begins,3
124,Wonder Woman,3
124,Black Panther,5
124,Guardians of the Galaxy,4
124,The Notebook,5
124,Pride and Prejudice,4
124,La La Land,5
124,A Star Is Born,4
124,Crazy Rich Asians,5
124,The Fault in Our Stars,4
124,Me Before You,4
124,Superbad,4
124,Step Brothers,1
124,Anchorman,2
124,Wedding Crashers,2
124,Tropic Thunder,2
124,Get Out,3
124,The Exorcist,4
124,The Shining,2
124,Halloween,2
125,The Shawshank Redemption,4
125,The Godfather,4
125,The Dark Knight,4
125,Pulp Fiction,3
125,Forrest Gump,4
125,The Matrix,4
125,Goodfellas,5
125,Inception,4
125,Se7en,4
125,The Usual Suspects,4
125,Saving Private Ryan,3
125,The Green Mile,3
125,Schindler's List,5
125,Braveheart,4
125,The Departed,4
125,Interstellar,4
125,The Prestige,4
125,Memento,4
125,Django Unchained,4
125,The Lion King,4
125,Finding Nemo,5
125,Up,4
125,Inside Out,4
125,Frozen,4
125,Moana,4
125,WALL-E,5
125,Monsters Inc,4
125,Guardians of the Galaxy,2
125,La La Land,3
125,Crazy Rich Asians,1
125,Me Before You,3
125,Bridesmaids,3
125,Step Brothers,3
125,Wedding Crashers,3
125,Mean Girls,2
125,The Exorcist,2
126,The Godfather,1
126,The Dark Knight,2
126,The Matrix,3
126,Se7en,2
126,Gladiator,1
126,The Green Mile,3
126,Schindler's List,2
126,The Prestige,2
126,Inside Out,2
126,Frozen,3
126,Moana,2
126,Coco,3
126,Guardians of the Galaxy,2
126,Pride and Prejudice,5
126,La La Land,4
126,A Star Is Born,4
126,Crazy Rich Asians,4
126,The Fault in Our Stars,4
126,Me Before You,4
126,Superbad,4
126,The Hangover,5
126,Bridesmaids,4
126,Step Brothers,4
126,Anchorman,5
126,Wedding Crashers,5
126,Mean Girls,3
126,21 Jump Street,4
126,Tropic Thunder,4
126,Get Out,2
126,A Quiet Place,3
126,The Exorcist,2
126,Halloween,3
127,Gladiator,2
127,Braveheart,2
127,Django Unchained,3
127,Moana,3
127,Coco,3
127,Titanic,2
127,Avatar,3
127,Batman Begins,3
127,Guardians of the Galaxy,4
127,A Star Is Born,3
127,Me Before You,1
127,Superbad,3
127,The Hangover,5
127,Bridesmaids,5
127,Step Brothers,5
127,Anchorman,5
127,Wedding Crashers,5
127,Mean Girls,4
127,21 Jump Street,4
127,Tropic Thunder,4
127,The Conjuring,4
127,Get Out,5
127,A Quiet Place,4
127,It,4
127,Hereditary,4
127,The Exorcist,4
127,The Shining,4
127,Halloween,5
127,Scream,4
127,Nightmare on Elm Street,4
128,The Godfather,4
128,The Dark Knight,2
128,The Usual Suspects,3
128,Gladiator,3
128,The Green Mile,3
128,Schindler's List,3
128,The Departed,3
128,Interstellar,1
128,The Prestige,2
128,Memento,1
128,The Lion King,3
128,Inside Out,3
128,Frozen,3
128,Coco,3
128,WALL-E,3
128,Monsters Inc,3
128,Titanic,2
128,Iron Man,3
128,Guardians of the Galaxy,3
128,Pride and Prejudice,5
128,La La Land,4
128,A Star Is Born,5
128,Crazy Rich Asians,4
128,The Fault in Our Stars,4
128,Me Before You,5
128,Superbad,4
128,The Hangover,3
128,Bridesmaids,4
128,Step Brothers,4
128,Anchorman,4
128,Wedding Crashers,4
128,Mean Girls,4
128,21 Jump Street,4
128,Tropic Thunder,4
128,The Conjuring,2
128,A Quiet Place,2
128,It,3
128,Hereditary,3
128,The Exorcist,2
128,Halloween,3
128,Scream,1
129,The Shawshank Redemption,2
129,The Dark Knight,1
129,Pulp Fiction,2
129,Inception,2
129,The Usual Suspects,2
129,Saving Private Ryan,3
129,The Green Mile,3
129,Schindler's List,4
129,Braveheart,1
129,The Departed,1
129,Interstellar,4
129,Toy Story,2
129,Up,3
129,Inside Out,1
129,Frozen,3
129,Monsters Inc,4
129,Titanic,4
129,Avatar,3
129,Spider-Man,3
129,Batman Begins,3
129,Wonder Woman,3
129,Guardians of the Galaxy,3
129,The Notebook,2
129,La La Land,4
129,The Fault in Our Stars,4
129,The Hangover,5
129,Bridesmaids,5
129,Step Brothers,4
129,Anchorman,4
129,Wedding Crashers,5
129,Mean Girls,4
129,21 Jump Street,4
129,Tropic Thunder,4
129,The Conjuring,4
129,Get Out,4
129,A Quiet Place,5
129,It,4
129,Hereditary,4
129,The Exorcist,4
129,The Shining,3
129,Halloween,4
129,Scream,4
129,Nightmare on Elm Street,4
130,The Shawshank Redemption,2
130,The Godfather,2
130,The Dark Knight,1
130,Inception,3
130,The Silence of the Lambs,3
130,The Usual Suspects,3
130,Braveheart,3
130,Interstellar,4
130,Up,1
130,Frozen,4
130,Coco,3
130,WALL-E,3
130,Monsters Inc,4
130,Titanic,3
130,Batman Begins,3
130,La La Land,4
130,A Star Is Born,3
130,Crazy Rich Asians,3
130,Me Before You,2
130,Superbad,3
130,The Hangover,4
130,Bridesmaids,5
130,Step Brothers,4
130,Anchorman,4
130,Mean Girls,4
130,21 Jump Street,4
130,Tropic Thunder,4
130,The Conjuring,3
130,Get Out,4
130,A Quiet Place,3
130,It,4
130,Hereditary,5
130,The Exorcist,4
130,The Shining,5
130,Halloween,5
130,Scream,4
130,Nightmare on Elm Street,4
131,The Godfather,3
131,Forrest Gump,1
131,Goodfellas,1
131,Fight Club,2
131,Inception,3
131,Schindler's List,1
131,Braveheart,3
131,Toy Story,2
131,Finding Nemo,4
131,WALL-E,2
131,Titanic,4
131,Avatar,5
131,The Avengers,4
131,Iron Man,4
131,Spider-Man,5
131,Batman Begins,5
131,Wonder Woman,4
131,Black Panther,5
131,Guardians of the Galaxy,4
131,The Notebook,4
131,Pride and Prejudice,4
131,La La Land,4
131,A Star Is Born,3
131,Crazy Rich Asians,4
131,The Fault in Our Stars,4
131,Me Before You,4
131,Superbad,5
131,Bridesmaids,3
131,Step Brothers,2
131,Wedding Crashers,3
131,Tropic Thunder,3
131,The Conjuring,2
131,Get Out,3
131,A Quiet Place,2
131,The Shining,3
131,Halloween,3
131,Scream,1
132,The Shawshank Redemption,2
132,The Dark Knight,3
132,Forrest Gump,4
132,Goodfellas,4
132,Fight Club,3
132,Inception,1
132,The Silence of the Lambs,3
132,Se7en,3
132,The Green Mile,3
132,Schindler's List,3
132,Braveheart,1
132,The Departed,1
132,Interstellar,3
132,The Prestige,3
132,Django Unchained,3
132,Toy Story,3
132,Finding Nemo,3
132,Inside Out,3
132,Frozen,2
132,Coco,2
132,WALL-E,1
132,Monsters Inc,2
132,Titanic,3
132,Avatar,2
132,Iron Man,3
132,Spider-Man,3
132,Batman Begins,3
132,Wonder Woman,2
132,Guardians of the Galaxy,1
132,The Notebook,2
132,La La Land,2
132,A Star Is Born,3
132,Me Before You,3
132,Superbad,3
132,The Hangover,3
132,Bridesmaids,4
132,Step Brothers,4
132,Anchorman,4
132,Wedding Crashers,4
132,Mean Girls,4
132,21 Jump Street,4
132,Tropic Thunder,3
132,The Conjuring,4
132,Get Out,3
132,A Quiet Place,4
132,It,5
132,Hereditary,4
132,The Exorcist,3
132,The Shining,5
132,Halloween,5
132,Scream,4
132,Nightmare on Elm Street,4
133,Pulp Fiction,2
133,Goodfellas,1
133,Saving Private Ryan,2
133,Schindler's List,2
133,Braveheart,2
133,The Departed,3
133,Interstellar,3
133,The Lion King,2
133,Toy Story,3
133,Moana,5
133,Coco,1
133,The Avengers,2
133,Spider-Man,3
133,Wonder Woman,3
133,Black Panther,1
133,Guardians of the Galaxy,1
133,Pride and Prejudice,3
133,La La Land,5
133,A Star Is Born,3
133,Crazy Rich Asians,5
133,The Fault in Our Stars,5
133,Me Before You,3
133,Superbad,5
133,The Hangover,4
133,Bridesmaids,5
133,Step Brothers,5
133,Anchorman,4
133,Wedding Crashers,4
133,Mean Girls,4
133,21 Jump Street,4
133,Tropic Thunder,4
133,Get Out,2
133,It,3
133,The Shining,3
133,Halloween,3
133,Nightmare on Elm Street,2
134,The Shawshank Redemption,3
134,The Godfather,3
134,The Dark Knight,3
134,Pulp Fiction,2
134,The Matrix,2
134,Goodfellas,3
134,Fight Club,3
134,Inception,1
134,The Silence of the Lambs,3
134,Se7en,3
134,Gladiator,3
134,Saving Private Ryan,3
134,The Green Mile,3
134,Schindler's List,3
134,The Departed,3
134,The Prestige,4
134,Django Unchained,2
134,The Lion King,2
134,Toy Story,2
134,Finding Nemo,1
134,Up,3
134,Frozen,3
134,Moana,2
134,Monsters Inc,3
134,Titanic,3
134,Avatar,2
134,The Avengers,3
134,Spider-Man,1
134,Batman Begins,1
134,Wonder Woman,3
134,Black Panther,2
134,The Notebook,2
134,La La Land,3
134,A Star Is Born,4
134,Crazy Rich Asians,2
134,The Fault in Our Stars,4
134,Me Before You,3
134,Superbad,2
134,The Hangover,4
134,Bridesmaids,5
134,Step Brothers,3
134,Anchorman,4
134,Wedding Crashers,3
134,Mean Girls,5
134,21 Jump Street,4
134,Tropic Thunder,5
134,The Conjuring,4
134,Get Out,3
134,A Quiet Place,4
134,It,5
134,Hereditary,4
134,The Exorcist,5
134,The Shining,4
134,Halloween,4
134,Scream,4
134,Nightmare on Elm Street,2
135,Pulp Fiction,3
135,Forrest Gump,3
135,The Matrix,3
135,Goodfellas,3
135,The Silence of the Lambs,3
135,The Usual Suspects,3
135,Gladiator,3
135,Saving Private Ryan,3
135,Schindler's List,2
135,Interstellar,3
135,The Prestige,3
135,Toy Story,3
135,Frozen,4
135,Moana,3
135,WALL-E,4
135,Monsters Inc,3
135,Titanic,4
135,Avatar,4
135,The Avengers,4
135,Iron Man,4
135,Spider-Man,4
135,Batman Begins,5
135,Wonder Woman,4
135,Black Panther,3
135,Guardians of the Galaxy,5
135,The Notebook,5
135,Pride and Prejudice,4
135,La La Land,4
135,A Star Is Born,3
135,Crazy Rich Asians,4
135,The Fault in Our Stars,5
135,Me Before You,4
135,Superbad,4
135,Step Brothers,3
135,21 Jump Street,3
135,It,1
135,Scream,4
136,The Shawshank Redemption,2
136,The Godfather,2
136,The Dark Knight,3
136,Goodfellas,3
136,Fight Club,3
136,The Green Mile,2
136,Braveheart,1
136,The Lion King,3
136,Up,1
136,Inside Out,3
136,Avatar,3
136,The Avengers,4
136,Iron Man,5
136,Spider-Man,4
136,Batman Begins,4
136,Wonder Woman,3
136,Black Panther,4
136,Guardians of the Galaxy,5
136,The Notebook,4
136,Pride and Prejudice,4
136,La La Land,4
136,A Star Is Born,4
136,Crazy Rich Asians,3
136,The Fault in Our Stars,5
136,Me Before You,4
136,Superbad,4
136,The Hangover,3
136,Tropic Thunder,3
136,Get Out,3
136,The Shining,1
136,Halloween,4
137,Pulp Fiction,3
137,Forrest Gump,3
137,The Matrix,2
137,Goodfellas,3
137,Fight Club,2
137,The Silence of the Lambs,3
137,Se7en,2
137,The Usual Suspects,3
137,The Green Mile,3
137,Schindler's List,3
137,The Departed,3
137,Interstellar,4
137,Memento,1
137,Django Unchained,2
137,Toy Story,2
137,Inside Out,3
137,Frozen,3
137,Moana,4
137,Coco,3
137,WALL-E,2
137,Monsters Inc,4
137,Titanic,2
137,Avatar,3
137,The Avengers,3
137,Batman Begins,3
137,Black Panther,1
137,Guardians of the Galaxy,3
137,Pride and Prejudice,4
137,La La Land,4
137,A Star Is Born,5
137,Crazy Rich Asians,3
137,The Fault in Our Stars,4
137,Me Before You,4
137,Superbad,4
137,The Hangover,4
137,Bridesmaids,4
137,Step Brothers,4
137,Anchorman,4
137,Wedding Crashers,4
137,Mean Girls,5
137,21 Jump Street,3
137,Tropic Thunder,5
137,The Conjuring,2
137,Get Out,2
137,It,4
137,Hereditary,3
137,The Exorcist,4
137,The Shining,3
137,Nightmare on Elm Street,3
138,The Godfather,3
138,The Dark Knight,3
138,Pulp Fiction,4
138,The Matrix,2
138,Goodfellas,3
138,Fight Club,3
138,The Usual Suspects,2
138,Saving Private Ryan,1
138,The Green Mile,3
138,The Departed,2
138,Interstellar,1
138,Memento,3
138,The Lion King,4
138,Toy Story,4
138,Finding Nemo,4
138,Up,4
138,Inside Out,4
138,Frozen,5
138,Moana,4
138,WALL-E,4
138,Monsters Inc,5
138,Titanic,4
138,Avatar,4
138,The Avengers,4
138,Iron Man,4
138,Spider-Man,4
138,Batman Begins,4
138,Wonder Woman,5
138,Black Panther,4
138,Guardians of the Galaxy,4
138,The Notebook,4
138,Pride and Prejudice,4
138,Wedding Crashers,3
138,21 Jump Street,3
138,Get Out,3
138,It,4
138,Nightmare on Elm Street,3
139,The Dark Knight,3
139,Pulp Fiction,2
139,The Usual Suspects,2
139,Saving Private Ryan,3
139,Braveheart,3
139,The Departed,2
139,Interstellar,3
139,Django Unchained,2
139,The Lion King,4
139,Toy Story,4
139,Finding Nemo,3
139,Up,4
139,Inside Out,3
139,Frozen,4
139,Moana,5
139,Coco,5
139,WALL-E,4
139,Monsters Inc,4
139,Titanic,3
139,Avatar,4
139,The Avengers,4
139,Iron Man,4
139,Spider-Man,5
139,Batman Begins,4
139,Wonder Woman,5
139,Black Panther,4
139,Guardians of the Galaxy,3
139,The Notebook,4
139,La La Land,4
139,A Star Is Born,4
139,Crazy Rich Asians,4
139,Superbad,2
139,Bridesmaids,3
139,Wedding Crashers,3
139,Mean Girls,2
139,The Conjuring,3
139,A Quiet Place,3
139,It,1
139,Hereditary,2
139,The Exorcist,3
139,Halloween,2
139,Scream,3
139,Nightmare on Elm Street,1
140,The Godfather,4
140,The Dark Knight,2
140,Pulp Fiction,2
140,Forrest Gump,4
140,Goodfellas,4
140,Fight Club,1
140,The Silence of the Lambs,2
140,Se7en,3
140,Gladiator,3
140,Saving Private Ryan,2
140,Schindler's List,2
140,The Departed,3
140,Interstellar,3
140,The Prestige,4
140,Django Unchained,2
140,Toy Story,3
140,Finding Nemo,1
140,Monsters Inc,4
140,Avatar,1
140,Batman Begins,3
140,The Notebook,2
140,Pride and Prejudice,4
140,Crazy Rich Asians,2
140,Me Before You,2
140,The Hangover,4
140,Bridesmaids,4
140,Step Brothers,4
140,Anchorman,5
140,Wedding Crashers,4
140,Mean Girls,4
140,21 Jump Street,3
140,Tropic Thunder,4
140,The Conjuring,5
140,Get Out,4
140,A Quiet Place,3
140,It,4
140,Hereditary,3
140,The Exorcist,4
140,The Shining,4
140,Halloween,4
140,Scream,4
140,Nightmare on Elm Street,5
141,The Shawshank Redemption,4
141,The Godfather,3
141,The Dark Knight,4
141,Pulp Fiction,4
141,Forrest Gump,4
141,The Matrix,4
141,Goodfellas,4
141,Fight Club,5
141,Inception,4
141,The Silence of the Lambs,4
141,Se7en,5
141,The Usual Suspects,4
141,Gladiator,4
141,Saving Private Ryan,4
141,The Green Mile,5
141,Schindler's List,4
141,Braveheart,4
141,The Departed,4
141,Interstellar,5
141,The Prestige,4
141,Memento,4
141,Django Unchained,4
141,The Lion King,3
141,Toy Story,4
141,Finding Nemo,4
141,Up,5
141,Inside Out,4
141,Frozen,4
141,Moana,5
141,Coco,4
141,WALL-E,5
141,Monsters Inc,4
141,The Avengers,3
141,Spider-Man,1
141,The Notebook,1
141,La La Land,3
141,A Star Is Born,2
141,The Fault in Our Stars,4
141,Me Before You,3
141,Superbad,3
141,Anchorman,2
141,Mean Girls,3
141,Tropic Thunder,4
141,Get Out,3
141,Hereditary,3
141,The Exorcist,3
141,The Shining,3
141,Halloween,3
141,Scream,3
141,Nightmare on Elm Street,3
142,Goodfellas,3
142,The Silence of the Lambs,3
142,Se7en,4
142,The Usual Suspects,4
142,Braveheart,2
142,The Departed,3
142,The Lion King,3
142,Inside Out,3
142,Batman Begins,3
142,Black Panther,2
142,La La Land,3
142,A Star Is Born,3
142,Me Before You,5
142,Superbad,4
142,The Hangover,4
142,Bridesmaids,4
142,Step Brothers,4
142,Anchorman,4
142,Wedding Crashers,4
142,Mean Girls,4
142,21 Jump Street,4
142,Tropic Thunder,4
142,The Conjuring,5
142,Get Out,4
142,A Quiet Place,4
142,It,3
142,Hereditary,3
142,The Shining,5
142,Halloween,4
142,Scream,4
142,Nightmare on Elm Street,4
143,The Shawshank Redemption,3
143,The Godfather,3
143,The Dark Knight,3
143,Pulp Fiction,3
143,Forrest Gump,3
143,Goodfellas,3
143,The Silence of the Lambs,2
143,Se7en,2
143,The Usual Suspects,4
143,Saving Private Ryan,3
143,The Green Mile,3
143,The Departed,3
143,Interstellar,3
143,Memento,3
143,Django Unchained,3
143,The Lion King,2
143,Toy Story,4
143,Inside Out,3
143,Moana,3
143,Coco,3
143,Monsters Inc,1
143,Titanic,2
143,The Avengers,4
143,Iron Man,2
143,Wonder Woman,3
143,Black Panther,3
143,Guardians of the Galaxy,3
143,Pride and Prejudice,5
143,La La Land,4
143,A Star Is Born,4
143,Crazy Rich Asians,4
143,The Fault in Our Stars,5
143,Me Before You,3
143,Superbad,4
143,The Hangover,4
143,Bridesmaids,4
143,Step Brothers,5
143,Anchorman,4
143,Wedding Crashers,5
143,Mean Girls,5
143,21 Jump Street,5
143,Tropic Thunder,5
143,The Conjuring,3
143,Get Out,1
143,It,1
143,Hereditary,2
143,The Shining,4
143,Scream,5
143,Nightmare on Elm Street,4
144,The Godfather,1
144,The Dark Knight,3
144,Forrest Gump,2
144,Goodfellas,3
144,Fight Club,3
144,Gladiator,3
144,Braveheart,4
144,The Departed,3
144,Interstellar,3
144,The Prestige,3
144,Memento,2
144,Toy Story,2
144,Frozen,2
144,Moana,1
144,Monsters Inc,3
144,Titanic,1
144,Avatar,3
144,Iron Man,3
144,Spider-Man,4
144,Batman Begins,3
144,Wonder Woman,1
144,Black Panther,2
144,The Notebook,2
144,Pride and Prejudice,5
144,La La Land,4
144,A Star Is Born,4
144,Crazy Rich Asians,4
144,The Fault in Our Stars,5
144,Me Before You,4
144,Superbad,4
144,The Hangover,4
144,Bridesmaids,4
144,Step Brothers,4
144,Anchorman,4
144,Wedding Crashers,5
144,Mean Girls,3
144,21 Jump Street,4
144,Tropic Thunder,4
144,Get Out,3
144,Hereditary,3
144,The Exorcist,3
144,The Shining,3
144,Halloween,2
144,Scream,2
145,The Godfather,2
145,Forrest Gump,3
145,The Matrix,3
145,Inception,3
145,The Silence of the Lambs,3
145,Se7en,3
145,Schindler's List,4
145,Interstellar,1
145,The Lion King,4
145,Up,4
145,Inside Out,1
145,The Avengers,4
145,Iron Man,1
145,Wonder Woman,2
145,Guardians of the Galaxy,3
145,Pride and Prejudice,5
145,La La Land,4
145,A Star Is Born,4
145,Crazy Rich Asians,5
145,The Fault in Our Stars,5
145,Me Before You,4
145,Superbad,5
145,The Hangover,4
145,Bridesmaids,5
145,Step Brothers,4
145,Anchorman,4
145,Wedding Crashers,4
145,Mean Girls,3
145,21 Jump Street,4
145,Tropic Thunder,4
145,Get Out,3
145,The Shining,4
145,Halloween,2
145,Nightmare on Elm Street,3
146,The Shawshank Redemption,3
146,The Godfather,2
146,Pulp Fiction,3
146,The Matrix,3
146,Fight Club,2
146,Gladiator,3
146,The Green Mile,2
146,The Departed,3
146,Django Unchained,3
146,Toy Story,3
146,Coco,4
146,Monsters Inc,3
146,Avatar,3
146,Wonder Woman,3
146,Black Panther,2
146,Pride and Prejudice,4
146,La La Land,4
146,A Star Is Born,4
146,Crazy Rich Asians,5
146,The Fault in Our Stars,4
146,Me Before You,4
146,Superbad,4
146,The Hangover,3
146,Bridesmaids,4
146,Step Brothers,4
146,Anchorman,4
146,Wedding Crashers,4
146,Mean Girls,4
146,21 Jump Street,5
146,Tropic Thunder,4
146,The Conjuring,3
146,A Quiet Place,2
146,Hereditary,3
146,Halloween,3
146,Scream,2
146,Nightmare on Elm Street,3
147,The Shawshank Redemption,2
147,The Godfather,4
147,The Dark Knight,4
147,Pulp Fiction,2
147,Forrest Gump,2
147,The Matrix,3
147,Goodfellas,4
147,Fight Club,4
147,The Silence of the Lambs,3
147,Se7en,3
147,The Usual Suspects,3
147,Gladiator,2
147,Saving Private Ryan,4
147,The Green Mile,5
147,Schindler's List,3
147,Braveheart,2
147,The Departed,1
147,Interstellar,1
147,Memento,3
147,The Lion King,2
147,Finding Nemo,2
147,Up,3
147,Inside Out,3
147,Frozen,3
147,Moana,3
147,Coco,4
147,WALL-E,3
147,Titanic,3
147,Iron Man,3
147,Spider-Man,2
147,Batman Begins,1
147,Wonder Woman,3
147,Guardians of the Galaxy,4
147,The Notebook,2
147,Pride and Prejudice,4
147,La La Land,4
147,A Star Is Born,4
147,Crazy Rich Asians,3
147,The Fault in Our Stars,4
147,Me Before You,4
147,Superbad,3
147,The Hangover,3
147,Bridesmaids,4
147,Step Brothers,4
147,Anchorman,5
147,Wedding Crashers,4
147,Mean Girls,5
147,21 Jump Street,5
147,Tropic Thunder,4
147,The Conjuring,3
147,A Quiet Place,1
147,It,3
147,Hereditary,3
147,The Exorcist,2
147,The Shining,3
147,Halloween,3
147,Scream,1
148,The Dark Knight,3
148,Pulp Fiction,3
148,Goodfellas,2
148,Fight Club,3
148,Inception,3
148,The Silence of the Lambs,3
148,Se7en,3
148,Gladiator,2
148,Saving Private Ryan,3
148,Schindler's List,2
148,Braveheart,3
148,The Departed,3
148,Inside Out,2
148,Frozen,3
148,Coco,3
148,Monsters Inc,1
148,Titanic,4
148,Avatar,4
148,The Avengers,4
148,Iron Man,4
148,Spider-Man,4
148,Batman Begins,3
148,Wonder Woman,3
148,Black Panther,5
148,Guardians of the Galaxy,5
148,The Notebook,4
148,Pride and Prejudice,4
148,La La Land,5
148,A Star Is Born,5
148,Crazy Rich Asians,4
148,The Fault in Our Stars,4
148,Me Before You,5
148,Superbad,2
148,The Hangover,3
148,Anchorman,3
148,Wedding Crashers,2
148,Get Out,2
148,A Quiet Place,3
148,Scream,3
149,The Godfather,2
149,The Dark Knight,4
149,Pulp Fiction,3
149,Forrest Gump,3
149,The Matrix,2
149,Fight Club,2
149,Inception,3
149,The Silence of the Lambs,4
149,Se7en,3
149,The Usual Suspects,3
149,Gladiator,2
149,The Green Mile,2
149,Schindler's List,2
149,The Departed,2
149,Interstellar,4
149,The Prestige,3
149,The Lion King,5
149,Toy Story,4
149,Finding Nemo,4
149,Up,5
149,Inside Out,4
149,Frozen,4
149,Moana,5
149,Coco,4
149,WALL-E,5
149,Monsters Inc,4
149,Titanic,5
149,Avatar,5
149,The Avengers,5
149,Iron Man,4
149,Spider-Man,4
149,Batman Begins,4
149,Wonder Woman,3
149,Black Panther,4
149,Guardians of the Galaxy,4
149,The Notebook,4
149,Pride and Prejudice,4
149,La La Land,2
149,A Star Is Born,3
149,Crazy Rich Asians,3
149,The Fault in Our Stars,3
149,Me Before You,2
149,Superbad,3
149,The Hangover,3
149,Bridesmaids,3
149,Step Brothers,3
149,Wedding Crashers,3
149,Mean Girls,3
149,Tropic Thunder,3
149,The Conjuring,4
149,A Quiet Place,3
149,It,3
149,Hereditary,2
149,The Exorcist,3
149,The Shining,4
149,Halloween,4
149,Scream,2
150,Pulp Fiction,4
150,The Matrix,1
150,Goodfellas,3
150,Fight Club,3
150,Inception,3
150,The Silence of the Lambs,3
150,Se7en,3
150,The Usual Suspects,3
150,Gladiator,1
150,The Green Mile,3
150,Schindler's List,3
150,Braveheart,2
150,The Departed,1
150,Interstellar,2
150,Django Unchained,2
150,The Lion King,3
150,Toy Story,2
150,Moana,3
150,WALL-E,2
150,Avatar,3
150,The Avengers,2
150,Batman Begins,3
150,Black Panther,3
150,Pride and Prejudice,4
150,La La Land,3
150,A Star Is Born,4
150,Crazy Rich Asians,5
150,The Fault in Our Stars,4
150,Me Before You,3
150,Superbad,4
150,The Hangover,4
150,Bridesmaids,5
150,Step Brothers,3
150,Anchorman,4
150,Wedding Crashers,4
150,Mean Girls,5
150,21 Jump Street,4
150,Tropic Thunder,5
150,A Quiet Place,4
150,It,3
150,Hereditary,4
150,The Exorcist,3
150,The Shining,2
150,Scream,3
150,Nightmare on Elm Street,4
151,The Shawshank Redemption,2
151,The Godfather,5
151,The Dark Knight,4
151,Pulp Fiction,4
151,Forrest Gump,3
151,Goodfellas,5
151,Fight Club,5
151,Inception,4
151,The Silence of the Lambs,5
151,Se7en,4
151,The Usual Suspects,4
151,Gladiator,5
151,Saving Private Ryan,4
151,Schindler's List,3
151,Braveheart,4
151,The Departed,4
151,The Prestige,4
151,Memento,4
151,The Lion King,4
151,Toy Story,5
151,Finding Nemo,4
151,Up,4
151,Inside Out,4
151,Moana,4
151,Coco,3
151,Monsters Inc,3
151,Avatar,1
151,The Avengers,2
151,The Fault in Our Stars,4
151,Superbad,3
151,Step Brothers,3
151,Wedding Crashers,3
151,Mean Girls,2
151,Halloween,4
151,Scream,3
151,Nightmare on Elm Street,3
152,The Shawshank Redemption,4
152,The Godfather,4
152,The Dark Knight,4
152,Pulp Fiction,4
152,Forrest Gump,4
152,The Matrix,4
152,Goodfellas,4
152,Fight Club,4
152,Inception,4
152,The Silence of the Lambs,5
152,Se7en,5
152,The Usual Suspects,3
152,Gladiator,4
152,Saving Private Ryan,4
152,The Green Mile,4
152,Schindler's List,5
152,Braveheart,4
152,The Departed,4
152,Interstellar,5
152,The Prestige,4
152,Memento,4
152,Django Unchained,5
152,The Lion King,4
152,Toy Story,5
152,Finding Nemo,4
152,Up,5
152,Inside Out,4
152,Frozen,4
152,Moana,4
152,Coco,4
152,WALL-E,4
152,Monsters Inc,5
152,Titanic,1
152,Avatar,3
152,The Avengers,2
152,Iron Man,3
152,Spider-Man,3
152,Batman Begins,2
152,Guardians of the Galaxy,3
152,The Notebook,1
152,A Star Is Born,3
152,Crazy Rich Asians,1
152,Me Before You,3
152,Superbad,3
152,The Hangover,3
152,Bridesmaids,3
152,Anchorman,3
152,Wedding Crashers,4
152,21 Jump Street,2
152,Tropic Thunder,3
152,Get Out,4
152,It,2
152,The Exorcist,1
152,Nightmare on Elm Street,1
153,The Shawshank Redemption,4
153,The Godfather,5
153,The Dark Knight,4
153,Pulp Fiction,4
153,Forrest Gump,5
153,The Matrix,4
153,Goodfellas,4
153,Fight Club,4
153,Inception,3
153,The Silence of the Lambs,4
153,Se7en,5
153,The Usual Suspects,5
153,Gladiator,4
153,Saving Private Ryan,4
153,The Green Mile,3
153,Schindler's List,5
153,Braveheart,4
153,The Departed,4
153,Interstellar,4
153,The Prestige,3
153,Memento,5
153,Django Unchained,4
153,The Lion King,4
153,Toy Story,4
153,Finding Nemo,4
153,Up,4
153,Inside Out,4
153,Frozen,4
153,Moana,3
153,Coco,4
153,WALL-E,4
153,Monsters Inc,3
153,The Avengers,2
153,Spider-Man,1
153,Wonder Woman,4
153,Guardians of the Galaxy,1
153,The Notebook,3
153,Pride and Prejudice,3
153,La La Land,3
153,The Fault in Our Stars,4
153,Me Before You,3
153,Superbad,3
153,The Hangover,3
153,Bridesmaids,3
153,Anchorman,3
153,21 Jump Street,1
153,Get Out,1
153,A Quiet Place,3
153,The Exorcist,2
153,The Shining,1
154,The Shawshank Redemption,5
154,The Godfather,4
154,The Dark Knight,4
154,Pulp Fiction,4
154,Forrest Gump,5
154,The Matrix,4
154,Goodfellas,5
154,Fight Club,5
154,Inception,4
154,The Silence of the Lambs,4
154,Se7en,5
154,The Usual Suspects,4
154,Gladiator,5
154,Saving Private Ryan,5
154,The Green Mile,5
154,Schindler's List,4
154,Braveheart,4
154,The Departed,4
154,Interstellar,4
154,The Prestige,4
154,Memento,5
154,Django Unchained,3
154,The Lion King,4
154,Toy Story,5
154,Finding Nemo,4
154,Up,5
154,Inside Out,4
154,Frozen,4
154,Moana,4
154,Coco,4
154,WALL-E,4
154,Monsters Inc,4
154,Titanic,3
154,Avatar,4
154,The Avengers,2
154,Iron Man,4
154,Batman Begins,4
154,Wonder Woman,4
154,Black Panther,4
154,Guardians of the Galaxy,3
154,The Notebook,3
154,Pride and Prejudice,1
154,Crazy Rich Asians,2
154,The Fault in Our Stars,4
154,Superbad,3
154,Bridesmaids,2
154,Step Brothers,2
154,Anchorman,3
154,Wedding Crashers,1
154,21 Jump Street,2
154,Tropic Thunder,1
154,Get Out,3
154,A Quiet Place,3
154,Hereditary,3
154,The Shining,3
154,Halloween,4
154,Scream,3
154,Nightmare on Elm Street,2
155,The Shawshank Redemption,1
155,The Dark Knight,3
155,The Matrix,4
155,Fight Club,4
155,The Silence of the Lambs,4
155,Se7en,2
155,The Usual Suspects,2
155,The Green Mile,1
155,Interstellar,3
155,Memento,3
155,Django Unchained,3
155,The Lion King,2
155,Frozen,2
155,Titanic,4
155,Avatar,5
155,The Avengers,4
155,Iron Man,4
155,Spider-Man,4
155,Batman Begins,4
155,Wonder Woman,5
155,Black Panther,4
155,Guardians of the Galaxy,4
155,The Notebook,5
155,Pride and Prejudice,4
155,La La Land,3
155,A Star Is Born,5
155,Crazy Rich Asians,4
155,The Fault in Our Stars,3
155,Me Before You,5
155,Superbad,5
155,The Hangover,3
155,Bridesmaids,3
155,Wedding Crashers,4
155,Mean Girls,2
155,21 Jump Street,3
155,Tropic Thunder,3
155,The Conjuring,2
155,The Shining,3
156,The Shawshank Redemption,4
156,The Godfather,4
156,Pulp Fiction,5
156,Forrest Gump,3
156,The Matrix,4
156,Goodfellas,4
156,Inception,3
156,The Silence of the Lambs,3
156,The Usual Suspects,4
156,Gladiator,4
156,Saving Private Ryan,5
156,The Green Mile,5
156,Schindler's List,3
156,Braveheart,4
156,The Prestige,4
156,Memento,3
156,Django Unchained,4
156,Toy Story,4
156,Finding Nemo,5
156,Up,5
156,Inside Out,5
156,Frozen,4
156,Moana,4
156,Coco,5
156,WALL-E,5
156,Monsters Inc,4
156,Iron Man,2
156,Spider-Man,4
156,Wonder Woman,3
156,A Star Is Born,4
156,The Fault in Our Stars,3
156,Step Brothers,3
156,Anchorman,3
156,Wedding Crashers,3
156,21 Jump Street,2
156,The Conjuring,3
156,It,2
156,The Shining,3
156,Scream,3
157,The Shawshank Redemption,2
157,The Godfather,2
157,The Dark Knight,3
157,Pulp Fiction,4
157,Forrest Gump,4
157,Fight Club,2
157,Inception,2
157,The Silence of the Lambs,3
157,The Usual Suspects,1
157,Saving Private Ryan,2
157,Schindler's List,2
157,The Departed,4
157,Interstellar,3
157,The Prestige,1
157,Django Unchained,4
157,The Lion King,3
157,Toy Story,1
157,Up,3
157,Inside Out,3
157,Frozen,3
157,Coco,3
157,Monsters Inc,3
157,Titanic,1
157,The Avengers,2
157,Spider-Man,2
157,Batman Begins,2
157,Wonder Woman,2
157,Black Panther,3
157,Guardians of the Galaxy,2
157,The Notebook,3
157,Pride and Prejudice,4
157,La La Land,4
157,A Star Is Born,4
157,Crazy Rich Asians,5
157,The Fault in Our Stars,4
157,Me Before You,4
157,Superbad,4
157,The Hangover,5
157,Bridesmaids,3
157,Step Brothers,4
157,Anchorman,4
157,Wedding Crashers,3
157,Mean Girls,4
157,21 Jump Street,4
157,Tropic Thunder,4
157,The Conjuring,1
157,Get Out,3
157,A Quiet Place,2
157,It,3
157,Hereditary,4
157,The Exorcist,4
157,Scream,3
157,Nightmare on Elm Street,2
158,The Godfather,3
158,The Dark Knight,3
158,Pulp Fiction,4
158,Goodfellas,2
158,The Prestige,3
158,The Lion King,2
158,Toy Story,2
158,Up,3
158,Frozen,3
158,WALL-E,4
158,Monsters Inc,3
158,Wonder Woman,4
158,The Notebook,3
158,A Star Is Born,2
158,Crazy Rich Asians,1
158,Superbad,1
158,The Hangover,5
158,Bridesmaids,5
158,Step Brothers,5
158,Anchorman,5
158,Wedding Crashers,5
158,Mean Girls,4
158,21 Jump Street,4
158,Tropic Thunder,5
158,The Conjuring,5
158,Get Out,4
158,A Quiet Place,4
158,It,3
158,Hereditary,4
158,The Exorcist,4
158,The Shining,5
158,Halloween,3
158,Scream,5
158,Nightmare on Elm Street,4
159,The Shawshank Redemption,5
159,The Godfather,4
159,The Dark Knight,4
159,Pulp Fiction,4
159,Forrest Gump,3
159,The Matrix,5
159,Fight Club,4
159,Inception,5
159,The Silence of the Lambs,4
159,Se7en,5
159,The Usual Suspects,4
159,Gladiator,4
159,Saving Private Ryan,3
159,The Green Mile,4
159,Schindler's List,3
159,Braveheart,5
159,The Departed,4
159,Interstellar,3
159,The Prestige,5
159,Django Unchained,3
159,The Lion King,5
159,Toy Story,3
159,Finding Nemo,4
159,Up,4
159,Inside Out,4
159,Frozen,4
159,Moana,4
159,Coco,4
159,WALL-E,5
159,Monsters Inc,5
159,Avatar,3
159,The Avengers,1
159,Spider-Man,2
159,A Star Is Born,3
159,Me Before You,2
159,Superbad,3
159,Anchorman,3
159,Wedding Crashers,4
159,Mean Girls,4
159,Halloween,2
160,The Shawshank Redemption,3
160,The Dark Knight,1
160,Pulp Fiction,4
160,Forrest Gump,3
160,The Matrix,3
160,Goodfellas,2
160,Fight Club,2
160,Inception,3
160,The Silence of the Lambs,3
160,Se7en,3
160,The Usual Suspects,3
160,The Green Mile,4
160,Braveheart,3
160,The Departed,4
160,Interstellar,2
160,The Prestige,2
160,Memento,3
160,Django Unchained,2
160,The Lion King,3
160,Toy Story,3
160,Finding Nemo,3
160,Up,3
160,Inside Out,1
160,Frozen,3
160,Moana,2
160,Coco,3
160,WALL-E,3
160,Monsters Inc,3
160,Titanic,4
160,Avatar,3
160,The Avengers,4
160,Iron Man,5
160,Spider-Man,4
160,Batman Begins,5
160,Wonder Woman,4
160,Black Panther,4
160,Guardians of the Galaxy,4
160,The Notebook,4
160,Pride and Prejudice,4
160,La La Land,4
160,A Star Is Born,4
160,Crazy Rich Asians,3
160,The Fault in Our Stars,4
160,Me Before You,4
160,Superbad,5
160,The Hangover,2
160,Step Brothers,2
160,Anchorman,3
160,Wedding Crashers,3
160,Mean Girls,3
160,Tropic Thunder,3
160,The Conjuring,3
160,Get Out,3
160,A Quiet Place,3
160,It,3
160,The Exorcist,3
160,The Shining,2
160,Halloween,4
160,Scream,2
161,The Dark Knight,3
161,Pulp Fiction,3
161,Forrest Gump,4
161,Fight Club,2
161,The Silence of the Lambs,3
161,Saving Private Ryan,1
161,The Green Mile,3
161,Schindler's List,2
161,Braveheart,3
161,The Departed,4
161,The Prestige,3
161,Memento,4
161,Django Unchained,3
161,The Lion King,3
161,Finding Nemo,3
161,Up,2
161,Inside Out,3
161,Coco,1
161,Monsters Inc,3
161,Titanic,5
161,Avatar,4
161,The Avengers,4
161,Iron Man,4
161,Spider-Man,4
161,Batman Begins,4
161,Wonder Woman,4
161,Black Panther,4
161,Guardians of the Galaxy,5
161,The Notebook,5
161,Pride and Prejudice,4
161,La La Land,4
161,A Star Is Born,5
161,Crazy Rich Asians,3
161,The Fault in Our Stars,5
161,Me Before You,4
161,Superbad,4
161,Wedding Crashers,3
161,21 Jump Street,3
161,Get Out,4
161,A Quiet Place,3
161,Hereditary,1
161,Halloween,3
161,Scream,3
161,Nightmare on Elm Street,1
162,The Shawshank Redemption,5
162,The Godfather,4
162,The Dark Knight,4
162,Pulp Fiction,4
162,Forrest Gump,5
162,Goodfellas,3
162,Inception,4
162,The Silence of the Lambs,4
162,Se7en,4
162,The Usual Suspects,4
162,Gladiator,3
162,Saving Private Ryan,4
162,The Green Mile,4
162,Braveheart,5
162,The Departed,4
162,Interstellar,5
162,The Prestige,4
162,Django Unchained,5
162,The Lion King,4
162,Toy Story,4
162,Finding Nemo,4
162,Up,4
162,Frozen,4
162,Moana,4
162,Coco,5
162,WALL-E,4
162,Monsters Inc,5
162,The Avengers,2
162,Spider-Man,2
162,Wonder Woman,3
162,Black Panther,3
162,A Star Is Born,1
162,Me Before You,1
162,Superbad,4
162,Anchorman,3
162,A Quiet Place,3
162,It,3
162,Hereditary,5
162,The Exorcist,2
162,The Shining,3
163,Pulp Fiction,3
163,Fight Club,3
163,Se7en,4
163,The Usual Suspects,1
163,Schindler's List,2
163,The Departed,1
163,Django Unchained,3
163,Toy Story,3
163,Finding Nemo,3
163,Frozen,1
163,Moana,3
163,Coco,4
163,WALL-E,2
163,Monsters Inc,3
163,Spider-Man,2
163,Guardians of the Galaxy,4
163,The Notebook,1
163,Pride and Prejudice,3
163,La La Land,3
163,Crazy Rich Asians,3
163,The Fault in Our Stars,1
163,The Hangover,4
163,Bridesmaids,4
163,Step Brothers,5
163,Anchorman,4
163,Wedding Crashers,3
163,Mean Girls,4
163,21 Jump Street,4
163,Tropic Thunder,5
163,The Conjuring,4
163,Get Out,4
163,A Quiet Place,4
163,It,4
163,Hereditary,4
163,The Exorcist,5
163,The Shining,4
163,Scream,5
163,Nightmare on Elm Street,5
164,The Shawshank Redemption,3
164,The Godfather,3
164,The Dark Knight,4
164,Pulp Fiction,5
164,Forrest Gump,4
164,The Matrix,5
164,Goodfellas,4
164,Fight Club,4
164,Inception,4
164,The Silence of the Lambs,2
164,Se7en,4
164,The Usual Suspects,4
164,Gladiator,4
164,Saving Private Ryan,5
164,The Green Mile,3
164,Schindler's List,4
164,Braveheart,4
164,The Departed,5
164,Interstellar,4
164,The Prestige,4
164,Memento,5
164,Django Unchained,4
164,The Lion King,4
164,Toy Story,4
164,Finding Nemo,4
164,Up,4
164,Inside Out,5
164,Frozen,3
164,Moana,4
164,Coco,4
164,WALL-E,5
164,Monsters Inc,5
164,Titanic,4
164,Avatar,4
164,The Avengers,3
164,Iron Man,3
164,Batman Begins,2
164,Wonder Woman,2
164,Black Panther,2
164,Guardians of the Galaxy,3
164,The Notebook,3
164,Pride and Prejudice,4
164,La La Land,3
164,Crazy Rich Asians,2
164,The Fault in Our Stars,2
164,Superbad,2
164,The Hangover,2
164,Bridesmaids,1
164,Step Brothers,4
164,Wedding Crashers,3
164,Mean Girls,3
164,21 Jump Street,3
164,Tropic Thunder,3
164,The Conjuring,4
164,A Quiet Place,3
164,It,1
164,Hereditary,2
164,The Shining,2
164,Scream,4
165,The Shawshank Redemption,3
165,The Godfather,3
165,Forrest Gump,3
165,The Matrix,1
165,Goodfellas,2
165,Inception,3
165,The Silence of the Lambs,3
165,Se7en,2
165,The Usual Suspects,4
165,The Green Mile,2
165,Schindler's List,3
165,Braveheart,3
165,The Departed,3
165,The Prestige,3
165,Memento,3
165,Django Unchained,3
165,The Lion King,2
165,Toy Story,3
165,Finding Nemo,1
165,Up,3
165,Frozen,3
165,Coco,3
165,Titanic,4
165,Avatar,4
165,The Avengers,5
165,Iron Man,5
165,Spider-Man,3
165,Batman Begins,4
165,Wonder Woman,4
165,Black Panther,4
165,Guardians of the Galaxy,2
165,The Notebook,4
165,Pride and Prejudice,4
165,La La Land,3
165,A Star Is Born,4
165,Crazy Rich Asians,3
165,The Fault in Our Stars,4
165,Me Before You,4
165,Superbad,5
165,The Hangover,3
165,Bridesmaids,2
165,Step Brothers,3
165,Anchorman,3
165,Mean Girls,3
165,Tropic Thunder,3
165,The Conjuring,3
165,Get Out,2
165,A Quiet Place,2
165,Hereditary,3
165,The Exorcist,3
165,The Shining,2
165,Scream,3
165,Nightmare on Elm Street,2
166,The Godfather,1
166,The Dark Knight,3
166,Forrest Gump,3
166,The Matrix,1
166,Goodfellas,2
166,Fight Club,3
166,Inception,2
166,The Usual Suspects,5
166,Gladiator,4
166,The Green Mile,3
166,Schindler's List,5
166,The Departed,3
166,The Prestige,5
166,Django Unchained,3
166,The Lion King,4
166,Toy Story,4
166,Finding Nemo,4
166,Up,3
166,Inside Out,4
166,Frozen,5
166,Moana,4
166,Coco,3
166,WALL-E,4
166,Monsters Inc,4
166,Titanic,4
166,Avatar,4
166,The Avengers,4
166,Iron Man,5
166,Spider-Man,4
166,Batman Begins,4
166,Wonder Woman,4
166,Black Panther,4
166,Guardians of the Galaxy,4
166,The Notebook,4
166,La La Land,4
166,A Star Is Born,2
166,Crazy Rich Asians,2
166,The Fault in Our Stars,3
166,Superbad,3
166,The Hangover,3
166,Bridesmaids,3
166,Anchorman,2
166,Wedding Crashers,2
166,21 Jump Street,2
166,Get Out,3
166,A Quiet Place,4
166,It,2
166,Hereditary,4
166,The Exorcist,4
166,Halloween,1
166,Scream,3
167,The Dark Knight,2
167,The Matrix,2
167,Goodfellas,3
167,Fight Club,3
167,Inception,3
167,Se7en,3
167,The Usual Suspects,3
167,Gladiator,3
167,The Green Mile,3
167,Schindler's List,2
167,Braveheart,3
167,Interstellar,3
167,The Prestige,1
167,Memento,3
167,Django Unchained,3
167,The Lion King,3
167,Toy Story,3
167,Up,3
167,Inside Out,2
167,Frozen,3
167,Moana,2
167,WALL-E,3
167,Monsters Inc,4
167,Titanic,3
167,Iron Man,3
167,Batman Begins,3
167,Wonder Woman,3
167,Pride and Prejudice,4
167,La La Land,4
167,A Star Is Born,4
167,Crazy Rich Asians,3
167,The Fault in Our Stars,5
167,Me Before You,3
167,Superbad,4
167,The Hangover,5
167,Bridesmaids,5
167,Step Brothers,4
167,Anchorman,4
167,Wedding Crashers,5
167,Mean Girls,4
167,21 Jump Street,3
167,Tropic Thunder,4
167,The Conjuring,3
167,Get Out,3
167,A Quiet Place,2
167,Hereditary,3
167,The Exorcist,1
167,Halloween,3
167,Nightmare on Elm Street,3
168,The Shawshank Redemption,2
168,The Godfather,3
168,The Matrix,3
168,Se7en,3
168,Gladiator,3
168,The Green Mile,3
168,The Departed,1
168,The Prestige,3
168,Django Unchained,2
168,The Lion King,3
168,Finding Nemo,4
168,Inside Out,4
168,Frozen,4
168,Moana,2
168,Coco,3
168,Monsters Inc,2
168,Titanic,4
168,Avatar,5
168,The Avengers,5
168,Iron Man,4
168,Spider-Man,4
168,Batman Begins,4
168,Wonder Woman,4
168,Black Panther,4
168,Guardians of the Galaxy,5
168,The Notebook,4
168,Pride and Prejudice,4
168,La La Land,4
168,A Star Is Born,4
168,Crazy Rich Asians,4
168,The Fault in Our Stars,4
168,Me Before You,3
168,Superbad,5
168,Bridesmaids,3
168,Step Brothers,3
168,Anchorman,3
168,Wedding Crashers,2
168,The Conjuring,2
168,Hereditary,4
168,The Shining,3
168,Nightmare on Elm Street,3
169,The Shawshank Redemption,4
169,The Godfather,4
169,The Dark Knight,4
169,Pulp Fiction,3
169,Forrest Gump,5
169,The Matrix,5
169,Goodfellas,5
169,Fight Club,5
169,Inception,4
169,The Silence of the Lambs,5
169,Se7en,4
169,The Usual Suspects,4
169,Gladiator,4
169,Saving Private Ryan,4
169,The Green Mile,5
169,Schindler's List,4
169,Braveheart,4
169,The Departed,4
169,Interstellar,4
169,The Prestige,5
169,Memento,4
169,Django Unchained,4
169,The Lion King,4
169,Toy Story,4
169,Finding Nemo,4
169,Up,4
169,Inside Out,4
169,Frozen,3
169,Moana,4
169,Coco,4
169,WALL-E,4
169,Monsters Inc,4
169,Avatar,3
169,The Avengers,3
169,Iron Man,2
169,Spider-Man,3
169,Batman Begins,2
169,Wonder Woman,3
169,Black Panther,2
169,The Notebook,3
169,Pride and Prejudice,3
169,La La Land,3
169,Crazy Rich Asians,3
169,The Fault in Our Stars,3
169,Me Before You,3
169,Superbad,3
169,Step Brothers,3
169,Wedding Crashers,3
169,Mean Girls,3
169,The Conjuring,3
169,It,3
169,The Exorcist,4
169,The Shining,3
169,Scream,3
170,The Shawshank Redemption,3
170,The Godfather,3
170,Pulp Fiction,3
170,The Matrix,2
170,Goodfellas,2
170,Inception,3
170,The Silence of the Lambs,3
170,The Usual Suspects,4
170,Gladiator,3
170,The Green Mile,4
170,Braveheart,2
170,The Departed,1
170,The Prestige,2
170,Django Unchained,1
170,Finding Nemo,3
170,Moana,3
170,WALL-E,1
170,Titanic,1
170,Avatar,4
170,The Avengers,3
170,Iron Man,3
170,Spider-Man,2
170,Guardians of the Galaxy,3
170,The Notebook,2
170,Pride and Prejudice,5
170,La La Land,3
170,A Star Is Born,5
170,Crazy Rich Asians,3
170,The Fault in Our Stars,4
170,Me Before You,4
170,Superbad,4
170,The Hangover,4
170,Bridesmaids,3
170,Step Brothers,4
170,Anchorman,5
170,Wedding Crashers,4
170,Mean Girls,5
170,21 Jump Street,4
170,Tropic Thunder,4
170,The Conjuring,2
170,Get Out,1
170,A Quiet Place,1
170,It,3
170,The Shining,1
170,Scream,3
170,Nightmare on Elm Street,3
171,The Shawshank Redemption,4
171,The Godfather,4
171,The Dark Knight,4
171,Pulp Fiction,3
171,Forrest Gump,4
171,The Matrix,4
171,Goodfellas,4
171,Fight Club,3
171,Inception,3
171,The Silence of the Lambs,4
171,Se7en,4
171,The Usual Suspects,5
171,Saving Private Ryan,5
171,The Green Mile,4
171,Schindler's List,4
171,Braveheart,5
171,The Departed,4
171,Interstellar,4
171,The Prestige,4
171,Memento,5
171,The Lion King,4
171,Up,4
171,Frozen,5
171,Moana,4
171,Coco,4
171,WALL-E,4
171,Monsters Inc,3
171,Titanic,3
171,Avatar,4
171,Spider-Man,4
171,Wonder Woman,3
171,The Notebook,2
171,La La Land,3
171,Me Before You,3
171,Tropic Thunder,3
172,The Shawshank Redemption,4
172,The Godfather,4
172,The Dark Knight,4
172,Pulp Fiction,5
172,Forrest Gump,4
172,The Matrix,4
172,Goodfellas,3
172,Fight Club,5
172,Inception,4
172,The Silence of the Lambs,4
172,Se7en,4
172,The Usual Suspects,5
172,Gladiator,4
172,Saving Private Ryan,4
172,The Green Mile,3
172,Schindler's List,5
172,Braveheart,4
172,The Departed,5
172,Interstellar,4
172,The Prestige,4
172,Memento,5
172,Django Unchained,5
172,The Lion King,4
172,Toy Story,3
172,Finding Nemo,5
172,Up,5
172,Inside Out,5
172,Frozen,5
172,Moana,5
172,Coco,5
172,WALL-E,3
172,Monsters Inc,5
172,Titanic,3
172,The Avengers,3
172,Iron Man,3
172,Spider-Man,4
172,Wonder Woman,3
172,Pride and Prejudice,4
172,La La Land,3
172,A Star Is Born,3
172,Crazy Rich Asians,4
172,Superbad,3
172,The Hangover,2
172,Step Brothers,1
172,Wedding Crashers,3
172,Mean Girls,3
172,Tropic Thunder,3
172,A Quiet Place,2
172,Hereditary,2
172,The Exorcist,1
172,The Shining,3
172,Halloween,3
172,Nightmare on Elm Street,2
173,The Shawshank Redemption,1
173,Forrest Gump,3
173,The Matrix,4
173,Goodfellas,4
173,Inception,2
173,Se7en,3
173,The Usual Suspects,3
173,Gladiator,2
173,Saving Private Ryan,3
173,Memento,2
173,Django Unchained,1
173,The Lion King,3
173,Toy Story,3
173,Finding Nemo,4
173,Up,4
173,Inside Out,4
173,Frozen,4
173,Moana,4
173,Coco,4
173,WALL-E,4
173,Monsters Inc,5
173,Titanic,4
173,Avatar,4
173,The Avengers,4
173,Iron Man,4
173,Spider-Man,4
173,Batman Begins,3
173,Wonder Woman,5
173,Black Panther,4
173,Guardians of the Galaxy,5
173,The Notebook,3
173,Crazy Rich Asians,2
173,The Fault in Our Stars,3
173,The Hangover,2
173,Bridesmaids,2
173,Tropic Thunder,1
173,Get Out,3
173,Hereditary,2
173,Halloween,4
173,Scream,2
173,Nightmare on Elm Street,2
174,The Matrix,3
174,Goodfellas,1
174,Inception,3
174,The Silence of the Lambs,4
174,Se7en,3
174,The Usual Suspects,3
174,Gladiator,3
174,The Departed,3
174,The Prestige,3
174,Memento,3
174,The Lion King,3
174,Toy Story,1
174,Frozen,3
174,Moana,3
174,Coco,3
174,WALL-E,3
174,Monsters Inc,2
174,The Avengers,4
174,Batman Begins,1
174,The Notebook,3
174,Pride and Prejudice,3
174,La La Land,5
174,A Star Is Born,4
174,Crazy Rich Asians,3
174,The Fault in Our Stars,3
174,Me Before You,5
174,Superbad,4
174,The Hangover,3
174,Bridesmaids,4
174,Step Brothers,4
174,Anchorman,5
174,Wedding Crashers,4
174,Mean Girls,4
174,21 Jump Street,5
174,Tropic Thunder,4
174,Get Out,3
174,A Quiet Place,3
174,It,2
174,The Exorcist,3
174,The Shining,1
174,Scream,2
174,Nightmare on Elm Street,3
175,The Shawshank Redemption,3
175,Goodfellas,1
175,Inception,3
175,Se7en,2
175,The Usual Suspects,1
175,Saving Private Ryan,1
175,The Prestige,3
175,Django Unchained,1
175,The Lion King,4
175,Toy Story,3
175,WALL-E,3
175,Monsters Inc,2
175,The Avengers,3
175,Iron Man,3
175,Black Panther,4
175,Guardians of the Galaxy,2
175,The Notebook,3
175,Pride and Prejudice,3
175,La La Land,5
175,A Star Is Born,4
175,Crazy Rich Asians,4
175,The Fault in Our Stars,5
175,Me Before You,4
175,Superbad,3
175,The Hangover,4
175,Bridesmaids,3
175,Step Brothers,3
175,Anchorman,4
175,Wedding Crashers,4
175,Mean Girls,4
175,21 Jump Street,5
175,Tropic Thunder,5
175,Get Out,3
175,It,3
175,Hereditary,3
175,The Exorcist,3
175,Halloween,3
175,Scream,2
175,Nightmare on Elm Street,4
176,The Shawshank Redemption,3
176,The Godfather,2
176,The Matrix,2
176,Fight Club,2
176,Se7en,3
176,The Usual Suspects,1
176,Gladiator,2
176,Saving Private Ryan,3
176,The Green Mile,1
176,Schindler's List,3
176,Braveheart,3
176,The Departed,3
176,Interstellar,1
176,The Prestige,3
176,Memento,2
176,Django Unchained,4
176,The Lion King,5
176,Toy Story,3
176,Finding Nemo,5
176,Up,5
176,Inside Out,5
176,Frozen,5
176,Moana,4
176,Coco,4
176,WALL-E,4
176,Monsters Inc,5
176,Titanic,4
176,Avatar,4
176,The Avengers,5
176,Iron Man,5
176,Spider-Man,3
176,Batman Begins,5
176,Wonder Woman,2
176,Black Panther,5
176,Guardians of the Galaxy,4
176,The Notebook,5
176,Pride and Prejudice,3
176,La La Land,2
176,A Star Is Born,3
176,Crazy Rich Asians,1
176,Me Before You,3
176,Superbad,1
176,The Hangover,3
176,Bridesmaids,3
176,Anchorman,4
176,Wedding Crashers,3
176,21 Jump Street,3
176,Tropic Thunder,3
176,The Conjuring,4
176,It,3
176,The Exorcist,1
176,The Shining,3
176,Halloween,4
177,Pulp Fiction,4
177,The Matrix,3
177,Goodfellas,2
177,Fight Club,4
177,Se7en,3
177,Gladiator,3
177,Saving Private Ryan,2
177,The Green Mile,2
177,Interstellar,3
177,The Prestige,3
177,Memento,2
177,Django Unchained,3
177,Toy Story,1
177,Inside Out,3
177,Moana,3
177,Coco,2
177,WALL-E,2
177,Titanic,5
177,Avatar,4
177,The Avengers,3
177,Iron Man,3
177,Spider-Man,5
177,Batman Begins,4
177,Wonder Woman,4
177,Black Panther,4
177,Guardians of the Galaxy,4
177,The Notebook,4
177,Pride and Prejudice,3
177,La La Land,5
177,A Star Is Born,4
177,Crazy Rich Asians,5
177,The Fault in Our Stars,5
177,Me Before You,4
177,Superbad,4
177,Anchorman,3
177,Mean Girls,3
177,Tropic Thunder,3
177,The Conjuring,3
177,Get Out,3
177,Hereditary,3
177,Scream,3
177,Nightmare on Elm Street,5
178,The Shawshank Redemption,4
178,The Godfather,5
178,The Dark Knight,4
178,Pulp Fiction,4
178,Forrest Gump,4
178,The Matrix,4
178,Goodfellas,4
178,Fight Club,4
178,Inception,5
178,The Silence of the Lambs,4
178,Se7en,4
178,The Usual Suspects,4
178,Gladiator,5
178,Saving Private Ryan,4
178,The Green Mile,4
178,Schindler's List,4
178,Braveheart,5
178,The Departed,4
178,Interstellar,4
178,The Prestige,5
178,Memento,3
178,Django Unchained,4
178,The Lion King,4
178,Toy Story,4
178,Finding Nemo,4
178,Up,5
178,Inside Out,3
178,Frozen,4
178,Moana,2
178,Coco,5
178,WALL-E,5
178,Monsters Inc,4
178,Titanic,2
178,Avatar,2
178,Batman Begins,3
178,Black Panther,1
178,Guardians of the Galaxy,5
178,The Notebook,3
178,Pride and Prejudice,4
178,La La Land,1
178,A Star Is Born,3
178,Crazy Rich Asians,3
178,The Fault in Our Stars,1
178,Me Before You,3
178,Superbad,2
178,The Hangover,1
178,Bridesmaids,3
178,Wedding Crashers,4
178,Mean Girls,2
178,21 Jump Street,2
178,The Conjuring,2
178,Get Out,3
178,Hereditary,3
178,The Shining,2
178,Halloween,4
178,Scream,2
178,Nightmare on Elm Street,3
179,The Shawshank Redemption,2
179,The Dark Knight,3
179,The Matrix,3
179,Fight Club,3
179,Inception,3
179,Gladiator,3
179,Schindler's List,3
179,Braveheart,3
179,The Lion King,4
179,Finding Nemo,2
179,Up,2
179,Moana,3
179,WALL-E,3
179,Monsters Inc,2
179,Titanic,3
179,Iron Man,3
179,Black Panther,3
179,The Notebook,2
179,A Star Is Born,3
179,Crazy Rich Asians,2
179,The Fault in Our Stars,3
179,Me Before You,3
179,Superbad,2
179,The Hangover,5
179,Bridesmaids,4
179,Step Brothers,4
179,Anchorman,4
179,Wedding Crashers,4
179,Mean Girls,4
179,21 Jump Street,5
179,Tropic Thunder,5
179,The Conjuring,4
179,Get Out,4
179,A Quiet Place,4
179,It,4
179,Hereditary,4
179,The Exorcist,4
179,The Shining,3
179,Halloween,4
179,Scream,4
179,Nightmare on Elm Street,4
180,The Shawshank Redemption,4
180,The Godfather,4
180,The Dark Knight,4
180,Pulp Fiction,4
180,Forrest Gump,3
180,The Matrix,5
180,Goodfellas,4
180,Fight Club,4
180,Inception,5
180,The Silence of the Lambs,4
180,Se7en,4
180,The Usual Suspects,4
180,Gladiator,4
180,Saving Private Ryan,4
180,The Green Mile,4
180,Schindler's List,4
180,Braveheart,5
180,The Departed,3
180,Interstellar,4
180,The Prestige,5
180,Memento,3
180,Django Unchained,5
180,The Lion King,5
180,Toy Story,4
180,Finding Nemo,4
180,Up,3
180,Inside Out,4
180,Frozen,4
180,Moana,4
180,Coco,3
180,WALL-E,4
180,Monsters Inc,5
180,Titanic,3
180,The Avengers,4
180,Iron Man,3
180,Batman Begins,3
180,Wonder Woman,3
180,Pride and Prejudice,3
180,La La Land,4
180,A Star Is Born,1
180,Crazy Rich Asians,3
180,The Fault in Our Stars,3
180,Me Before You,2
180,Superbad,2
180,The Hangover,3
180,Step Brothers,3
180,Anchorman,3
180,Wedding Crashers,3
180,Mean Girls,3
180,21 Jump Street,3
180,The Conjuring,3
180,Get Out,2
180,It,2
180,The Exorcist,1
180,The Shining,3
180,Scream,3
180,Nightmare on Elm Street,4
181,The Shawshank Redemption,3
181,The Godfather,5
181,The Dark Knight,5
181,Forrest Gump,4
181,The Matrix,4
181,Inception,4
181,Se7en,5
181,The Usual Suspects,4
181,Gladiator,5
181,Saving Private Ryan,3
181,The Green Mile,4
181,Schindler's List,3
181,Braveheart,4
181,The Departed,4
181,Interstellar,5
181,Memento,5
181,Django Unchained,4
181,The Lion King,4
181,Toy Story,5
181,Finding Nemo,4
181,Inside Out,4
181,Frozen,4
181,Moana,4
181,Coco,4
181,WALL-E,5
181,Monsters Inc,4
181,Titanic,2
181,Guardians of the Galaxy,3
181,The Fault in Our Stars,2
181,Me Before You,3
181,Wedding Crashers,2
181,21 Jump Street,1
181,Get Out,4
181,The Shining,3
181,Halloween,2
181,Nightmare on Elm Street,2
182,The Shawshank Redemption,1
182,The Dark Knight,2
182,Inception,1
182,The Silence of the Lambs,2
182,The Prestige,1
182,The Lion King,2
182,Up,2
182,Moana,3
182,Titanic,5
182,Avatar,4
182,The Avengers,4
182,Iron Man,4
182,Spider-Man,4
182,Batman Begins,4
182,Wonder Woman,5
182,Black Panther,4
182,Guardians of the Galaxy,5
182,The Notebook,3
182,Pride and Prejudice,4
182,La La Land,5
182,A Star Is Born,5
182,Crazy Rich Asians,4
182,The Fault in Our Stars,5
182,Me Before You,4
182,Superbad,4
182,Bridesmaids,2
182,Anchorman,3
182,Wedding Crashers,2
182,Tropic Thunder,3
182,The Conjuring,1
182,Get Out,3
182,Hereditary,4
182,The Exorcist,3
182,The Shining,2
182,Nightmare on Elm Street,2
183,The Shawshank Redemption,4
183,The Godfather,4
183,The Dark Knight,4
183,Pulp Fiction,4
183,Forrest Gump,3
183,The Matrix,4
183,Goodfellas,4
183,Fight Club,4
183,Inception,4
183,The Silence of the Lambs,3
183,Se7en,4
183,The Usual Suspects,5
183,Gladiator,3
183,Saving Private Ryan,4
183,The Green Mile,4
183,Schindler's List,5
183,Braveheart,4
183,The Departed,4
183,Interstellar,4
183,The Prestige,4
183,Memento,4
183,Django Unchained,3
183,The Lion King,5
183,Toy Story,5
183,Finding Nemo,5
183,Up,3
183,Inside Out,4
183,Frozen,3
183,Moana,5
183,Coco,4
183,WALL-E,5
183,Monsters Inc,5
183,Avatar,1
183,Wonder Woman,4
183,La La Land,3
183,Me Before You,2
183,Superbad,2
183,The Hangover,3
183,Bridesmaids,2
183,Mean Girls,3
183,Tropic Thunder,4
183,The Conjuring,2
183,It,3
184,The Shawshank Redemption,3
184,The Godfather,3
184,The Dark Knight,2
184,Forrest Gump,3
184,The Matrix,3
184,Goodfellas,3
184,Fight Club,2
184,Inception,3
184,The Silence of the Lambs,2
184,Se7en,2
184,The Usual Suspects,1
184,The Green Mile,4
184,Schindler's List,4
184,The Departed,4
184,Interstellar,3
184,The Prestige,1
184,Memento,2
184,Django Unchained,3
184,The Lion King,5
184,Toy Story,3
184,Finding Nemo,4
184,Up,4
184,Inside Out,3
184,Frozen,4
184,Moana,3
184,Coco,4
184,WALL-E,4
184,Monsters Inc,3
184,Titanic,4
184,Avatar,4
184,The Avengers,5
184,Iron Man,4
184,Spider-Man,4
184,Batman Begins,4
184,Wonder Woman,4
184,Black Panther,5
184,Guardians of the Galaxy,3
184,The Notebook,5
184,Pride and Prejudice,2
184,La La Land,3
184,A Star Is Born,2
184,Crazy Rich Asians,2
184,The Fault in Our Stars,3
184,Superbad,2
184,The Hangover,3
184,Bridesmaids,3
184,Step Brothers,1
184,Wedding Crashers,3
184,Mean Girls,3
184,The Conjuring,3
184,Get Out,3
184,It,3
184,Hereditary,3
184,The Shining,2
184,Halloween,3
184,Nightmare on Elm Street,4
185,The Shawshank Redemption,1
185,The Godfather,3
185,Fight Club,2
185,Inception,3
185,Se7en,4
185,The Usual Suspects,3
185,Gladiator,2
185,Schindler's List,2
185,Braveheart,2
185,The Departed,3
185,The Prestige,1
185,Memento,2
185,Django Unchained,3
185,The Lion King,3
185,Toy Story,4
185,Finding Nemo,4
185,Up,4
185,Inside Out,5
185,Moana,4
185,Coco,5
185,WALL-E,4
185,Monsters Inc,4
185,Titanic,4
185,Avatar,5
185,The Avengers,3
185,Iron Man,4
185,Spider-Man,4
185,Batman Begins,4
185,Wonder Woman,4
185,Black Panther,5
185,Guardians of the Galaxy,4
185,The Notebook,3
185,A Star Is Born,2
185,Superbad,2
185,The Hangover,2
185,Get Out,3
185,Hereditary,2
185,Halloween,2
185,Scream,3
186,Pulp Fiction,4
186,Forrest Gump,3
186,Inception,2
186,The Usual Suspects,2
186,The Prestige,3
186,Memento,3
186,Django Unchained,2
186,Moana,2
186,Coco,3
186,WALL-E,3
186,Titanic,4
186,The Avengers,3
186,Batman Begins,3
186,Wonder Woman,4
186,The Notebook,3
186,Pride and Prejudice,4
186,La La Land,4
186,A Star Is Born,4
186,Crazy Rich Asians,5
186,The Fault in Our Stars,5
186,Me Before You,4
186,Superbad,4
186,The Hangover,4
186,Bridesmaids,4
186,Step Brothers,5
186,Anchorman,4
186,Wedding Crashers,4
186,Mean Girls,4
186,21 Jump Street,5
186,Tropic Thunder,4
186,The Exorcist,3
186,Nightmare on Elm Street,2
187,Forrest Gump,2
187,Goodfellas,3
187,Fight Club,3
187,Inception,2
187,Se7en,1
187,The Usual Suspects,2
187,Saving Private Ryan,4
187,Schindler's List,3
187,The Prestige,3
187,Memento,1
187,Django Unchained,3
187,The Lion King,3
187,Toy Story,3
187,Frozen,4
187,Coco,2
187,WALL-E,2
187,Monsters Inc,2
187,Avatar,3
187,The Avengers,3
187,Iron Man,3
187,Wonder Woman,3
187,The Notebook,4
187,Pride and Prejudice,2
187,A Star Is Born,3
187,Crazy Rich Asians,3
187,The Fault in Our Stars,3
187,Superbad,3
187,The Hangover,4
187,Bridesmaids,5
187,Step Brothers,4
187,Anchorman,4
187,Wedding Crashers,4
187,Mean Girls,4
187,21 Jump Street,4
187,Tropic Thunder,4
187,The Conjuring,4
187,Get Out,3
187,A Quiet Place,4
187,It,4
187,Hereditary,4
187,The Exorcist,3
187,The Shining,4
187,Halloween,4
187,Scream,5
187,Nightmare on Elm Street,3
188,The Shawshank Redemption,4
188,The Godfather,4
188,The Dark Knight,4
188,Pulp Fiction,5
188,Forrest Gump,5
188,The Matrix,5
188,Goodfellas,4
188,Fight Club,3
188,Inception,5
188,The Silence of the Lambs,4
188,Se7en,3
188,The Usual Suspects,4
188,Gladiator,4
188,Saving Private Ryan,4
188,The Green Mile,4
188,Schindler's List,5
188,Braveheart,4
188,The Departed,4
188,Interstellar,4
188,The Prestige,5
188,Memento,4
188,Django Unchained,4
188,The Lion King,4
188,Toy Story,4
188,Finding Nemo,4
188,Up,4
188,Inside Out,4
188,Frozen,4
188,Moana,4
188,Coco,4
188,WALL-E,4
188,Monsters Inc,3
188,Avatar,3
188,Spider-Man,2
188,Batman Begins,3
188,Wonder Woman,3
188,Guardians of the Galaxy,3
188,The Notebook,2
188,Pride and Prejudice,3
188,La La Land,3
188,A Star Is Born,4
188,Crazy Rich Asians,3
188,The Hangover,3
188,Bridesmaids,2
188,Step Brothers,4
188,Anchorman,3
188,Wedding Crashers,3
188,Mean Girls,5
188,21 Jump Street,2
188,The Conjuring,1
188,A Quiet Place,4
188,It,3
188,Hereditary,3
188,The Shining,1
188,Scream,2
188,Nightmare on Elm Street,2
189,The Godfather,4
189,Forrest Gump,5
189,The Matrix,5
189,Goodfellas,4
189,Fight Club,4
189,The Silence of the Lambs,4
189,Se7en,4
189,The Usual Suspects,5
189,The Green Mile,5
189,Schindler's List,3
189,Braveheart,4
189,The Departed,4
189,Interstellar,5
189,The Prestige,4
189,Memento,4
189,Django Unchained,5
189,The Lion King,4
189,Toy Story,4
189,Up,5
189,Inside Out,4
189,Frozen,4
189,Moana,3
189,WALL-E,5
189,Monsters Inc,4
189,The Avengers,1
189,Spider-Man,3
189,Batman Begins,3
189,Black Panther,4
189,Guardians of the Galaxy,1
189,La La Land,3
189,The Fault in Our Stars,2
189,Bridesmaids,3
189,Wedding Crashers,4
189,Mean Girls,1
189,Get Out,3
189,A Quiet Place,3
190,The Shawshank Redemption,3
190,The Godfather,4
190,The Dark Knight,2
190,Pulp Fiction,4
190,Forrest Gump,3
190,The Matrix,4
190,Goodfellas,3
190,Fight Club,2
190,Inception,3
190,The Silence of the Lambs,3
190,Se7en,2
190,Gladiator,3
190,Saving Private Ryan,3
190,The Departed,2
190,Interstellar,3
190,The Prestige,2
190,Memento,1
190,Django Unchained,2
190,The Lion King,3
190,Toy Story,2
190,Finding Nemo,3
190,Moana,4
190,WALL-E,1
190,Titanic,4
190,Avatar,4
190,The Avengers,4
190,Iron Man,4
190,Spider-Man,5
190,Batman Begins,3
190,Wonder Woman,4
190,Black Panther,4
190,Guardians of the Galaxy,4
190,The Notebook,4
190,Pride and Prejudice,4
190,La La Land,4
190,A Star Is Born,4
190,Crazy Rich Asians,5
190,The Fault in Our Stars,3
190,Me Before You,4
190,Superbad,5
190,The Hangover,3
190,Bridesmaids,3
190,Step Brothers,3
190,Anchorman,3
190,Wedding Crashers,3
190,Mean Girls,4
190,Tropic Thunder,4
190,The Conjuring,2
190,Get Out,3
190,A Quiet Place,2
190,It,4
190,Hereditary,3
190,The Exorcist,3
190,The Shining,2
190,Scream,4
190,Nightmare on Elm Street,3
191,The Shawshank Redemption,2
191,The Godfather,1
191,The Matrix,3
191,Goodfellas,1
191,Fight Club,3
191,Inception,3
191,The Silence of the Lambs,2
191,Se7en,3
191,Gladiator,2
191,Saving Private Ryan,4
191,The Green Mile,3
191,Schindler's List,4
191,Braveheart,3
191,The Prestige,2
191,Memento,2
191,The Lion King,4
191,Toy Story,5
191,Finding Nemo,4
191,Up,4
191,Inside Out,4
191,Frozen,4
191,Moana,3
191,Coco,4
191,WALL-E,4
191,Monsters Inc,3
191,Titanic,4
191,Avatar,4
191,The Avengers,5
191,Iron Man,4
191,Spider-Man,4
191,Batman Begins,4
191,Wonder Woman,4
191,Black Panther,3
191,Guardians of the Galaxy,5
191,The Notebook,4
191,Pride and Prejudice,2
191,A Star Is Born,3
191,Crazy Rich Asians,2
191,The Fault in Our Stars,3
191,Me Before You,2
191,The Hangover,2
191,Anchorman,3
191,Wedding Crashers,2
191,Mean Girls,4
191,Tropic Thunder,2
191,The Conjuring,3
191,Get Out,2
191,A Quiet Place,3
191,It,2
191,Hereditary,3
191,The Shining,3
191,Halloween,3
191,Scream,3
191,Nightmare on Elm Street,1
192,The Godfather,2
192,Forrest Gump,3
192,The Matrix,2
192,Goodfellas,3
192,Inception,4
192,The Silence of the Lambs,3
192,Se7en,1
192,The Usual Suspects,3
192,Schindler's List,3
192,The Departed,2
192,Django Unchained,2
192,Up,3
192,Frozen,2
192,WALL-E,1
192,Titanic,3
192,Avatar,3
192,Iron Man,3
192,Guardians of the Galaxy,2
192,The Notebook,4
192,The Fault in Our Stars,4
192,Superbad,3
192,The Hangover,5
192,Step Brothers,4
192,Anchorman,5
192,Wedding Crashers,4
192,Mean Girls,4
192,21 Jump Street,4
192,Tropic Thunder,3
192,The Conjuring,3
192,Get Out,3
192,A Quiet Place,4
192,It,3
192,Hereditary,4
192,The Exorcist,4
192,The Shining,4
192,Halloween,3
192,Scream,3
192,Nightmare on Elm Street,4
193,Pulp Fiction,4
193,Goodfellas,2
193,Fight Club,3
193,Inception,2
193,The Silence of the Lambs,3
193,The Usual Suspects,4
193,Gladiator,3
193,Schindler's List,2
193,Braveheart,2
193,Interstellar,1
193,The Prestige,2
193,Memento,3
193,Django Unchained,3
193,Toy Story,1
193,Finding Nemo,2
193,Up,3
193,Inside Out,3
193,Frozen,3
193,Monsters Inc,2
193,Titanic,2
193,The Avengers,3
193,Iron Man,3
193,Batman Begins,3
193,Wonder Woman,3
193,Black Panther,1
193,Guardians of the Galaxy,2
193,Pride and Prejudice,3
193,La La Land,5
193,A Star Is Born,4
193,Crazy Rich Asians,4
193,The Fault in Our Stars,4
193,Me Before You,4
193,Superbad,5
193,The Hangover,4
193,Bridesmaids,3
193,Step Brothers,4
193,Anchorman,4
193,Wedding Crashers,3
193,Mean Girls,5
193,21 Jump Street,4
193,Tropic Thunder,4
193,Hereditary,3
193,The Exorcist,3
193,The Shining,4
193,Nightmare on Elm Street,3
194,Forrest Gump,2
194,The Matrix,2
194,Fight Club,2
194,Inception,2
194,The Silence of the Lambs,3
194,Se7en,3
194,The Usual Suspects,1
194,Gladiator,3
194,Saving Private Ryan,4
194,The Green Mile,2
194,Schindler's List,3
194,Braveheart,4
194,The Prestige,1
194,Memento,2
194,Django Unchained,2
194,The Lion King,5
194,Toy Story,4
194,Finding Nemo,4
194,Up,4
194,Inside Out,4
194,Frozen,4
194,Moana,3
194,Coco,4
194,WALL-E,4
194,Monsters Inc,4
194,Titanic,4
194,Avatar,4
194,The Avengers,4
194,Iron Man,5
194,Spider-Man,3
194,Batman Begins,4
194,Wonder Woman,4
194,Black Panther,5
194,Guardians of the Galaxy,4
194,The Notebook,4
194,Pride and Prejudice,2
194,La La Land,3
194,Crazy Rich Asians,2
194,The Fault in Our Stars,3
194,Superbad,3
194,Bridesmaids,4
194,Step Brothers,2
194,Wedding Crashers,1
194,Mean Girls,4
194,21 Jump Street,3
194,The Conjuring,4
194,Get Out,5
194,A Quiet Place,4
194,It,3
194,Hereditary,4
194,The Exorcist,5
194,The Shining,3
194,Halloween,3
194,Scream,4
195,The Shawshank Redemption,3
195,The Godfather,1
195,The Dark Knight,4
195,Pulp Fiction,3
195,Forrest Gump,3
195,Inception,4
195,The Silence of the Lambs,2
195,The Usual Suspects,4
195,Gladiator,3
195,Saving Private Ryan,2
195,The Green Mile,3
195,Schindler's List,3
195,The Departed,2
195,Memento,3
195,Django Unchained,1
195,Toy Story,3
195,Inside Out,3
195,Frozen,2
195,Moana,3
195,WALL-E,3
195,Monsters Inc,3
195,Titanic,2
195,Avatar,3
195,The Avengers,3
195,Batman Begins,2
195,Black Panther,3
195,Guardians of the Galaxy,3
195,The Notebook,3
195,Pride and Prejudice,5
195,La La Land,4
195,A Star Is Born,4
195,Crazy Rich Asians,3
195,The Fault in Our Stars,5
195,Me Before You,3
195,Superbad,4
195,The Hangover,5
195,Bridesmaids,4
195,Step Brothers,4
195,Anchorman,5
195,Wedding Crashers,5
195,Mean Girls,5
195,21 Jump Street,5
195,Tropic Thunder,4
195,Get Out,2
195,A Quiet Place,1
195,It,2
195,Hereditary,4
195,The Shining,3
196,The Godfather,4
196,The Dark Knight,3
196,Forrest Gump,2
196,The Matrix,3
196,Goodfellas,3
196,Fight Club,3
196,Inception,2
196,Gladiator,3
196,The Departed,2
196,Interstellar,2
196,Django Unchained,3
196,The Lion King,3
196,Up,3
196,Frozen,2
196,Monsters Inc,2
196,Titanic,4
196,Avatar,5
196,The Avengers,4
196,Iron Man,4
196,Spider-Man,4
196,Batman Begins,5
196,Wonder Woman,4
196,Black Panther,4
196,Guardians of the Galaxy,5
196,The Notebook,3
196,Pride and Prejudice,4
196,La La Land,2
196,A Star Is Born,3
196,Crazy Rich Asians,4
196,The Fault in Our Stars,4
196,Me Before You,5
196,Superbad,5
196,Step Brothers,3
196,Anchorman,2
196,Tropic Thunder,2
196,The Conjuring,2
196,The Exorcist,3
196,The Shining,4
196,Nightmare on Elm Street,1
197,The Shawshank Redemption,3
197,The Godfather,1
197,The Dark Knight,3
197,Pulp Fiction,2
197,Forrest Gump,4
197,The Matrix,2
197,Goodfellas,3
197,Inception,4
197,The Silence of the Lambs,3
197,The Usual Suspects,4
197,Saving Private Ryan,3
197,Schindler's List,3
197,The Departed,2
197,Interstellar,3
197,The Prestige,3
197,Memento,3
197,Django Unchained,3
197,The Lion King,2
197,Toy Story,3
197,Finding Nemo,5
197,Inside Out,2
197,Frozen,3
197,Moana,1
197,WALL-E,3
197,Titanic,4
197,Avatar,4
197,The Avengers,4
197,Iron Man,4
197,Spider-Man,3
197,Batman Begins,3
197,Wonder Woman,4
197,Black Panther,4
197,Guardians of the Galaxy,4
197,The Notebook,4
197,Pride and Prejudice,4
197,La La Land,4
197,A Star Is Born,4
197,Crazy Rich Asians,5
197,The Fault in Our Stars,5
197,Me Before You,4
197,Superbad,4
197,The Hangover,1
197,Bridesmaids,2
197,Step Brothers,4
197,Wedding Crashers,3
197,Tropic Thunder,3
197,The Conjuring,2
197,A Quiet Place,4
197,It,2
197,The Exorcist,4
197,Halloween,3
197,Scream,3
197,Nightmare on Elm Street,2
198,The Shawshank Redemption,4
198,The Godfather,4
198,The Dark Knight,4
198,Pulp Fiction,5
198,Forrest Gump,3
198,Fight Club,4
198,Inception,5
198,The Silence of the Lambs,3
198,The Usual Suspects,4
198,Gladiator,3
198,Schindler's List,4
198,Braveheart,2
198,Interstellar,4
198,The Prestige,5
198,Django Unchained,4
198,The Lion King,5
198,Toy Story,4
198,Finding Nemo,4
198,Up,3
198,Moana,4
198,Coco,5
198,WALL-E,4
198,The Avengers,3
198,The Notebook,1
198,Pride and Prejudice,3
198,Bridesmaids,3
198,Anchorman,3
198,Wedding Crashers,1
198,21 Jump Street,3
198,The Conjuring,2
198,The Exorcist,2
198,Halloween,2
199,Pulp Fiction,3
199,The Matrix,2
199,Goodfellas,3
199,The Silence of the Lambs,2
199,Saving Private Ryan,3
199,The Prestige,3
199,Finding Nemo,3
199,Up,3
199,Inside Out,3
199,Wonder Woman,3
199,The Notebook,2
199,A Star Is Born,4
199,Superbad,3
199,The Hangover,4
199,Bridesmaids,4
199,Step Brothers,4
199,Anchorman,5
199,Wedding Crashers,5
199,Mean Girls,4
199,21 Jump Street,4
199,Tropic Thunder,5
199,The Conjuring,5
199,Get Out,4
199,A Quiet Place,5
199,It,3
199,Hereditary,5
199,The Exorcist,5
199,The Shining,5
199,Scream,5
199,Nightmare on Elm Street,4
200,The Shawshank Redemption,3
200,The Godfather,4
200,The Dark Knight,3
200,Pulp Fiction,2
200,Forrest Gump,3
200,The Matrix,5
200,Goodfellas,3
200,Inception,1
200,The Silence of the Lambs,1
200,The Green Mile,3
200,Schindler's List,4
200,Braveheart,3
200,The Departed,3
200,Interstellar,1
200,The Prestige,2
200,Memento,3
200,Django Unchained,3
200,Finding Nemo,4
200,Up,3
200,Inside Out,4
200,Moana,3
200,WALL-E,3
200,Monsters Inc,3
200,Titanic,3
200,Avatar,2
200,The Avengers,2
200,Iron Man,2
200,Spider-Man,2
200,Wonder Woman,3
200,Black Panther,3
200,Guardians of the Galaxy,3
200,Pride and Prejudice,4
200,La La Land,4
200,A Star Is Born,4
200,Crazy Rich Asians,5
200,The Fault in Our Stars,4
200,Me Before You,4
200,Superbad,4
200,The Hangover,5
200,Bridesmaids,5
200,Step Brothers,4
200,Anchorman,4
200,Wedding Crashers,5
200,Mean Girls,4
200,21 Jump Street,5
200,Tropic Thunder,4
200,Get Out,2
200,A Quiet Place,4
200,It,2
200,Hereditary,3
200,The Exorcist,3
200,The Shining,3
200,Scream,3
201,The Godfather,2
201,The Silence of the Lambs,3
201,The Departed,3
201,Memento,2
201,Django Unchained,2
201,The Lion King,4
201,Toy Story,4
201,Finding Nemo,4
201,Up,4
201,Inside Out,4
201,Frozen,4
201,Moana,5
201,Coco,4
201,WALL-E,5
201,Monsters Inc,3
201,Titanic,4
201,Avatar,4
201,The Avengers,5
201,Iron Man,5
201,Spider-Man,4
201,Batman Begins,4
201,Wonder Woman,4
201,Black Panther,5
201,Guardians of the Galaxy,3
201,The Notebook,3
201,La La Land,4
201,Superbad,3
201,The Hangover,2
201,The Conjuring,3
201,It,3
201,The Exorcist,3
202,The Shawshank Redemption,3
202,The Dark Knight,4
202,Pulp Fiction,4
202,Forrest Gump,1
202,The Matrix,3
202,Goodfellas,4
202,Fight Club,2
202,Inception,3
202,The Silence of the Lambs,3
202,The Usual Suspects,2
202,Gladiator,3
202,Saving Private Ryan,3
202,The Green Mile,2
202,The Prestige,3
202,Django Unchained,3
202,The Lion King,3
202,Toy Story,4
202,Finding Nemo,4
202,Up,1
202,Inside Out,3
202,Frozen,3
202,Moana,4
202,Coco,4
202,WALL-E,3
202,Titanic,5
202,Avatar,4
202,The Avengers,4
202,Iron Man,4
202,Spider-Man,4
202,Batman Begins,4
202,Wonder Woman,5
202,Black Panther,4
202,Guardians of the Galaxy,5
202,The Notebook,5
202,Pride and Prejudice,4
202,La La Land,5
202,A Star Is Born,5
202,Crazy Rich Asians,4
202,The Fault in Our Stars,4
202,Me Before You,4
202,Superbad,4
202,Bridesmaids,4
202,Step Brothers,3
202,Wedding Crashers,3
202,Mean Girls,2
202,21 Jump Street,2
202,The Conjuring,2
202,It,3
202,The Exorcist,3
202,The Shining,4
202,Halloween,3
202,Scream,3
203,The Shawshank Redemption,3
203,The Godfather,5
203,The Dark Knight,3
203,Pulp Fiction,4
203,Forrest Gump,4
203,The Matrix,4
203,Fight Club,5
203,Inception,4
203,Se7en,4
203,The Usual Suspects,5
203,Gladiator,4
203,Saving Private Ryan,3
203,The Green Mile,4
203,Braveheart,5
203,The Departed,4
203,Interstellar,4
203,The Prestige,5
203,Memento,5
203,Django Unchained,4
203,The Lion King,4
203,Toy Story,4
203,Finding Nemo,5
203,Up,4
203,Inside Out,4
203,Frozen,5
203,Moana,4
203,Coco,4
203,WALL-E,4
203,Monsters Inc,3
203,Wonder Woman,3
203,Crazy Rich Asians,2
203,21 Jump Street,3
203,Tropic Thunder,3
203,The Conjuring,3
203,Hereditary,3
203,Halloween,1
203,Scream,1
204,The Shawshank Redemption,4
204,The Godfather,3
204,The Dark Knight,4
204,Pulp Fiction,5
204,Forrest Gump,4
204,The Matrix,4
204,Goodfellas,4
204,Fight Club,4
204,Inception,4
204,The Silence of the Lambs,4
204,Se7en,4
204,The Usual Suspects,4
204,Gladiator,3
204,Saving Private Ryan,4
204,The Green Mile,4
204,Schindler's List,4
204,Braveheart,3
204,The Departed,4
204,Interstellar,4
204,The Prestige,4
204,Memento,4
204,Django Unchained,4
204,The Lion King,4
204,Toy Story,4
204,Finding Nemo,4
204,Up,3
204,Inside Out,4
204,Frozen,4
204,Moana,3
204,Coco,4
204,WALL-E,5
204,Monsters Inc,5
204,Titanic,3
204,The Avengers,2
204,Iron Man,3
204,Spider-Man,3
204,Batman Begins,3
204,Wonder Woman,3
204,Black Panther,3
204,La La Land,3
204,A Star Is Born,3
204,The Fault in Our Stars,2
204,Me Before You,3
204,Superbad,1
204,Tropic Thunder,3
204,Get Out,1
204,The Exorcist,3
204,The Shining,3
204,Scream,1
204,Nightmare on Elm Street,4
205,The Shawshank Redemption,3
205,The Godfather,2
205,The Dark Knight,4
205,Forrest Gump,1
205,The Matrix,2
205,Goodfellas,1
205,The Usual Suspects,3
205,Saving Private Ryan,1
205,The Green Mile,4
205,Schindler's List,3
205,Interstellar,3
205,Django Unchained,4
205,The Lion King,1
205,Frozen,3
205,Moana,3
205,Coco,4
205,WALL-E,3
205,The Avengers,2
205,Batman Begins,3
205,Black Panther,2
205,The Notebook,2
205,Pride and Prejudice,4
205,La La Land,4
205,A Star Is Born,4
205,Crazy Rich Asians,3
205,The Fault in Our Stars,4
205,Me Before You,4
205,Superbad,5
205,The Hangover,5
205,Bridesmaids,3
205,Step Brothers,4
205,Anchorman,5
205,Wedding Crashers,4
205,Mean Girls,5
205,21 Jump Street,4
205,Tropic Thunder,4
205,Get Out,3
205,A Quiet Place,4
205,It,3
205,Hereditary,3
205,The Exorcist,3
205,The Shining,1
205,Halloween,2
205,Scream,2
205,Nightmare on Elm Street,3
206,The Godfather,3
206,The Dark Knight,4
206,The Matrix,1
206,Fight Club,3
206,Inception,2
206,The Silence of the Lambs,2
206,Se7en,4
206,The Usual Suspects,2
206,Gladiator,3
206,The Green Mile,3
206,Interstellar,3
206,Memento,1
206,Moana,3
206,Coco,3
206,WALL-E,3
206,Titanic,5
206,Avatar,5
206,The Avengers,5
206,Spider-Man,4
206,Batman Begins,4
206,Wonder Woman,5
206,Black Panther,4
206,Guardians of the Galaxy,5
206,The Notebook,5
206,Pride and Prejudice,4
206,La La Land,5
206,A Star Is Born,4
206,Crazy Rich Asians,5
206,The Fault in Our Stars,4
206,Me Before You,4
206,Superbad,4
206,The Hangover,3
206,Bridesmaids,3
206,Wedding Crashers,3
206,Get Out,3
206,A Quiet Place,4
206,The Shining,3
206,Scream,3
207,The Shawshank Redemption,3
207,The Matrix,2
207,Goodfellas,3
207,The Silence of the Lambs,2
207,Se7en,3
207,Gladiator,4
207,Schindler's List,2
207,Braveheart,2
207,The Prestige,2
207,Memento,3
207,The Lion King,3
207,Toy Story,2
207,Up,4
207,Inside Out,1
207,Frozen,3
207,Moana,3
207,Monsters Inc,3
207,Titanic,3
207,Avatar,2
207,Iron Man,5
207,Spider-Man,3
207,Batman Begins,3
207,The Notebook,1
207,Pride and Prejudice,2
207,A Star Is Born,3
207,The Fault in Our Stars,1
207,Superbad,3
207,The Hangover,4
207,Bridesmaids,4
207,Step Brothers,4
207,Anchorman,5
207,Wedding Crashers,4
207,Mean Girls,4
207,21 Jump Street,5
207,Tropic Thunder,4
207,The Conjuring,5
207,Get Out,5
207,A Quiet Place,4
207,It,5
207,Hereditary,4
207,The Exorcist,4
207,The Shining,4
207,Halloween,4
207,Scream,4
207,Nightmare on Elm Street,5
208,The Shawshank Redemption,2
208,The Godfather,3
208,The Dark Knight,1
208,Pulp Fiction,2
208,Forrest Gump,3
208,Goodfellas,3
208,Fight Club,2
208,The Silence of the Lambs,3
208,Gladiator,3
208,Saving Private Ryan,3
208,The Green Mile,3
208,Schindler's List,4
208,Braveheart,3
208,Interstellar,1
208,The Prestige,2
208,Memento,1
208,Django Unchained,3
208,Toy Story,4
208,Finding Nemo,4
208,Frozen,3
208,Moana,2
208,Coco,3
208,WALL-E,3
208,Monsters Inc,2
208,Titanic,5
208,Avatar,4
208,The Avengers,4
208,Iron Man,4
208,Spider-Man,3
208,Batman Begins,4
208,Wonder Woman,4
208,Black Panther,4
208,Guardians of the Galaxy,4
208,The Notebook,4
208,Pride and Prejudice,4
208,La La Land,4
208,A Star Is Born,4
208,Crazy Rich Asians,3
208,The Fault in Our Stars,4
208,Me Before You,5
208,Superbad,5
208,The Hangover,1
208,Wedding Crashers,1
208,Tropic Thunder,2
208,The Conjuring,2
208,Get Out,3
208,It,3
208,Hereditary,3
208,Scream,3
208,Nightmare on Elm Street,2
209,The Shawshank Redemption,1
209,The Godfather,4
209,The Matrix,3
209,Goodfellas,3
209,Fight Club,3
209,Se7en,3
209,The Usual Suspects,2
209,Saving Private Ryan,2
209,The Green Mile,4
209,Schindler's List,2
209,Braveheart,4
209,The Prestige,1
209,Memento,3
209,Django Unchained,3
209,The Lion King,2
209,Finding Nemo,2
209,Up,3
209,Inside Out,1
209,Frozen,4
209,Moana,3
209,Coco,3
209,WALL-E,2
209,Monsters Inc,3
209,Titanic,3
209,Avatar,3
209,The Avengers,3
209,Iron Man,1
209,Spider-Man,2
209,Batman Begins,4
209,Wonder Woman,3
209,Guardians of the Galaxy,3
209,The Notebook,3
209,Pride and Prejudice,4
209,La La Land,3
209,A Star Is Born,4
209,Crazy Rich Asians,4
209,The Fault in Our Stars,4
209,Me Before You,5
209,Superbad,3
209,The Hangover,5
209,Bridesmaids,4
209,Step Brothers,4
209,Anchorman,4
209,Wedding Crashers,4
209,Mean Girls,5
209,21 Jump Street,4
209,Tropic Thunder,4
209,The Conjuring,1
209,It,2
209,The Exorcist,1
209,The Shining,3
209,Halloween,2
209,Scream,3
209,Nightmare on Elm Street,3
210,The Shawshank Redemption,1
210,The Godfather,2
210,The Dark Knight,1
210,Pulp Fiction,2
210,Forrest Gump,3
210,The Matrix,3
210,Goodfellas,1
210,Fight Club,3
210,Inception,2
210,Se7en,3
210,Schindler's List,3
210,Braveheart,3
210,The Departed,3
210,Memento,3
210,The Lion King,2
210,Toy Story,3
210,Up,3
210,Inside Out,2
210,Moana,3
210,WALL-E,3
210,Titanic,2
210,Avatar,3
210,The Avengers,3
210,Iron Man,3
210,Spider-Man,1
210,Wonder Woman,2
210,Guardians of the Galaxy,2
210,The Notebook,3
210,Pride and Prejudice,4
210,La La Land,5
210,A Star Is Born,4
210,Crazy Rich Asians,5
210,The Fault in Our Stars,4
210,Me Before You,4
210,Superbad,4
210,The Hangover,5
210,Bridesmaids,5
210,Step Brothers,5
210,Anchorman,3
210,Wedding Crashers,4
210,Mean Girls,4
210,21 Jump Street,4
210,Tropic Thunder,5
210,The Conjuring,3
210,Get Out,3
210,A Quiet Place,3
210,It,2
210,Hereditary,3
210,The Shining,4
210,Scream,3
211,The Godfather,3
211,Pulp Fiction,3
211,Forrest Gump,3
211,The Matrix,3
211,Fight Club,2
211,Inception,5
211,The Silence of the Lambs,1
211,The Usual Suspects,3
211,Gladiator,2
211,Schindler's List,3
211,Interstellar,3
211,Memento,3
211,The Lion King,4
211,Finding Nemo,3
211,Inside Out,2
211,Moana,1
211,Coco,2
211,WALL-E,3
211,Monsters Inc,2
211,Titanic,4
211,Avatar,4
211,The Avengers,4
211,Iron Man,5
211,Spider-Man,5
211,Batman Begins,4
211,Wonder Woman,5
211,Black Panther,4
211,Guardians of the Galaxy,3
211,The Notebook,4
211,Pride and Prejudice,3
211,La La Land,4
211,A Star Is Born,5
211,Crazy Rich Asians,4
211,The Fault in Our Stars,5
211,Me Before You,5
211,Superbad,4
211,The Hangover,3
211,Step Brothers,3
211,Anchorman,5
211,Wedding Crashers,4
211,A Quiet Place,4
211,It,4
211,Hereditary,2
211,The Shining,1
211,Halloween,3
211,Scream,2
211,Nightmare on Elm Street,2
212,The Shawshank Redemption,3
212,The Godfather,3
212,The Dark Knight,1
212,Pulp Fiction,3
212,Forrest Gump,3
212,The Matrix,2
212,Fight Club,1
212,The Silence of the Lambs,3
212,Se7en,4
212,Gladiator,3
212,Schindler's List,3
212,The Departed,2
212,Interstellar,3
212,Django Unchained,3
212,The Lion King,3
212,Finding Nemo,2
212,Inside Out,3
212,Frozen,3
212,Moana,3
212,WALL-E,3
212,Monsters Inc,3
212,Avatar,3
212,The Avengers,3
212,Iron Man,2
212,Spider-Man,3
212,Batman Begins,3
212,Wonder Woman,3
212,Black Panther,4
212,Guardians of the Galaxy,3
212,The Notebook,3
212,Pride and Prejudice,3
212,La La Land,4
212,A Star Is Born,4
212,Crazy Rich Asians,3
212,The Fault in Our Stars,4
212,Me Before You,5
212,Superbad,4
212,The Hangover,5
212,Bridesmaids,3
212,Step Brothers,5
212,Anchorman,4
212,Wedding Crashers,4
212,Mean Girls,4
212,21 Jump Street,5
212,Tropic Thunder,4
212,The Conjuring,2
212,Get Out,4
212,A Quiet Place,4
212,It,3
212,The Exorcist,3
212,The Shining,3
212,Scream,4
213,The Silence of the Lambs,4
213,The Usual Suspects,1
213,The Green Mile,2
213,Schindler's List,4
213,Braveheart,1
213,The Departed,1
213,Django Unchained,3
213,The Lion King,3
213,Inside Out,2
213,Titanic,4
213,Avatar,5
213,The Avengers,4
213,Iron Man,4
213,Spider-Man,5
213,Batman Begins,4
213,Wonder Woman,4
213,Black Panther,5
213,Guardians of the Galaxy,4
213,The Notebook,4
213,Pride and Prejudice,4
213,La La Land,4
213,A Star Is Born,5
213,Crazy Rich Asians,4
213,The Fault in Our Stars,5
213,Me Before You,5
213,Superbad,3
213,Bridesmaids,2
213,Anchorman,1
213,Wedding Crashers,3
213,Mean Girls,3
213,A Quiet Place,3
213,Hereditary,3
213,The Exorcist,3
213,The Shining,3
213,Scream,4
213,Nightmare on Elm Street,3
214,The Godfather,3
214,The Dark Knight,4
214,Pulp Fiction,3
214,Goodfellas,1
214,Fight Club,1
214,Inception,3
214,Se7en,3
214,Gladiator,3
214,Saving Private Ryan,1
214,The Green Mile,2
214,Schindler's List,3
214,Memento,2
214,The Lion King,4
214,Toy Story,5
214,Finding Nemo,4
214,Up,5
214,Inside Out,5
214,Frozen,5
214,Moana,4
214,Coco,5
214,WALL-E,4
214,Monsters Inc,3
214,Titanic,5
214,Avatar,5
214,The Avengers,5
214,Iron Man,4
214,Spider-Man,5
214,Batman Begins,3
214,Wonder Woman,5
214,Black Panther,4
214,Guardians of the Galaxy,4
214,The Notebook,4
214,La La Land,3
214,The Fault in Our Stars,2
214,Superbad,3
214,The Hangover,3
214,Anchorman,3
214,Get Out,3
214,A Quiet Place,1
214,The Exorcist,3
214,Halloween,3
214,Scream,2
215,The Godfather,3
215,Pulp Fiction,3
215,The Matrix,3
215,Goodfellas,3
215,Se7en,2
215,Gladiator,3
215,Saving Private Ryan,3
215,Braveheart,3
215,The Prestige,3
215,Django Unchained,3
215,Toy Story,4
215,Frozen,3
215,Moana,2
215,Monsters Inc,1
215,Titanic,4
215,Avatar,4
215,The Avengers,3
215,Iron Man,4
215,Spider-Man,4
215,Batman Begins,5
215,Wonder Woman,4
215,Black Panther,5
215,Guardians of the Galaxy,5
215,The Notebook,4
215,Pride and Prejudice,3
215,La La Land,4
215,A Star Is Born,3
215,Crazy Rich Asians,5
215,The Fault in Our Stars,4
215,Me Before You,4
215,Superbad,4
215,Bridesmaids,2
215,Wedding Crashers,4
215,21 Jump Street,4
215,Tropic Thunder,2
215,The Conjuring,3
215,Get Out,3
215,The Shining,3
215,Halloween,3
216,The Godfather,2
216,The Matrix,3
216,Se7en,1
216,Saving Private Ryan,2
216,Memento,1
216,Django Unchained,2
216,Toy Story,3
216,Finding Nemo,3
216,Frozen,3
216,Coco,3
216,Monsters Inc,3
216,Titanic,4
216,Avatar,4
216,The Avengers,3
216,Iron Man,4
216,Spider-Man,4
216,Batman Begins,4
216,Wonder Woman,5
216,Black Panther,4
216,Guardians of the Galaxy,4
216,The Notebook,4
216,Pride and Prejudice,4
216,La La Land,5
216,A Star Is Born,5
216,Crazy Rich Asians,4
216,The Fault in Our Stars,4
216,Me Before You,5
216,Superbad,4
216,The Hangover,3
216,Bridesmaids,3
216,A Quiet Place,4
216,It,3
216,Halloween,3
217,The Shawshank Redemption,1
217,The Godfather,3
217,The Dark Knight,2
217,Pulp Fiction,2
217,Forrest Gump,4
217,The Matrix,2
217,Goodfellas,4
217,Inception,2
217,The Silence of the Lambs,3
217,Se7en,3
217,The Usual Suspects,3
217,Saving Private Ryan,2
217,Schindler's List,3
217,The Departed,2
217,Interstellar,2
217,The Prestige,4
217,Memento,3
217,Django Unchained,3
217,The Lion King,2
217,Toy Story,3
217,Finding Nemo,3
217,Inside Out,3
217,Frozen,3
217,Moana,3
217,Coco,3
217,WALL-E,3
217,Monsters Inc,3
217,Titanic,4
217,The Avengers,2
217,Iron Man,4
217,Spider-Man,3
217,Batman Begins,3
217,Wonder Woman,2
217,Black Panther,3
217,Guardians of the Galaxy,3
217,The Notebook,1
217,Pride and Prejudice,4
217,La La Land,5
217,A Star Is Born,5
217,Crazy Rich Asians,4
217,The Fault in Our Stars,4
217,Me Before You,4
217,Superbad,4
217,The Hangover,5
217,Bridesmaids,5
217,Step Brothers,5
217,Anchorman,4
217,Wedding Crashers,5
217,Mean Girls,4
217,21 Jump Street,4
217,Tropic Thunder,4
217,The Conjuring,3
217,A Quiet Place,2
217,It,3
217,The Exorcist,2
217,The Shining,3
217,Scream,1
218,The Shawshank Redemption,4
218,The Godfather,2
218,The Dark Knight,3
218,Forrest Gump,3
218,The Matrix,1
218,Goodfellas,3
218,Inception,3
218,Se7en,3
218,The Usual Suspects,2
218,Saving Private Ryan,2
218,Braveheart,3
218,The Departed,2
218,The Prestige,2
218,Memento,2
218,Django Unchained,3
218,The Lion King,2
218,Toy Story,2
218,Finding Nemo,3
218,Frozen,2
218,Monsters Inc,3
218,Titanic,1
218,Avatar,4
218,Spider-Man,2
218,Wonder Woman,3
218,Guardians of the Galaxy,1
218,Pride and Prejudice,4
218,La La Land,4
218,A Star Is Born,4
218,Crazy Rich Asians,4
218,The Fault in Our Stars,4
218,Me Before You,4
218,Superbad,4
218,The Hangover,4
218,Bridesmaids,5
218,Step Brothers,4
218,Anchorman,2
218,Wedding Crashers,4
218,Mean Girls,4
218,21 Jump Street,3
218,Tropic Thunder,3
218,The Conjuring,3
218,Get Out,3
218,The Shining,3
218,Halloween,2
218,Scream,1
218,Nightmare on Elm Street,3
219,The Shawshank Redemption,4
219,The Godfather,4
219,The Dark Knight,5
219,Pulp Fiction,4
219,Forrest Gump,5
219,The Matrix,4
219,Goodfellas,4
219,Fight Club,4
219,Inception,4
219,The Silence of the Lambs,3
219,Se7en,4
219,The Usual Suspects,5
219,Gladiator,4
219,Saving Private Ryan,4
219,The Green Mile,4
219,Schindler's List,5
219,Braveheart,4
219,The Departed,3
219,Interstellar,4
219,The Prestige,5
219,Memento,4
219,Django Unchained,5
219,The Lion King,4
219,Toy Story,4
219,Finding Nemo,3
219,Up,2
219,Inside Out,3
219,Frozen,5
219,Moana,5
219,Coco,4
219,WALL-E,3
219,Monsters Inc,4
219,Avatar,3
219,The Avengers,3
219,Iron Man,2
219,Spider-Man,1
219,Batman Begins,4
219,Guardians of the Galaxy,2
219,La La Land,3
219,Me Before You,3
219,Superbad,4
219,The Hangover,4
219,Bridesmaids,3
219,Step Brothers,4
219,Anchorman,3
219,Wedding Crashers,3
219,Mean Girls,3
219,21 Jump Street,2
219,Tropic Thunder,1
219,The Conjuring,3
219,Get Out,1
219,It,2
219,The Exorcist,3
219,The Shining,4
219,Halloween,3
219,Nightmare on Elm Street,2
220,The Shawshank Redemption,4
220,The Dark Knight,4
220,Pulp Fiction,4
220,Forrest Gump,4
220,The Matrix,4
220,Goodfellas,4
220,Fight Club,4
220,Inception,4
220,The Silence of the Lambs,4
220,Se7en,4
220,The Usual Suspects,4
220,Gladiator,4
220,Saving Private Ryan,4
220,The Green Mile,4
220,Braveheart,4
220,The Departed,4
220,Interstellar,5
220,The Prestige,5
220,Django Unchained,4
220,The Lion King,3
220,Finding Nemo,4
220,Up,4
220,Inside Out,4
220,Moana,5
220,Coco,4
220,WALL-E,4
220,Monsters Inc,3
220,Avatar,3
220,The Avengers,2
220,A Star Is Born,3
220,Crazy Rich Asians,3
220,Anchorman,3
220,Wedding Crashers,3
220,21 Jump Street,4
220,Scream,4
221,The Shawshank Redemption,1
221,The Godfather,4
221,The Dark Knight,4
221,Pulp Fiction,2
221,The Matrix,4
221,Goodfellas,3
221,Inception,2
221,The Usual Suspects,4
221,The Green Mile,4
221,Schindler's List,2
221,The Departed,2
221,Interstellar,3
221,The Prestige,2
221,Django Unchained,1
221,The Lion King,4
221,Toy Story,4
221,Finding Nemo,4
221,Up,4
221,Inside Out,4
221,Frozen,4
221,Moana,4
221,Coco,4
221,WALL-E,4
221,Monsters Inc,4
221,Titanic,4
221,Avatar,4
221,The Avengers,5
221,Iron Man,3
221,Spider-Man,5
221,Batman Begins,5
221,Wonder Woman,4
221,Black Panther,4
221,Guardians of the Galaxy,5
221,The Notebook,4
221,A Star Is Born,3
221,Crazy Rich Asians,3
221,Superbad,2
221,The Hangover,2
221,21 Jump Street,3
221,Tropic Thunder,3
221,Get Out,3
221,Hereditary,3
221,Nightmare on Elm Street,4
222,The Shawshank Redemption,3
222,The Godfather,4
222,The Dark Knight,5
222,Pulp Fiction,5
222,Forrest Gump,5
222,The Matrix,5
222,Goodfellas,4
222,Fight Club,5
222,Inception,3
222,The Silence of the Lambs,4
222,Se7en,4
222,The Usual Suspects,5
222,Gladiator,4
222,Saving Private Ryan,4
222,The Green Mile,3
222,Schindler's List,4
222,The Departed,4
222,Interstellar,5
222,The Prestige,4
222,Memento,5
222,Django Unchained,4
222,Toy Story,5
222,Finding Nemo,5
222,Up,4
222,Inside Out,4
222,Frozen,5
222,Moana,5
222,Coco,4
222,WALL-E,4
222,Monsters Inc,3
222,The Avengers,1
222,Spider-Man,2
222,Black Panther,1
222,La La Land,2
222,The Fault in Our Stars,3
222,Superbad,3
222,The Hangover,2
222,Step Brothers,2
222,Anchorman,1
222,Wedding Crashers,3
222,Mean Girls,3
222,The Conjuring,3
222,Get Out,3
222,A Quiet Place,3
222,It,3
222,Hereditary,2
222,The Exorcist,4
222,Scream,3
223,The Shawshank Redemption,2
223,The Godfather,3
223,Forrest Gump,3
223,The Matrix,3
223,Fight Club,2
223,The Silence of the Lambs,2
223,The Usual Suspects,3
223,Gladiator,2
223,The Green Mile,3
223,Braveheart,3
223,The Departed,3
223,The Prestige,1
223,Django Unchained,2
223,The Lion King,3
223,Toy Story,2
223,Finding Nemo,3
223,Moana,3
223,Titanic,2
223,Avatar,4
223,The Avengers,4
223,Iron Man,3
223,Spider-Man,4
223,Batman Begins,5
223,Wonder Woman,5
223,Black Panther,4
223,Guardians of the Galaxy,5
223,The Notebook,4
223,Pride and Prejudice,4
223,La La Land,4
223,A Star Is Born,5
223,Crazy Rich Asians,4
223,The Fault in Our Stars,3
223,Me Before You,4
223,Superbad,4
223,Step Brothers,3
223,Anchorman,2
223,Wedding Crashers,2
223,Get Out,4
223,It,3
223,The Exorcist,3
223,The Shining,1
223,Scream,4
223,Nightmare on Elm Street,2
224,The Godfather,3
224,The Dark Knight,2
224,Pulp Fiction,3
224,The Matrix,3
224,Goodfellas,3
224,Fight Club,3
224,Inception,2
224,The Silence of the Lambs,3
224,Se7en,3
224,Gladiator,3
224,The Green Mile,3
224,Braveheart,4
224,The Departed,3
224,Memento,2
224,The Lion King,3
224,Toy Story,2
224,Finding Nemo,2
224,Up,1
224,Inside Out,4
224,Frozen,3
224,Coco,2
224,WALL-E,4
224,Monsters Inc,4
224,The Avengers,3
224,Spider-Man,3
224,Batman Begins,3
224,Pride and Prejudice,4
224,La La Land,4
224,A Star Is Born,3
224,Crazy Rich Asians,4
224,The Fault in Our Stars,4
224,Me Before You,5
224,Superbad,5
224,The Hangover,5
224,Bridesmaids,4
224,Step Brothers,3
224,Anchorman,4
224,Wedding Crashers,5
224,Mean Girls,5
224,21 Jump Street,3
224,Tropic Thunder,4
224,The Conjuring,3
224,Get Out,2
224,A Quiet Place,3
224,It,3
224,The Exorcist,3
224,Halloween,3
224,Scream,3
224,Nightmare on Elm Street,1
225,The Shawshank Redemption,4
225,The Godfather,4
225,The Dark Knight,4
225,Pulp Fiction,4
225,Forrest Gump,5
225,The Matrix,4
225,Goodfellas,4
225,The Silence of the Lambs,3
225,Se7en,4
225,The Usual Suspects,4
225,Gladiator,5
225,Saving Private Ryan,4
225,The Green Mile,4
225,Schindler's List,5
225,Braveheart,4
225,The Departed,4
225,Interstellar,5
225,The Prestige,4
225,Memento,4
225,Django Unchained,4
225,The Lion King,3
225,Toy Story,5
225,Finding Nemo,4
225,Up,4
225,Inside Out,4
225,Frozen,4
225,Moana,3
225,Coco,3
225,WALL-E,3
225,Monsters Inc,4
225,The Avengers,2
225,Wonder Woman,3
225,Black Panther,3
225,Pride and Prejudice,2
225,La La Land,2
225,The Fault in Our Stars,4
225,Me Before You,3
225,Superbad,3
225,Mean Girls,3
225,Tropic Thunder,2
225,The Conjuring,4
225,Hereditary,2
225,The Exorcist,2
225,Nightmare on Elm Street,2
226,The Shawshank Redemption,4
226,The Godfather,5
226,The Dark Knight,4
226,Pulp Fiction,4
226,Forrest Gump,4
226,The Matrix,5
226,Goodfellas,5
226,Inception,4
226,The Silence of the Lambs,5
226,Se7en,4
226,Gladiator,4
226,Saving Private Ryan,3
226,The Green Mile,4
226,Schindler's List,4
226,Braveheart,4
226,The Departed,2
226,Interstellar,5
226,The Prestige,5
226,Memento,4
226,Django Unchained,4
226,The Lion King,5
226,Toy Story,3
226,Finding Nemo,4
226,Up,4
226,Frozen,5
226,Moana,4
226,Coco,4
226,WALL-E,3
226,Monsters Inc,5
226,Avatar,3
226,Iron Man,1
226,Spider-Man,3
226,Wonder Woman,3
226,A Star Is Born,3
226,Crazy Rich Asians,2
226,Me Before You,2
226,The Hangover,2
226,Wedding Crashers,3
226,Mean Girls,4
226,Tropic Thunder,3
226,The Conjuring,3
226,Get Out,3
226,A Quiet Place,3
226,The Shining,3
226,Halloween,3
227,The Shawshank Redemption,3
227,Pulp Fiction,3
227,Forrest Gump,3
227,Inception,3
227,The Silence of the Lambs,1
227,Se7en,2
227,The Usual Suspects,2
227,The Green Mile,1
227,Schindler's List,3
227,Interstellar,2
227,Memento,3
227,The Lion King,5
227,Toy Story,4
227,Finding Nemo,4
227,Up,5
227,Inside Out,4
227,Frozen,3
227,Moana,4
227,Coco,3
227,WALL-E,4
227,Monsters Inc,4
227,Titanic,4
227,Avatar,4
227,The Avengers,5
227,Iron Man,4
227,Spider-Man,4
227,Batman Begins,5
227,Wonder Woman,5
227,Black Panther,4
227,Guardians of the Galaxy,4
227,The Notebook,4
227,La La Land,1
227,A Star Is Born,2
227,Crazy Rich Asians,3
227,The Fault in Our Stars,3
227,Me Before You,3
227,Wedding Crashers,3
227,The Conjuring,3
227,It,2
227,Scream,3
227,Nightmare on Elm Street,1
228,Forrest Gump,4
228,The Matrix,3
228,Goodfellas,2
228,Se7en,3
228,Saving Private Ryan,3
228,Schindler's List,4
228,Braveheart,2
228,Memento,2
228,The Lion King,4
228,Toy Story,4
228,Finding Nemo,4
228,Up,3
228,Moana,4
228,Coco,3
228,WALL-E,3
228,Monsters Inc,4
228,Titanic,4
228,Avatar,4
228,The Avengers,4
228,Iron Man,4
228,Spider-Man,4
228,Batman Begins,3
228,Black Panther,5
228,Guardians of the Galaxy,4
228,The Notebook,5
228,Me Before You,4
228,Step Brothers,3
228,Anchorman,3
228,Mean Girls,3
228,Get Out,2
228,Hereditary,3
229,The Shawshank Redemption,1
229,The Godfather,2
229,Pulp Fiction,1
229,Fight Club,3
229,Inception,4
229,The Silence of the Lambs,3
229,Gladiator,3
229,Saving Private Ryan,3
229,Schindler's List,3
229,The Prestige,3
229,Up,2
229,Moana,3
229,WALL-E,3
229,Titanic,4
229,Avatar,5
229,The Avengers,4
229,Iron Man,4
229,Spider-Man,4
229,Batman Begins,4
229,Wonder Woman,4
229,Black Panther,4
229,Guardians of the Galaxy,4
229,The Notebook,5
229,Pride and Prejudice,4
229,La La Land,5
229,A Star Is Born,5
229,Crazy Rich Asians,4
229,The Fault in Our Stars,4
229,Me Before You,4
229,Superbad,4
229,The Hangover,1
229,Mean Girls,3
229,Tropic Thunder,3
229,Get Out,3
229,The Exorcist,3
229,Halloween,2
230,The Godfather,3
230,The Dark Knight,2
230,Pulp Fiction,3
230,Forrest Gump,1
230,The Matrix,3
230,Goodfellas,4
230,The Silence of the Lambs,2
230,The Usual Suspects,1
230,Gladiator,2
230,The Green Mile,2
230,Schindler's List,3
230,Braveheart,3
230,The Departed,2
230,Interstellar,4
230,The Prestige,2
230,The Lion King,4
230,Toy Story,2
230,Finding Nemo,4
230,Inside Out,3
230,Frozen,3
230,WALL-E,3
230,The Avengers,2
230,Iron Man,3
230,Spider-Man,3
230,Batman Begins,3
230,Wonder Woman,3
230,Pride and Prejudice,5
230,La La Land,5
230,A Star Is Born,5
230,Crazy Rich Asians,4
230,The Fault in Our Stars,3
230,Me Before You,4
230,Superbad,5
230,The Hangover,5
230,Bridesmaids,4
230,Step Brothers,5
230,Anchorman,4
230,Wedding Crashers,4
230,Mean Girls,4
230,21 Jump Street,5
230,Tropic Thunder,4
230,The Conjuring,2
230,A Quiet Place,3
230,It,2
230,Hereditary,1
230,The Exorcist,3
230,The Shining,3
230,Halloween,5
230,Scream,3
230,Nightmare on Elm Street,1
231,The Shawshank Redemption,2
231,The Dark Knight,3
231,Pulp Fiction,4
231,The Matrix,3
231,Goodfellas,3
231,Fight Club,3
231,Inception,3
231,The Usual Suspects,3
231,Braveheart,2
231,The Departed,3
231,The Prestige,3
231,Memento,1
231,Django Unchained,3
231,The Lion King,4
231,Toy Story,4
231,Finding Nemo,4
231,Up,5
231,Inside Out,4
231,Frozen,4
231,Moana,4
231,Coco,4
231,WALL-E,4
231,Monsters Inc,4
231,Titanic,5
231,Avatar,4
231,The Avengers,4
231,Iron Man,5
231,Spider-Man,4
231,Batman Begins,5
231,Wonder Woman,4
231,Black Panther,4
231,Guardians of the Galaxy,4
231,The Notebook,5
231,Pride and Prejudice,3
231,Crazy Rich Asians,1
231,The Fault in Our Stars,3
231,Me Before You,4
231,Superbad,3
231,Bridesmaids,3
231,Step Brothers,2
231,The Conjuring,3
231,Get Out,1
231,A Quiet Place,3
231,It,3
231,Hereditary,3
231,Halloween,2
231,Scream,1
231,Nightmare on Elm Street,4
232,The Godfather,4
232,Pulp Fiction,3
232,Forrest Gump,4
232,The Matrix,4
232,Goodfellas,5
232,The Silence of the Lambs,4
232,Se7en,4
232,The Usual Suspects,4
232,Gladiator,4
232,Saving Private Ryan,4
232,The Green Mile,4
232,Schindler's List,4
232,Memento,4
232,Django Unchained,5
232,The Lion King,5
232,Toy Story,4
232,Finding Nemo,4
232,Up,5
232,Frozen,4
232,Moana,3
232,Coco,3
232,WALL-E,5
232,Monsters Inc,5
232,Batman Begins,2
232,La La Land,2
232,A Star Is Born,3
232,The Fault in Our Stars,4
232,Superbad,4
232,Tropic Thunder,4
232,The Conjuring,3
232,The Exorcist,3
232,Halloween,2
233,The Shawshank Redemption,4
233,The Godfather,3
233,The Matrix,3
233,Goodfellas,1
233,Inception,3
233,The Silence of the Lambs,3
233,Se7en,2
233,Gladiator,4
233,The Green Mile,4
233,Schindler's List,3
233,Braveheart,2
233,The Departed,3
233,Interstellar,3
233,Django Unchained,4
233,Finding Nemo,2
233,Up,3
233,Inside Out,2
233,Frozen,3
233,Moana,2
233,Coco,3
233,Monsters Inc,3
233,Titanic,2
233,Spider-Man,3
233,Wonder Woman,4
233,The Notebook,3
233,Pride and Prejudice,4
233,La La Land,5
233,A Star Is Born,4
233,Crazy Rich Asians,4
233,The Fault in Our Stars,5
233,Me Before You,3
233,Superbad,4
233,The Hangover,4
233,Bridesmaids,3
233,Step Brothers,4
233,Anchorman,3
233,Wedding Crashers,3
233,Mean Girls,4
233,21 Jump Street,5
233,Tropic Thunder,5
233,Get Out,3
233,It,2
233,Hereditary,1
233,The Exorcist,3
233,Halloween,2
233,Scream,3
233,Nightmare on Elm Street,4
234,The Godfather,4
234,Forrest Gump,3
234,The Silence of the Lambs,4
234,Se7en,3
234,The Green Mile,3
234,The Departed,3
234,Memento,3
234,Frozen,2
234,Monsters Inc,3
234,Titanic,2
234,Avatar,3
234,The Avengers,2
234,Iron Man,3
234,Batman Begins,3
234,The Notebook,3
234,Pride and Prejudice,4
234,La La Land,4
234,A Star Is Born,3
234,Crazy Rich Asians,4
234,The Fault in Our Stars,3
234,Me Before You,4
234,Superbad,4
234,The Hangover,5
234,Bridesmaids,4
234,Step Brothers,4
234,Anchorman,4
234,Wedding Crashers,4
234,Mean Girls,4
234,21 Jump Street,4
234,Tropic Thunder,4
234,Hereditary,2
234,Halloween,1
235,The Shawshank Redemption,5
235,The Godfather,4
235,The Dark Knight,3
235,Pulp Fiction,4
235,Forrest Gump,4
235,The Matrix,4
235,Goodfellas,3
235,Inception,4
235,The Silence of the Lambs,4
235,Se7en,4
235,The Usual Suspects,4
235,Gladiator,3
235,Saving Private Ryan,4
235,The Green Mile,4
235,Schindler's List,5
235,Braveheart,4
235,Interstellar,4
235,The Prestige,4
235,Memento,5
235,Django Unchained,4
235,The Lion King,5
235,Toy Story,3
235,Up,4
235,Inside Out,4
235,Frozen,5
235,Coco,4
235,WALL-E,4
235,Iron Man,3
235,Spider-Man,3
235,The Notebook,4
235,Pride and Prejudice,3
235,Crazy Rich Asians,3
235,Bridesmaids,3
235,Step Brothers,2
235,Wedding Crashers,3
235,21 Jump Street,3
235,Tropic Thunder,4
235,The Conjuring,3
235,The Exorcist,3
235,The Shining,3
235,Nightmare on Elm Street,3
236,Inception,3
236,Gladiator,3
236,The Departed,3
236,Interstellar,2
236,The Prestige,3
236,Memento,3
236,The Lion King,4
236,Toy Story,4
236,Finding Nemo,4
236,Up,5
236,Inside Out,4
236,Frozen,4
236,Moana,5
236,Coco,4
236,WALL-E,5
236,Monsters Inc,4
236,Titanic,4
236,Avatar,3
236,The Avengers,4
236,Iron Man,5
236,Spider-Man,3
236,Batman Begins,4
236,Wonder Woman,4
236,Black Panther,5
236,Guardians of the Galaxy,4
236,The Notebook,4
236,Pride and Prejudice,3
236,La La Land,4
236,A Star Is Born,3
236,Crazy Rich Asians,2
236,The Hangover,3
236,Get Out,3
237,The Shawshank Redemption,4
237,The Godfather,5
237,The Dark Knight,4
237,Pulp Fiction,4
237,Forrest Gump,4
237,The Matrix,5
237,Goodfellas,4
237,Fight Club,4
237,Inception,4
237,The Silence of the Lambs,4
237,Se7en,4
237,The Usual Suspects,3
237,Gladiator,4
237,Saving Private Ryan,3
237,The Green Mile,4
237,Schindler's List,5
237,Braveheart,5
237,The Departed,4
237,Interstellar,3
237,The Prestige,5
237,Memento,4
237,Django Unchained,4
237,The Lion King,4
237,Toy Story,5
237,Finding Nemo,4
237,Up,3
237,Inside Out,4
237,Frozen,4
237,Moana,4
237,Coco,4
237,WALL-E,4
237,Monsters Inc,4
237,Titanic,4
237,The Avengers,4
237,Iron Man,3
237,Spider-Man,2
237,Wonder Woman,3
237,Guardians of the Galaxy,3
237,The Notebook,3
237,Crazy Rich Asians,3
237,The Fault in Our Stars,3
237,Me Before You,3
237,Superbad,3
237,The Hangover,4
237,Bridesmaids,3
237,Step Brothers,1
237,Anchorman,3
237,Wedding Crashers,2
237,21 Jump Street,3
237,Tropic Thunder,1
237,The Conjuring,1
237,Get Out,1
237,A Quiet Place,3
237,It,4
237,The Exorcist,4
237,The Shining,3
237,Halloween,2
237,Scream,3
237,Nightmare on Elm Street,3
238,The Dark Knight,3
238,Goodfellas,4
238,Fight Club,3
238,The Silence of the Lambs,3
238,Se7en,1
238,Saving Private Ryan,3
238,The Departed,3
238,Interstellar,2
238,The Prestige,1
238,Memento,2
238,Django Unchained,3
238,The Lion King,2
238,Inside Out,4
238,Frozen,2
238,WALL-E,3
238,Monsters Inc,3
238,Avatar,3
238,Iron Man,3
238,Batman Begins,2
238,Wonder Woman,3
238,Pride and Prejudice,4
238,La La Land,5
238,A Star Is Born,4
238,Crazy Rich Asians,4
238,The Fault in Our Stars,5
238,Me Before You,4
238,Superbad,4
238,The Hangover,4
238,Bridesmaids,4
238,Step Brothers,4
238,Anchorman,4
238,Wedding Crashers,4
238,Mean Girls,4
238,21 Jump Street,4
238,Tropic Thunder,5
238,Get Out,3
238,A Quiet Place,2
238,The Exorcist,3
238,Halloween,3
238,Nightmare on Elm Street,4
239,The Shawshank Redemption,1
239,The Godfather,3
239,Goodfellas,2
239,Fight Club,2
239,The Usual Suspects,3
239,Saving Private Ryan,4
239,The Green Mile,2
239,Schindler's List,3
239,Braveheart,3
239,The Departed,3
239,Interstellar,3
239,The Prestige,3
239,Django Unchained,2
239,The Lion King,1
239,Finding Nemo,1
239,Up,2
239,Inside Out,3
239,Frozen,4
239,Coco,3
239,The Avengers,4
239,Iron Man,2
239,Spider-Man,2
239,Wonder Woman,3
239,Black Panther,2
239,Guardians of the Galaxy,3
239,La La Land,3
239,Crazy Rich Asians,3
239,The Fault in Our Stars,3
239,Me Before You,1
239,The Hangover,5
239,Bridesmaids,4
239,Step Brothers,4
239,Anchorman,5
239,Wedding Crashers,5
239,Mean Girls,5
239,21 Jump Street,4
239,Tropic Thunder,4
239,The Conjuring,4
239,Get Out,4
239,A Quiet Place,5
239,It,4
239,Hereditary,4
239,The Exorcist,4
239,The Shining,4
239,Halloween,3
239,Scream,4
239,Nightmare on Elm Street,4
240,The Shawshank Redemption,3
240,The Dark Knight,2
240,The Matrix,3
240,Fight Club,3
240,Se7en,2
240,Braveheart,2
240,The Departed,3
240,The Prestige,3
240,Memento,2
240,The Lion King,3
240,Toy Story,3
240,Moana,2
240,Monsters Inc,3
240,Titanic,4
240,Avatar,2
240,Iron Man,3
240,Spider-Man,2
240,Black Panther,3
240,Pride and Prejudice,3
240,La La Land,3
240,Crazy Rich Asians,2
240,The Fault in Our Stars,3
240,Me Before You,4
240,Superbad,3
240,The Hangover,5
240,Bridesmaids,3
240,Step Brothers,3
240,Anchorman,4
240,Wedding Crashers,5
240,Mean Girls,5
240,21 Jump Street,5
240,Tropic Thunder,4
240,The Conjuring,4
240,Get Out,5
240,A Quiet Place,5
240,It,4
240,Hereditary,4
240,The Exorcist,5
240,The Shining,4
240,Halloween,4
240,Scream,3
240,Nightmare on Elm Street,4
241,The Godfather,3
241,The Dark Knight,3
241,Pulp Fiction,1
241,The Matrix,3
241,Fight Club,5
241,The Silence of the Lambs,3
241,Se7en,1
241,The Usual Suspects,2
241,Saving Private Ryan,1
241,The Green Mile,3
241,The Departed,3
241,Memento,1
241,Django Unchained,2
241,The Lion King,3
241,Toy Story,1
241,Up,2
241,Frozen,1
241,Moana,4
241,Coco,2
241,Monsters Inc,4
241,Titanic,4
241,Avatar,4
241,The Avengers,5
241,Iron Man,5
241,Spider-Man,5
241,Batman Begins,4
241,Wonder Woman,3
241,Black Panther,4
241,Guardians of the Galaxy,5
241,The Notebook,5
241,Pride and Prejudice,4
241,La La Land,4
241,A Star Is Born,4
241,Crazy Rich Asians,5
241,The Fault in Our Stars,4
241,Me Before You,4
241,Superbad,3
241,The Hangover,3
241,Anchorman,3
241,Wedding Crashers,4
241,21 Jump Street,3
241,Tropic Thunder,2
241,The Conjuring,3
241,A Quiet Place,3
241,Scream,3
241,Nightmare on Elm Street,3
242,The Shawshank Redemption,4
242,The Godfather,4
242,The Dark Knight,3
242,Pulp Fiction,4
242,Forrest Gump,4
242,The Matrix,5
242,Goodfellas,5
242,Fight Club,4
242,Inception,5
242,The Silence of the Lambs,4
242,Se7en,4
242,The Usual Suspects,4
242,Gladiator,4
242,Saving Private Ryan,4
242,The Green Mile,5
242,Schindler's List,5
242,Braveheart,4
242,The Departed,4
242,Interstellar,3
242,The Prestige,5
242,Memento,4
242,Django Unchained,4
242,The Lion King,5
242,Toy Story,4
242,Finding Nemo,5
242,Up,4
242,Inside Out,3
242,Frozen,3
242,Moana,4
242,Coco,4
242,WALL-E,5
242,Monsters Inc,4
242,Titanic,2
242,Avatar,4
242,The Avengers,3
242,La La Land,5
242,A Star Is Born,3
242,The Fault in Our Stars,3
242,Me Before You,3
242,Superbad,3
242,Step Brothers,2
242,Anchorman,3
242,Get Out,2
242,It,2
242,Hereditary,1
242,Halloween,4
242,Nightmare on Elm Street,4
243,The Shawshank Redemption,5
243,The Godfather,3
243,The Dark Knight,4
243,The Matrix,4
243,Goodfellas,4
243,Inception,4
243,The Silence of the Lambs,3
243,Se7en,4
243,The Usual Suspects,5
243,Saving Private Ryan,4
243,The Green Mile,4
243,Schindler's List,5
243,Braveheart,4
243,Interstellar,4
243,The Prestige,4
243,Memento,4
243,Django Unchained,5
243,The Lion King,4
243,Toy Story,4
243,Finding Nemo,4
243,Up,3
243,Inside Out,4
243,Frozen,4
243,Moana,4
243,Coco,3
243,WALL-E,4
243,Titanic,3
243,The Avengers,2
243,Spider-Man,4
243,The Fault in Our Stars,2
243,Me Before You,4
243,Superbad,3
243,Bridesmaids,3
243,A Quiet Place,3
243,It,3
243,Hereditary,3
243,The Shining,3
244,The Dark Knight,4
244,The Matrix,3
244,Fight Club,2
244,Inception,2
244,The Usual Suspects,3
244,Gladiator,3
244,Saving Private Ryan,3
244,Braveheart,4
244,The Departed,4
244,Interstellar,3
244,The Prestige,3
244,Memento,3
244,Django Unchained,2
244,The Lion King,1
244,Toy Story,2
244,Up,1
244,Inside Out,3
244,Coco,3
244,Titanic,4
244,Avatar,4
244,The Avengers,4
244,Iron Man,5
244,Spider-Man,3
244,Batman Begins,4
244,Wonder Woman,4
244,Black Panther,4
244,Guardians of the Galaxy,4
244,The Notebook,2
244,Pride and Prejudice,4
244,La La Land,5
244,A Star Is Born,4
244,Crazy Rich Asians,4
244,The Fault in Our Stars,4
244,Me Before You,4
244,Superbad,5
244,The Hangover,4
244,Step Brothers,3
244,Wedding Crashers,3
244,Mean Girls,3
244,Tropic Thunder,3
244,The Conjuring,3
244,Get Out,2
244,A Quiet Place,3
244,It,3
244,The Shining,3
244,Halloween,3
244,Nightmare on Elm Street,3
245,The Dark Knight,3
245,Pulp Fiction,3
245,The Matrix,3
245,Goodfellas,3
245,The Silence of the Lambs,3
245,Se7en,1
245,The Prestige,2
245,Up,2
245,Monsters Inc,3
245,Titanic,3
245,Avatar,5
245,The Avengers,4
245,Iron Man,4
245,Spider-Man,4
245,Batman Begins,3
245,Wonder Woman,3
245,Black Panther,3
245,Guardians of the Galaxy,5
245,The Notebook,5
245,Pride and Prejudice,4
245,La La Land,4
245,A Star Is Born,4
245,Crazy Rich Asians,5
245,The Fault in Our Stars,5
245,Me Before You,3
245,Superbad,5
245,Bridesmaids,2
245,Step Brothers,2
245,Mean Girls,3
245,21 Jump Street,3
245,Tropic Thunder,3
245,It,2
245,Halloween,4
245,Nightmare on Elm Street,3
246,The Shawshank Redemption,3
246,The Godfather,3
246,Pulp Fiction,4
246,Forrest Gump,3
246,Goodfellas,2
246,Fight Club,3
246,Saving Private Ryan,2
246,Braveheart,3
246,Interstellar,3
246,Memento,3
246,Django Unchained,3
246,Toy Story,3
246,Finding Nemo,4
246,Inside Out,3
246,Moana,2
246,Titanic,4
246,Avatar,5
246,The Avengers,4
246,Iron Man,4
246,Spider-Man,4
246,Batman Begins,4
246,Wonder Woman,4
246,Black Panther,3
246,Guardians of the Galaxy,4
246,The Notebook,3
246,Pride and Prejudice,4
246,La La Land,4
246,A Star Is Born,5
246,Crazy Rich Asians,4
246,The Fault in Our Stars,4
246,Me Before You,4
246,Superbad,5
246,The Hangover,1
246,Mean Girls,3
246,21 Jump Street,4
246,The Conjuring,3
246,Get Out,3
246,A Quiet Place,3
246,It,3
246,Hereditary,3
246,The Exorcist,3
246,Halloween,3
246,Scream,2
246,Nightmare on Elm Street,1
247,The Shawshank Redemption,3
247,The Matrix,3
247,The Silence of the Lambs,1
247,Se7en,3
247,Schindler's List,1
247,Braveheart,2
247,The Prestige,3
247,The Lion King,2
247,Toy Story,3
247,Finding Nemo,3
247,Up,2
247,WALL-E,3
247,Wonder Woman,3
247,Black Panther,4
247,Guardians of the Galaxy,4
247,Pride and Prejudice,4
247,La La Land,4
247,A Star Is Born,4
247,Crazy Rich Asians,3
247,The Fault in Our Stars,3
247,Me Before You,4
247,Superbad,4
247,The Hangover,4
247,Bridesmaids,4
247,Step Brothers,4
247,Anchorman,4
247,Wedding Crashers,4
247,Mean Girls,5
247,21 Jump Street,3
247,Tropic Thunder,4
247,Hereditary,3
247,The Exorcist,1
247,Halloween,2
247,Nightmare on Elm Street,2
248,The Shawshank Redemption,4
248,The Godfather,4
248,The Dark Knight,4
248,Pulp Fiction,4
248,Forrest Gump,5
248,The Matrix,4
248,Goodfellas,5
248,Fight Club,4
248,Inception,4
248,The Silence of the Lambs,4
248,Gladiator,4
248,Saving Private Ryan,4
248,The Green Mile,5
248,Braveheart,3
248,The Departed,5
248,Interstellar,4
248,The Prestige,4
248,Memento,4
248,Django Unchained,4
248,The Lion King,4
248,Toy Story,4
248,Finding Nemo,4
248,Up,5
248,Inside Out,4
248,Frozen,4
248,Moana,5
248,Coco,3
248,WALL-E,5
248,Monsters Inc,4
248,Guardians of the Galaxy,3
248,La La Land,3
248,Crazy Rich Asians,3
248,The Fault in Our Stars,1
248,The Hangover,1
248,Wedding Crashers,2
248,The Conjuring,3
248,Hereditary,3
248,Halloween,3
248,Scream,2
249,The Shawshank Redemption,3
249,The Godfather,4
249,The Dark Knight,1
249,Pulp Fiction,2
249,Forrest Gump,3
249,The Matrix,3
249,Goodfellas,2
249,Fight Club,3
249,The Silence of the Lambs,3
249,Se7en,2
249,Gladiator,3
249,Saving Private Ryan,1
249,The Green Mile,3
249,Schindler's List,3
249,The Departed,4
249,Memento,3
249,The Lion King,2
249,Toy Story,3
249,Inside Out,3
249,Frozen,2
249,WALL-E,3
249,Monsters Inc,3
249,Titanic,2
249,Avatar,3
249,The Avengers,3
249,Iron Man,3
249,Spider-Man,3
249,Batman Begins,1
249,Wonder Woman,4
249,Black Panther,3
249,Guardians of the Galaxy,3
249,Pride and Prejudice,4
249,La La Land,4
249,A Star Is Born,4
249,Crazy Rich Asians,5
249,The Fault in Our Stars,4
249,Me Before You,5
249,Superbad,4
249,The Hangover,5
249,Bridesmaids,4
249,Step Brothers,5
249,Anchorman,4
249,Wedding Crashers,4
249,Mean Girls,5
249,21 Jump Street,4
249,Tropic Thunder,4
249,Get Out,2
249,It,2
249,Hereditary,2
249,The Exorcist,2
249,Halloween,3
249,Scream,4
249,Nightmare on Elm Street,3
250,The Shawshank Redemption,2
250,The Dark Knight,2
250,Forrest Gump,1
250,The Matrix,3
250,The Silence of the Lambs,3
250,The Usual Suspects,3
250,Gladiator,3
250,The Green Mile,3
250,Schindler's List,3
250,The Departed,3
250,Interstellar,2
250,Memento,4
250,Toy Story,3
250,Frozen,3
250,Coco,2
250,Titanic,5
250,Avatar,4
250,The Avengers,5
250,Iron Man,4
250,Spider-Man,4
250,Batman Begins,4
250,Wonder Woman,4
250,Black Panther,4
250,Guardians of the Galaxy,4
250,The Notebook,4
250,Pride and Prejudice,4
250,La La Land,5
250,A Star Is Born,4
250,Crazy Rich Asians,4
250,The Fault in Our Stars,5
250,Me Before You,4
250,Superbad,4
250,Wedding Crashers,2
250,The Conjuring,2
250,Get Out,3
250,It,1
250,Halloween,1
250,Nightmare on Elm Street,3
251,The Shawshank Redemption,4
251,The Godfather,4
251,The Dark Knight,4
251,Pulp Fiction,5
251,Forrest Gump,4
251,The Matrix,4
251,Goodfellas,3
251,Fight Club,4
251,Inception,4
251,The Silence of the Lambs,4
251,Se7en,4
251,The Usual Suspects,4
251,Gladiator,4
251,Saving Private Ryan,2
251,The Green Mile,4
251,Schindler's List,4
251,Braveheart,4
251,The Departed,4
251,Interstellar,3
251,The Prestige,4
251,Memento,5
251,Django Unchained,4
251,The Lion King,4
251,Toy Story,4
251,Finding Nemo,4
251,Up,5
251,Inside Out,4
251,Frozen,4
251,Moana,4
251,Coco,5
251,WALL-E,4
251,Monsters Inc,4
251,Titanic,3
251,The Avengers,5
251,Iron Man,3
251,Spider-Man,3
251,Wonder Woman,4
251,Pride and Prejudice,2
251,La La Land,3
251,A Star Is Born,3
251,Crazy Rich Asians,3
251,Me Before You,1
251,Mean Girls,4
251,Tropic Thunder,3
251,The Conjuring,3
251,Get Out,4
251,A Quiet Place,3
251,It,3
251,The Exorcist,3
251,The Shining,3
251,Halloween,3
251,Nightmare on Elm Street,2
252,The Godfather,3
252,Forrest Gump,3
252,Fight Club,4
252,Gladiator,3
252,Schindler's List,1
252,Memento,2
252,Frozen,3
252,WALL-E,1
252,Monsters Inc,3
252,The Avengers,4
252,Iron Man,2
252,Spider-Man,3
252,Batman Begins,2
252,Black Panther,4
252,Guardians of the Galaxy,3
252,Pride and Prejudice,4
252,La La Land,3
252,A Star Is Born,4
252,Crazy Rich Asians,3
252,The Fault in Our Stars,4
252,Me Before You,4
252,Superbad,5
252,The Hangover,5
252,Bridesmaids,4
252,Step Brothers,4
252,Anchorman,4
252,Wedding Crashers,4
252,Mean Girls,4
252,21 Jump Street,4
252,Tropic Thunder,3
252,Get Out,3
252,Hereditary,3
252,Scream,3
252,Nightmare on Elm Street,3
253,The Dark Knight,1
253,Pulp Fiction,2
253,Forrest Gump,3
253,The Matrix,3
253,Inception,3
253,The Silence of the Lambs,3
253,Gladiator,1
253,Schindler's List,1
253,Braveheart,2
253,Memento,3
253,Finding Nemo,3
253,Frozen,2
253,Moana,3
253,WALL-E,3
253,Titanic,3
253,Iron Man,4
253,Wonder Woman,4
253,Black Panther,2
253,Guardians of the Galaxy,2
253,Pride and Prejudice,4
253,La La Land,4
253,A Star Is Born,4
253,Crazy Rich Asians,4
253,The Fault in Our Stars,4
253,Me Before You,4
253,Superbad,4
253,The Hangover,4
253,Bridesmaids,4
253,Step Brothers,4
253,Anchorman,3
253,Wedding Crashers,5
253,Mean Girls,4
253,21 Jump Street,4
253,Tropic Thunder,4
253,Get Out,3
253,It,3
253,Hereditary,3
253,Halloween,3
254,The Shawshank Redemption,4
254,The Dark Knight,3
254,Pulp Fiction,2
254,Fight Club,2
254,Se7en,3
254,The Usual Suspects,2
254,Gladiator,3
254,Braveheart,3
254,The Departed,3
254,Interstellar,3
254,Finding Nemo,3
254,Monsters Inc,3
254,Titanic,4
254,Avatar,4
254,The Avengers,5
254,Iron Man,4
254,Spider-Man,5
254,Batman Begins,4
254,Wonder Woman,4
254,Black Panther,5
254,Guardians of the Galaxy,5
254,The Notebook,4
254,Pride and Prejudice,5
254,La La Land,5
254,A Star Is Born,4
254,Crazy Rich Asians,4
254,The Fault in Our Stars,5
254,Me Before You,4
254,Superbad,4
254,Step Brothers,4
254,Mean Girls,3
254,21 Jump Street,4
254,Tropic Thunder,4
254,It,3
254,Nightmare on Elm Street,3
255,The Shawshank Redemption,5
255,The Godfather,4
255,The Dark Knight,5
255,Pulp Fiction,5
255,Forrest Gump,4
255,The Matrix,4
255,Goodfellas,4
255,Fight Club,4
255,Inception,5
255,The Silence of the Lambs,4
255,Se7en,5
255,The Usual Suspects,4
255,Gladiator,4
255,Saving Private Ryan,5
255,The Green Mile,4
255,Schindler's List,4
255,Braveheart,5
255,The Departed,4
255,Interstellar,4
255,The Prestige,4
255,Memento,5
255,Django Unchained,5
255,The Lion King,4
255,Toy Story,4
255,Finding Nemo,4
255,Up,4
255,Inside Out,3
255,Frozen,5
255,Moana,3
255,Coco,5
255,WALL-E,3
255,Monsters Inc,4
255,Titanic,1
255,Avatar,1
255,The Avengers,2
255,Spider-Man,2
255,Wonder Woman,3
255,Black Panther,2
255,Pride and Prejudice,4
255,Superbad,2
255,The Hangover,4
255,Step Brothers,3
255,Anchorman,1
255,Mean Girls,3
255,21 Jump Street,3
255,Tropic Thunder,3
255,The Conjuring,2
255,Get Out,1
255,A Quiet Place,1
255,The Exorcist,3
255,Nightmare on Elm Street,2
256,The Godfather,2
256,Forrest Gump,3
256,Fight Club,3
256,Braveheart,3
256,The Lion King,4
256,Finding Nemo,4
256,Up,2
256,Coco,3
256,Monsters Inc,4
256,Titanic,4
256,Avatar,4
256,The Avengers,5
256,Iron Man,4
256,Spider-Man,4
256,Batman Begins,4
256,Wonder Woman,4
256,Black Panther,5
256,Guardians of the Galaxy,4
256,The Notebook,5
256,Pride and Prejudice,5
256,La La Land,4
256,A Star Is Born,4
256,Crazy Rich Asians,5
256,The Fault in Our Stars,4
256,Me Before You,4
256,Superbad,5
256,Wedding Crashers,3
256,21 Jump Street,3
256,Tropic Thunder,3
256,It,2
256,Hereditary,3
256,The Shining,2
256,Scream,2
257,The Shawshank Redemption,4
257,The Godfather,5
257,The Dark Knight,5
257,Pulp Fiction,3
257,Forrest Gump,5
257,The Matrix,5
257,Goodfellas,4
257,Fight Club,5
257,Inception,4
257,The Silence of the Lambs,4
257,Se7en,4
257,The Usual Suspects,4
257,Gladiator,3
257,Saving Private Ryan,3
257,Schindler's List,4
257,Braveheart,5
257,The Departed,3
257,Interstellar,4
257,The Prestige,4
257,Memento,3
257,Django Unchained,4
257,The Lion King,3
257,Toy Story,3
257,Inside Out,3
257,Frozen,4
257,Moana,3
257,Coco,4
257,WALL-E,5
257,Monsters Inc,4
257,Titanic,3
257,Spider-Man,3
257,Black Panther,2
257,The Notebook,2
257,The Hangover,4
257,Anchorman,3
257,Wedding Crashers,3
257,Get Out,3
257,It,1
257,Hereditary,4
257,The Shining,1
257,Nightmare on Elm Street,3
258,The Shawshank Redemption,3
258,The Dark Knight,1
258,Pulp Fiction,4
258,Forrest Gump,3
258,The Matrix,3
258,Goodfellas,4
258,Fight Club,2
258,Inception,2
258,The Silence of the Lambs,1
258,Se7en,2
258,The Usual Suspects,3
258,Saving Private Ryan,3
258,The Green Mile,4
258,Braveheart,3
258,The Departed,3
258,The Prestige,3
258,Memento,3
258,The Lion King,3
258,Toy Story,2
258,Finding Nemo,2
258,Up,3
258,Inside Out,1
258,Moana,3
258,Coco,3
258,WALL-E,4
258,Monsters Inc,3
258,Titanic,4
258,Iron Man,2
258,Batman Begins,3
258,Wonder Woman,3
258,Black Panther,5
258,Guardians of the Galaxy,2
258,The Notebook,3
258,Pride and Prejudice,4
258,Crazy Rich Asians,3
258,The Fault in Our Stars,2
258,Superbad,3
258,The Hangover,4
258,Bridesmaids,2
258,Step Brothers,4
258,Anchorman,3
258,Wedding Crashers,4
258,Mean Girls,4
258,21 Jump Street,4
258,Tropic Thunder,5
258,The Conjuring,3
258,Get Out,4
258,A Quiet Place,4
258,It,4
258,Hereditary,5
258,The Exorcist,4
258,The Shining,3
258,Halloween,4
258,Scream,5
258,Nightmare on Elm Street,5
259,The Usual Suspects,3
259,Gladiator,2
259,Saving Private Ryan,4
259,Braveheart,3
259,The Prestige,3
259,Memento,3
259,The Lion King,4
259,Toy Story,3
259,Finding Nemo,2
259,Up,5
259,Frozen,5
259,Coco,4
259,WALL-E,4
259,Monsters Inc,4
259,Titanic,4
259,Avatar,4
259,The Avengers,4
259,Iron Man,4
259,Spider-Man,4
259,Batman Begins,4
259,Wonder Woman,4
259,Black Panther,5
259,Guardians of the Galaxy,4
259,The Notebook,4
259,Pride and Prejudice,3
259,A Star Is Born,3
259,The Fault in Our Stars,3
259,Step Brothers,2
259,Mean Girls,3
259,Tropic Thunder,3
259,Get Out,4
259,It,3
260,The Shawshank Redemption,3
260,The Dark Knight,3
260,Inception,3
260,The Usual Suspects,3
260,Gladiator,3
260,Schindler's List,3
260,The Departed,3
260,The Lion King,4
260,Toy Story,2
260,Finding Nemo,4
260,Up,3
260,Inside Out,5
260,Frozen,2
260,Moana,3
260,Coco,5
260,WALL-E,3
260,Monsters Inc,5
260,Titanic,5
260,Avatar,5
260,The Avengers,4
260,Iron Man,3
260,Spider-Man,5
260,Batman Begins,3
260,Wonder Woman,4
260,Black Panther,4
260,Guardians of the Galaxy,5
260,The Notebook,4
260,The Fault in Our Stars,1
260,Superbad,3
260,The Hangover,3
260,Step Brothers,2
260,Wedding Crashers,2
260,The Conjuring,3
260,Get Out,3
260,A Quiet Place,3
260,Hereditary,3
260,The Exorcist,3
261,The Godfather,2
261,The Dark Knight,2
261,Forrest Gump,1
261,The Silence of the Lambs,3
261,Saving Private Ryan,5
261,Schindler's List,3
261,The Lion King,5
261,Toy Story,4
261,Finding Nemo,4
261,Inside Out,4
261,Moana,4
261,Coco,4
261,WALL-E,4
261,Titanic,4
261,Avatar,3
261,The Avengers,4
261,Iron Man,4
261,Spider-Man,4
261,Batman Begins,4
261,Wonder Woman,5
261,Black Panther,4
261,Guardians of the Galaxy,4
261,The Notebook,5
261,La La Land,3
261,Crazy Rich Asians,3
261,Mean Girls,3
261,21 Jump Street,4
261,A Quiet Place,1
261,Halloween,1
261,Scream,3
262,The Godfather,2
262,The Dark Knight,3
262,Pulp Fiction,3
262,Forrest Gump,2
262,Goodfellas,4
262,Inception,2
262,The Usual Suspects,3
262,Gladiator,2
262,Saving Private Ryan,3
262,Schindler's List,1
262,The Departed,3
262,Interstellar,3
262,The Prestige,3
262,Django Unchained,2
262,Finding Nemo,3
262,Coco,2
262,Titanic,4
262,Avatar,3
262,The Avengers,5
262,Iron Man,4
262,Spider-Man,4
262,Batman Begins,5
262,Wonder Woman,5
262,Black Panther,5
262,Guardians of the Galaxy,4
262,The Notebook,4
262,Pride and Prejudice,4
262,La La Land,4
262,A Star Is Born,3
262,Crazy Rich Asians,4
262,The Fault in Our Stars,3
262,Me Before You,3
262,Superbad,5
262,Mean Girls,2
262,The Conjuring,2
262,A Quiet Place,3
262,Hereditary,3
262,The Exorcist,2
262,The Shining,1
263,The Shawshank Redemption,2
263,The Dark Knight,2
263,Pulp Fiction,2
263,Forrest Gump,1
263,Fight Club,2
263,The Silence of the Lambs,3
263,Se7en,3
263,The Usual Suspects,2
263,Gladiator,3
263,Saving Private Ryan,2
263,The Green Mile,3
263,Schindler's List,3
263,Braveheart,3
263,The Departed,3
263,Interstellar,3
263,The Prestige,4
263,Django Unchained,3
263,The Lion King,3
263,Toy Story,3
263,Finding Nemo,4
263,Up,3
263,Frozen,3
263,Moana,3
263,Coco,3
263,WALL-E,3
263,Monsters Inc,2
263,Titanic,2
263,Avatar,3
263,The Avengers,5
263,Iron Man,4
263,Spider-Man,2
263,Batman Begins,3
263,Guardians of the Galaxy,1
263,The Notebook,2
263,Pride and Prejudice,3
263,La La Land,4
263,A Star Is Born,3
263,Crazy Rich Asians,2
263,The Fault in Our Stars,3
263,Me Before You,5
263,Superbad,3
263,The Hangover,4
263,Bridesmaids,5
263,Step Brothers,4
263,Anchorman,4
263,Wedding Crashers,4
263,Mean Girls,4
263,21 Jump Street,4
263,Tropic Thunder,4
263,The Conjuring,5
263,Get Out,4
263,A Quiet Place,4
263,It,3
263,Hereditary,5
263,The Exorcist,4
263,The Shining,5
263,Halloween,4
263,Scream,4
263,Nightmare on Elm Street,4
264,The Shawshank Redemption,4
264,The Godfather,3
264,The Dark Knight,4
264,Pulp Fiction,3
264,Forrest Gump,5
264,The Matrix,4
264,Goodfellas,4
264,Fight Club,5
264,Inception,4
264,The Silence of the Lambs,5
264,Se7en,4
264,The Usual Suspects,4
264,Gladiator,4
264,Saving Private Ryan,4
264,The Green Mile,4
264,Schindler's List,4
264,Braveheart,4
264,The Departed,5
264,Interstellar,4
264,The Prestige,3
264,Memento,4
264,Django Unchained,4
264,The Lion King,4
264,Toy Story,4
264,Finding Nemo,4
264,Up,4
264,Inside Out,4
264,Frozen,4
264,Moana,4
264,Coco,4
264,WALL-E,4
264,Monsters Inc,3
264,Avatar,3
264,Iron Man,1
264,Spider-Man,1
264,Wonder Woman,2
264,Black Panther,2
264,Guardians of the Galaxy,3
264,The Notebook,3
264,Pride and Prejudice,3
264,La La Land,5
264,A Star Is Born,3
264,Crazy Rich Asians,3
264,The Fault in Our Stars,3
264,Me Before You,4
264,Superbad,2
264,The Hangover,3
264,Step Brothers,3
264,Mean Girls,3
264,21 Jump Street,4
264,Tropic Thunder,4
264,The Conjuring,1
264,A Quiet Place,4
264,It,3
264,Hereditary,3
264,The Shining,3
264,Nightmare on Elm Street,3
265,The Shawshank Redemption,3
265,The Godfather,4
265,The Dark Knight,3
265,Pulp Fiction,2
265,Forrest Gump,3
265,The Matrix,3
265,Goodfellas,2
265,Fight Club,3
265,Inception,3
265,The Silence of the Lambs,3
265,Se7en,3
265,The Usual Suspects,4
265,Gladiator,4
265,Saving Private Ryan,3
265,The Green Mile,2
265,Schindler's List,1
265,Braveheart,1
265,The Departed,4
265,Interstellar,1
265,The Prestige,1
265,Memento,1
265,Django Unchained,2
265,The Lion King,4
265,Toy Story,4
265,Finding Nemo,3
265,Up,3
265,Coco,1
265,WALL-E,4
265,Monsters Inc,1
265,Avatar,3
265,Iron Man,3
265,Spider-Man,3
265,Batman Begins,2
265,Wonder Woman,1
265,Black Panther,3
265,Guardians of the Galaxy,4
265,The Notebook,3
265,Pride and Prejudice,4
265,La La Land,4
265,A Star Is Born,5
265,Crazy Rich Asians,4
265,The Fault in Our Stars,5
265,Me Before You,5
265,Superbad,4
265,The Hangover,4
265,Bridesmaids,4
265,Step Brothers,4
265,Anchorman,3
265,Wedding Crashers,4
265,Mean Girls,4
265,21 Jump Street,4
265,Tropic Thunder,4
265,Get Out,3
265,A Quiet Place,1
265,It,1
265,Hereditary,3
265,The Exorcist,1
265,The Shining,2
265,Nightmare on Elm Street,2
266,The Shawshank Redemption,5
266,The Godfather,5
266,The Dark Knight,4
266,Pulp Fiction,4
266,Forrest Gump,5
266,The Matrix,3
266,Goodfellas,4
266,Fight Club,5
266,Inception,5
266,The Silence of the Lambs,5
266,Se7en,5
266,The Usual Suspects,4
266,Gladiator,4
266,Saving Private Ryan,5
266,The Green Mile,4
266,Schindler's List,3
266,Braveheart,5
266,The Departed,5
266,Interstellar,4
266,The Prestige,5
266,Memento,5
266,Django Unchained,4
266,The Lion King,5
266,Toy Story,5
266,Finding Nemo,4
266,Up,4
266,Inside Out,3
266,Frozen,4
266,Moana,4
266,Coco,5
266,WALL-E,4
266,Monsters Inc,4
266,Iron Man,2
266,Wonder Woman,3
266,Black Panther,3
266,The Notebook,4
266,A Star Is Born,4
266,Crazy Rich Asians,2
266,Me Before You,2
266,Superbad,3
266,Step Brothers,3
266,Anchorman,2
266,Mean Girls,4
266,Tropic Thunder,3
266,A Quiet Place,2
266,It,4
266,Hereditary,4
266,The Exorcist,2
266,The Shining,2
266,Nightmare on Elm Street,3
267,The Shawshank Redemption,2
267,The Dark Knight,4
267,Pulp Fiction,1
267,The Matrix,3
267,Goodfellas,3
267,Fight Club,2
267,Inception,2
267,The Silence of the Lambs,3
267,Se7en,2
267,The Usual Suspects,2
267,Saving Private Ryan,5
267,The Green Mile,2
267,Braveheart,3
267,Interstellar,3
267,The Prestige,1
267,Toy Story,1
267,Up,4
267,Frozen,3
267,Moana,3
267,Coco,3
267,WALL-E,2
267,Monsters Inc,3
267,Avatar,1
267,Iron Man,2
267,Batman Begins,3
267,Wonder Woman,2
267,Black Panther,3
267,Guardians of the Galaxy,4
267,The Notebook,3
267,Pride and Prejudice,4
267,La La Land,4
267,A Star Is Born,4
267,Crazy Rich Asians,4
267,The Fault in Our Stars,4
267,Me Before You,4
267,Superbad,4
267,The Hangover,4
267,Bridesmaids,4
267,Step Brothers,4
267,Anchorman,4
267,Wedding Crashers,4
267,Mean Girls,4
267,21 Jump Street,5
267,Tropic Thunder,5
267,Get Out,1
267,A Quiet Place,2
267,It,4
267,Hereditary,3
267,The Exorcist,4
267,The Shining,3
267,Halloween,3
267,Nightmare on Elm Street,3
268,The Shawshank Redemption,4
268,The Godfather,4
268,The Dark Knight,5
268,Pulp Fiction,4
268,Forrest Gump,4
268,The Matrix,5
268,Goodfellas,4
268,Fight Club,5
268,Inception,3
268,The Silence of the Lambs,4
268,Se7en,3
268,The Usual Suspects,5
268,Gladiator,4
268,Saving Private Ryan,3
268,The Green Mile,5
268,Schindler's List,5
268,Braveheart,4
268,The Departed,4
268,Interstellar,3
268,The Prestige,5
268,Memento,5
268,Django Unchained,3
268,The Lion King,5
268,Toy Story,4
268,Finding Nemo,5
268,Up,4
268,Inside Out,4
268,Frozen,3
268,Moana,5
268,Coco,4
268,WALL-E,4
268,Monsters Inc,4
268,Titanic,3
268,Avatar,4
268,Iron Man,2
268,Spider-Man,4
268,Batman Begins,3
268,Wonder Woman,4
268,Black Panther,3
268,Guardians of the Galaxy,3
268,Pride and Prejudice,3
268,La La Land,4
268,Crazy Rich Asians,3
268,Me Before You,3
268,The Hangover,2
268,Bridesmaids,3
268,Step Brothers,4
268,Anchorman,3
268,21 Jump Street,4
268,Get Out,3
268,A Quiet Place,3
268,It,3
268,Hereditary,3
268,The Shining,3
268,Halloween,4
268,Scream,1
268,Nightmare on Elm Street,4
269,The Godfather,3
269,The Dark Knight,2
269,Forrest Gump,3
269,The Matrix,3
269,Inception,4
269,Saving Private Ryan,3
269,The Green Mile,3
269,Interstellar,3
269,Finding Nemo,3
269,Inside Out,3
269,Frozen,3
269,Monsters Inc,2
269,Titanic,2
269,Avatar,4
269,The Avengers,2
269,Iron Man,4
269,Spider-Man,4
269,Batman Begins,2
269,Guardians of the Galaxy,4
269,The Hangover,4
269,Bridesmaids,3
269,Step Brothers,4
269,Anchorman,4
269,Wedding Crashers,4
269,Mean Girls,4
269,21 Jump Street,5
269,Tropic Thunder,4
269,The Conjuring,4
269,Get Out,4
269,A Quiet Place,4
269,It,4
269,Hereditary,4
269,The Exorcist,3
269,The Shining,5
269,Halloween,4
269,Scream,5
270,The Shawshank Redemption,3
270,The Godfather,1
270,The Dark Knight,3
270,Pulp Fiction,3
270,Goodfellas,2
270,Fight Club,1
270,Inception,3
270,Se7en,1
270,The Usual Suspects,4
270,The Green Mile,3
270,Schindler's List,3
270,The Departed,2
270,Interstellar,3
270,Memento,3
270,Django Unchained,2
270,The Lion King,3
270,Finding Nemo,3
270,Frozen,3
270,Coco,2
270,WALL-E,4
270,Monsters Inc,3
270,Titanic,1
270,The Avengers,2
270,Spider-Man,3
270,Wonder Woman,1
270,Black Panther,3
270,Guardians of the Galaxy,2
270,Pride and Prejudice,5
270,La La Land,4
270,A Star Is Born,3
270,Crazy Rich Asians,4
270,The Fault in Our Stars,3
270,Me Before You,4
270,Superbad,5
270,The Hangover,4
270,Bridesmaids,4
270,Step Brothers,4
270,Anchorman,4
270,Wedding Crashers,4
270,Mean Girls,4
270,21 Jump Street,4
270,Tropic Thunder,4
270,The Conjuring,3
270,It,3
270,Hereditary,3
270,The Exorcist,3
270,Halloween,3
270,Scream,1
271,The Godfather,3
271,The Dark Knight,2
271,Pulp Fiction,3
271,Forrest Gump,2
271,Fight Club,3
271,Inception,2
271,Se7en,3
271,Gladiator,2
271,Saving Private Ryan,2
271,The Green Mile,4
271,Schindler's List,3
271,Braveheart,3
271,The Departed,2
271,Interstellar,2
271,The Prestige,3
271,Memento,4
271,Django Unchained,1
271,The Lion King,3
271,Toy Story,2
271,Finding Nemo,1
271,Up,4
271,Inside Out,2
271,Frozen,3
271,Moana,3
271,Coco,3
271,WALL-E,3
271,Monsters Inc,3
271,Titanic,4
271,Avatar,4
271,The Avengers,4
271,Iron Man,4
271,Spider-Man,5
271,Batman Begins,4
271,Wonder Woman,4
271,Black Panther,4
271,Guardians of the Galaxy,4
271,The Notebook,5
271,Pride and Prejudice,5
271,La La Land,4
271,A Star Is Born,4
271,Crazy Rich Asians,4
271,The Fault in Our Stars,4
271,Me Before You,4
271,Superbad,5
271,The Hangover,3
271,Bridesmaids,4
271,Step Brothers,3
271,Anchorman,3
271,Wedding Crashers,3
271,Tropic Thunder,4
271,The Conjuring,4
271,Get Out,1
271,A Quiet Place,3
271,It,3
271,Hereditary,3
271,The Exorcist,3
271,The Shining,2
271,Halloween,3
271,Nightmare on Elm Street,4
272,The Shawshank Redemption,4
272,The Godfather,5
272,The Dark Knight,4
272,Pulp Fiction,4
272,Forrest Gump,4
272,The Matrix,5
272,Goodfellas,4
272,Fight Club,4
272,The Silence of the Lambs,4
272,Se7en,4
272,The Usual Suspects,4
272,Gladiator,4
272,Saving Private Ryan,5
272,The Green Mile,4
272,Schindler's List,4
272,Braveheart,3
272,The Departed,4
272,Interstellar,4
272,The Prestige,5
272,Memento,4
272,Django Unchained,5
272,The Lion King,4
272,Toy Story,4
272,Finding Nemo,5
272,Up,4
272,Inside Out,5
272,Frozen,4
272,Moana,4
272,Coco,4
272,WALL-E,4
272,Monsters Inc,4
272,Avatar,3
272,Batman Begins,3
272,Wonder Woman,3
272,Black Panther,4
272,Pride and Prejudice,2
272,Anchorman,2
272,Mean Girls,3
272,Get Out,3
272,It,2
272,Hereditary,3
272,The Exorcist,3
272,The Shining,3
272,Scream,1
273,The Shawshank Redemption,4
273,The Godfather,4
273,The Dark Knight,4
273,Pulp Fiction,4
273,Forrest Gump,4
273,The Matrix,3
273,Goodfellas,3
273,Fight Club,4
273,Inception,3
273,The Silence of the Lambs,4
273,Se7en,5
273,The Usual Suspects,5
273,Gladiator,4
273,Saving Private Ryan,4
273,The Green Mile,4
273,Schindler's List,4
273,Braveheart,4
273,The Departed,5
273,Interstellar,4
273,The Prestige,5
273,Memento,4
273,Django Unchained,5
273,The Lion King,4
273,Toy Story,3
273,Finding Nemo,4
273,Up,4
273,Inside Out,4
273,Frozen,4
273,Moana,4
273,Coco,5
273,WALL-E,3
273,Monsters Inc,4
273,Avatar,3
273,Iron Man,2
273,Spider-Man,3
273,Batman Begins,3
273,Guardians of the Galaxy,3
273,The Notebook,4
273,Pride and Prejudice,1
273,La La Land,2
273,A Star Is Born,3
273,Crazy Rich Asians,3
273,Me Before You,3
273,The Hangover,4
273,Anchorman,4
273,21 Jump Street,4
273,Tropic Thunder,2
273,The Conjuring,2
273,A Quiet Place,1
273,It,3
273,Hereditary,3
273,The Exorcist,2
273,The Shining,3
273,Scream,4
273,Nightmare on Elm Street,3
274,The Godfather,3
274,Pulp Fiction,3
274,Forrest Gump,3
274,The Matrix,3
274,Goodfellas,3
274,Inception,3
274,Se7en,4
274,The Green Mile,3
274,Schindler's List,1
274,Braveheart,3
274,The Departed,2
274,Interstellar,2
274,The Prestige,2
274,Memento,4
274,Django Unchained,4
274,The Lion King,3
274,Finding Nemo,1
274,Inside Out,3
274,Frozen,3
274,Coco,1
274,WALL-E,2
274,Monsters Inc,2
274,Titanic,1
274,Avatar,4
274,The Avengers,3
274,Iron Man,2
274,Spider-Man,3
274,Wonder Woman,3
274,Black Panther,2
274,Guardians of the Galaxy,2
274,The Notebook,3
274,Pride and Prejudice,4
274,La La Land,4
274,A Star Is Born,5
274,Crazy Rich Asians,4
274,The Fault in Our Stars,5
274,Me Before You,4
274,Superbad,3
274,The Hangover,5
274,Bridesmaids,4
274,Step Brothers,4
274,Anchorman,3
274,Wedding Crashers,4
274,Mean Girls,4
274,21 Jump Street,4
274,Tropic Thunder,5
274,The Conjuring,2
274,Get Out,4
274,A Quiet Place,3
274,It,2
274,Halloween,2
274,Scream,1
274,Nightmare on Elm Street,2
275,The Shawshank Redemption,3
275,The Godfather,3
275,The Dark Knight,2
275,Pulp Fiction,3
275,Goodfellas,1
275,Inception,3
275,Se7en,1
275,The Usual Suspects,3
275,Gladiator,3
275,Saving Private Ryan,2
275,The Green Mile,3
275,Schindler's List,3
275,Braveheart,3
275,The Departed,3
275,The Prestige,1
275,The Lion King,3
275,Toy Story,3
275,Finding Nemo,3
275,Inside Out,4
275,Coco,3
275,WALL-E,4
275,Titanic,4
275,Avatar,4
275,The Avengers,5
275,Iron Man,4
275,Spider-Man,3
275,Batman Begins,5
275,Wonder Woman,4
275,Black Panther,4
275,Guardians of the Galaxy,4
275,The Notebook,4
275,Pride and Prejudice,4
275,La La Land,4
275,A Star Is Born,4
275,Crazy Rich Asians,5
275,The Fault in Our Stars,4
275,Me Before You,3
275,Superbad,4
275,The Hangover,3
275,Step Brothers,3
275,Anchorman,1
275,21 Jump Street,3
275,Tropic Thunder,5
275,The Conjuring,3
275,Get Out,3
275,A Quiet Place,3
275,The Exorcist,3
275,Halloween,2
275,Scream,3
276,The Godfather,2
276,The Dark Knight,3
276,Pulp Fiction,1
276,Forrest Gump,3
276,Inception,3
276,Se7en,4
276,The Usual Suspects,2
276,The Green Mile,3
276,Braveheart,3
276,The Prestige,3
276,Django Unchained,3
276,Toy Story,2
276,Finding Nemo,4
276,Inside Out,3
276,Coco,3
276,Monsters Inc,2
276,Titanic,3
276,Avatar,4
276,The Avengers,5
276,Iron Man,4
276,Spider-Man,3
276,Batman Begins,4
276,Wonder Woman,5
276,Black Panther,4
276,Guardians of the Galaxy,4
276,The Notebook,4
276,Pride and Prejudice,4
276,La La Land,5
276,A Star Is Born,4
276,Crazy Rich Asians,4
276,The Fault in Our Stars,5
276,Me Before You,3
276,Superbad,4
276,The Hangover,2
276,Step Brothers,1
276,Wedding Crashers,3
276,Mean Girls,2
276,The Conjuring,3
276,It,4
276,Hereditary,3
276,The Exorcist,2
276,Halloween,3
276,Scream,3
277,The Dark Knight,2
277,Forrest Gump,2
277,The Usual Suspects,4
277,The Green Mile,3
277,The Departed,3
277,Interstellar,3
277,The Prestige,3
277,Django Unchained,2
277,Toy Story,3
277,Inside Out,3
277,Moana,4
277,Coco,3
277,WALL-E,3
277,Monsters Inc,3
277,The Avengers,3
277,Batman Begins,3
277,Guardians of the Galaxy,3
277,Crazy Rich Asians,2
277,The Fault in Our Stars,3
277,The Hangover,4
277,Bridesmaids,4
277,Step Brothers,4
277,Anchorman,5
277,Wedding Crashers,5
277,Mean Girls,4
277,21 Jump Street,4
277,Tropic Thunder,4
277,The Conjuring,4
277,Get Out,4
277,A Quiet Place,5
277,Hereditary,3
277,The Exorcist,4
277,The Shining,5
277,Halloween,4
277,Scream,4
277,Nightmare on Elm Street,4
278,The Dark Knight,3
278,Forrest Gump,1
278,The Matrix,3
278,Fight Club,3
278,Inception,2
278,Se7en,5
278,The Usual Suspects,2
278,Saving Private Ryan,5
278,Braveheart,2
278,The Departed,3
278,Interstellar,3
278,The Prestige,2
278,Memento,2
278,Django Unchained,4
278,The Lion King,2
278,Inside Out,2
278,Frozen,3
278,Coco,1
278,WALL-E,2
278,Monsters Inc,3
278,Titanic,4
278,Avatar,5
278,The Avengers,4
278,Iron Man,4
278,Spider-Man,5
278,Batman Begins,5
278,Wonder Woman,5
278,Black Panther,5
278,Guardians of the Galaxy,4
278,The Notebook,5
278,Pride and Prejudice,5
278,La La Land,4
278,A Star Is Born,5
278,Crazy Rich Asians,4
278,The Fault in Our Stars,4
278,Me Before You,4
278,Superbad,4
278,The Hangover,4
278,Anchorman,3
278,Wedding Crashers,1
278,Mean Girls,3
278,21 Jump Street,4
278,Tropic Thunder,1
278,The Conjuring,3
278,It,1
278,Hereditary,3
278,The Shining,1
278,Halloween,3
278,Nightmare on Elm Street,3
279,The Shawshank Redemption,1
279,The Dark Knight,3
279,Fight Club,3
279,Inception,3
279,The Silence of the Lambs,2
279,The Green Mile,3
279,Schindler's List,4
279,Braveheart,3
279,Interstellar,3
279,Finding Nemo,3
279,WALL-E,2
279,Monsters Inc,3
279,Titanic,4
279,Avatar,5
279,The Avengers,4
279,Iron Man,4
279,Spider-Man,4
279,Batman Begins,4
279,Wonder Woman,4
279,Black Panther,5
279,Guardians of the Galaxy,3
279,The Notebook,4
279,Pride and Prejudice,4
279,La La Land,4
279,A Star Is Born,4
279,Crazy Rich Asians,5
279,The Fault in Our Stars,5
279,Me Before You,3
279,Superbad,5
279,Bridesmaids,5
279,Anchorman,3
279,The Conjuring,4
279,A Quiet Place,3
279,The Shining,3
279,Halloween,3
280,The Shawshank Redemption,2
280,Pulp Fiction,3
280,The Matrix,2
280,Fight Club,1
280,Gladiator,3
280,Schindler's List,4
280,Interstellar,4
280,Memento,3
280,The Lion King,2
280,Up,2
280,Frozen,3
280,WALL-E,3
280,Titanic,4
280,Avatar,4
280,The Avengers,4
280,Iron Man,4
280,Spider-Man,4
280,Batman Begins,5
280,Wonder Woman,3
280,Black Panther,4
280,Guardians of the Galaxy,4
280,The Notebook,3
280,Pride and Prejudice,3
280,La La Land,5
280,A Star Is Born,4
280,Crazy Rich Asians,4
280,The Fault in Our Stars,5
280,Me Before You,4
280,Superbad,3
280,Bridesmaids,3
280,Step Brothers,3
280,Anchorman,4
280,Tropic Thunder,3
280,Scream,2
281,Pulp Fiction,2
281,Fight Club,3
281,Saving Private Ryan,3
281,Schindler's List,2
281,Braveheart,2
281,Memento,4
281,The Lion King,4
281,Toy Story,5
281,Finding Nemo,3
281,Up,5
281,Inside Out,4
281,Frozen,5
281,Moana,4
281,Coco,5
281,WALL-E,5
281,Monsters Inc,4
281,Titanic,4
281,Avatar,4
281,The Avengers,5
281,Iron Man,3
281,Spider-Man,4
281,Batman Begins,3
281,Wonder Woman,4
281,Black Panther,4
281,Guardians of the Galaxy,3
281,The Notebook,5
281,Pride and Prejudice,2
281,La La Land,3
281,The Hangover,2
281,Mean Girls,4
281,Tropic Thunder,3
281,The Conjuring,4
281,The Exorcist,3
281,Halloween,3
282,The Shawshank Redemption,1
282,The Dark Knight,1
282,The Matrix,3
282,Goodfellas,3
282,Inception,1
282,The Silence of the Lambs,3
282,Se7en,2
282,The Usual Suspects,2
282,Saving Private Ryan,3
282,The Green Mile,2
282,Schindler's List,3
282,Braveheart,2
282,The Departed,2
282,Memento,1
282,Django Unchained,2
282,The Lion King,1
282,Toy Story,4
282,Finding Nemo,3
282,Up,1
282,Inside Out,3
282,Frozen,3
282,Moana,3
282,Monsters Inc,3
282,Titanic,3
282,Avatar,3
282,Iron Man,3
282,Spider-Man,3
282,Wonder Woman,1
282,The Notebook,5
282,La La Land,3
282,A Star Is Born,3
282,Crazy Rich Asians,2
282,The Fault in Our Stars,2
282,Me Before You,3
282,Superbad,3
282,The Hangover,4
282,Bridesmaids,4
282,Step Brothers,5
282,Anchorman,5
282,Wedding Crashers,4
282,Mean Girls,4
282,21 Jump Street,4
282,Tropic Thunder,5
282,The Conjuring,3
282,Get Out,4
282,A Quiet Place,4
282,It,5
282,Hereditary,4
282,The Exorcist,4
282,The Shining,3
282,Halloween,4
282,Scream,3
282,Nightmare on Elm Street,4
283,The Shawshank Redemption,4
283,The Dark Knight,4
283,Pulp Fiction,4
283,The Matrix,4
283,Goodfellas,4
283,Fight Club,5
283,Inception,5
283,Se7en,4
283,The Usual Suspects,4
283,The Green Mile,4
283,Schindler's List,4
283,Braveheart,4
283,The Departed,5
283,Interstellar,5
283,The Prestige,4
283,Memento,3
283,Django Unchained,4
283,Toy Story,4
283,Up,3
283,Inside Out,3
283,Frozen,4
283,Moana,4
283,WALL-E,5
283,Batman Begins,2
283,Guardians of the Galaxy,2
283,The Notebook,3
283,Pride and Prejudice,4
283,Bridesmaids,2
283,Anchorman,3
283,21 Jump Street,1
283,It,3
283,The Shining,1
284,The Shawshank Redemption,3
284,The Godfather,3
284,Pulp Fiction,3
284,The Matrix,4
284,The Silence of the Lambs,1
284,Se7en,3
284,Schindler's List,4
284,Braveheart,4
284,Interstellar,2
284,Memento,3
284,Django Unchained,3
284,Toy Story,3
284,Frozen,2
284,WALL-E,3
284,Titanic,2
284,Avatar,3
284,Spider-Man,3
284,Batman Begins,3
284,Wonder Woman,3
284,The Notebook,3
284,Pride and Prejudice,5
284,La La Land,4
284,A Star Is Born,3
284,Crazy Rich Asians,4
284,The Fault in Our Stars,4
284,Me Before You,4
284,Superbad,5
284,The Hangover,4
284,Bridesmaids,4
284,Step Brothers,4
284,Anchorman,5
284,Wedding Crashers,3
284,Mean Girls,4
284,21 Jump Street,4
284,Tropic Thunder,3
284,A Quiet Place,3
284,Hereditary,3
284,The Exorcist,3
284,The Shining,5
284,Nightmare on Elm Street,1
285,The Shawshank Redemption,4
285,The Godfather,4
285,The Dark Knight,5
285,Pulp Fiction,4
285,Forrest Gump,5
285,The Matrix,5
285,Goodfellas,4
285,Fight Club,4
285,Inception,4
285,Se7en,4
285,The Usual Suspects,4
285,Gladiator,5
285,Saving Private Ryan,4
285,The Green Mile,5
285,The Departed,5
285,Interstellar,4
285,The Prestige,4
285,Memento,2
285,Django Unchained,5
285,The Lion King,4
285,Toy Story,4
285,Finding Nemo,4
285,Up,4
285,Inside Out,3
285,Frozen,4
285,Moana,4
285,Coco,4
285,WALL-E,4
285,Spider-Man,3
285,Guardians of the Galaxy,4
285,Me Before You,3
285,Superbad,3
285,Step Brothers,3
285,Mean Girls,3
285,Tropic Thunder,2
285,Get Out,3
285,Hereditary,4
285,The Exorcist,2
285,Halloween,3
285,Nightmare on Elm Street,3
286,The Shawshank Redemption,4
286,The Godfather,3
286,The Dark Knight,1
286,The Matrix,3
286,Goodfellas,3
286,Inception,3
286,The Silence of the Lambs,1
286,Se7en,2
286,Gladiator,3
286,Saving Private Ryan,3
286,Braveheart,3
286,Memento,2
286,The Lion King,3
286,Frozen,3
286,WALL-E,2
286,Monsters Inc,3
286,Titanic,3
286,Avatar,2
286,Guardians of the Galaxy,4
286,The Notebook,2
286,Pride and Prejudice,3
286,Crazy Rich Asians,3
286,Superbad,2
286,The Hangover,4
286,Bridesmaids,4
286,Step Brothers,4
286,Anchorman,5
286,Wedding Crashers,3
286,Mean Girls,4
286,21 Jump Street,5
286,Tropic Thunder,4
286,The Conjuring,3
286,Get Out,5
286,A Quiet Place,5
286,It,5
286,Hereditary,5
286,The Exorcist,4
286,The Shining,5
286,Halloween,4
286,Scream,4
286,Nightmare on Elm Street,4
287,The Shawshank Redemption,1
287,The Dark Knight,4
287,Fight Club,4
287,Gladiator,3
287,Saving Private Ryan,2
287,Schindler's List,2
287,Interstellar,2
287,Memento,4
287,Django Unchained,1
287,The Lion King,2
287,Frozen,4
287,Moana,2
287,Coco,3
287,Monsters Inc,3
287,Titanic,2
287,Avatar,3
287,Spider-Man,3
287,Batman Begins,4
287,Guardians of the Galaxy,3
287,Pride and Prejudice,4
287,La La Land,5
287,A Star Is Born,4
287,Crazy Rich Asians,4
287,The Fault in Our Stars,4
287,Me Before You,4
287,Superbad,4
287,The Hangover,4
287,Bridesmaids,4
287,Step Brothers,5
287,Anchorman,4
287,Wedding Crashers,5
287,Mean Girls,5
287,21 Jump Street,4
287,Tropic Thunder,4
287,The Conjuring,4
287,Get Out,3
287,Hereditary,3
287,The Shining,4
287,Scream,1
287,Nightmare on Elm Street,2
288,The Godfather,3
288,Goodfellas,3
288,Fight Club,2
288,Inception,2
288,Se7en,3
288,Saving Private Ryan,3
288,Schindler's List,3
288,Memento,3
288,Django Unchained,3
288,Toy Story,5
288,Up,3
288,Frozen,3
288,Moana,3
288,Coco,2
288,Titanic,1
288,The Avengers,3
288,Iron Man,2
288,Spider-Man,3
288,Batman Begins,2
288,Wonder Woman,2
288,The Notebook,2
288,Crazy Rich Asians,4
288,The Fault in Our Stars,3
288,The Hangover,4
288,Bridesmaids,4
288,Step Brothers,3
288,Anchorman,3
288,Wedding Crashers,3
288,Mean Girls,4
288,21 Jump Street,4
288,Tropic Thunder,5
288,The Conjuring,4
288,Get Out,4
288,A Quiet Place,4
288,It,4
288,Hereditary,4
288,The Exorcist,3
288,The Shining,4
288,Halloween,4
288,Scream,4
288,Nightmare on Elm Street,5
289,The Shawshank Redemption,4
289,The Godfather,2
289,The Dark Knight,1
289,Pulp Fiction,4
289,Forrest Gump,1
289,Fight Club,3
289,The Silence of the Lambs,3
289,Se7en,4
289,Gladiator,4
289,Saving Private Ryan,3
289,The Departed,3
289,Interstellar,3
289,The Prestige,4
289,Memento,4
289,Django Unchained,1
289,Toy Story,3
289,Finding Nemo,2
289,Up,4
289,Inside Out,2
289,Frozen,4
289,Moana,3
289,Titanic,5
289,Avatar,4
289,The Avengers,5
289,Iron Man,4
289,Spider-Man,5
289,Batman Begins,4
289,Wonder Woman,3
289,Black Panther,5
289,Guardians of the Galaxy,4
289,The Notebook,5
289,Pride and Prejudice,4
289,La La Land,3
289,A Star Is Born,5
289,Crazy Rich Asians,4
289,The Fault in Our Stars,4
289,Me Before You,5
289,Superbad,4
289,Bridesmaids,2
289,Step Brothers,3
289,Anchorman,4
289,Mean Girls,3
289,21 Jump Street,1
289,Tropic Thunder,4
289,The Conjuring,3
289,Get Out,3
289,It,3
289,Hereditary,3
289,The Shining,3
289,Halloween,3
289,Scream,3
290,The Shawshank Redemption,3
290,The Godfather,3
290,Pulp Fiction,3
290,The Matrix,4
290,Fight Club,3
290,Inception,3
290,The Silence of the Lambs,1
290,Se7en,3
290,Gladiator,3
290,The Green Mile,4
290,Schindler's List,3
290,Interstellar,5
290,The Prestige,2
290,Memento,4
290,The Lion King,1
290,Frozen,3
290,Moana,3
290,Titanic,4
290,The Avengers,3
290,Iron Man,2
290,Spider-Man,3
290,Batman Begins,3
290,Black Panther,3
290,Guardians of the Galaxy,3
290,Pride and Prejudice,5
290,La La Land,4
290,A Star Is Born,4
290,Crazy Rich Asians,3
290,The Fault in Our Stars,4
290,Me Before You,5
290,Superbad,4
290,The Hangover,5
290,Bridesmaids,3
290,Step Brothers,3
290,Anchorman,4
290,Wedding Crashers,4
290,Mean Girls,3
290,21 Jump Street,4
290,Tropic Thunder,4
290,The Conjuring,3
290,Get Out,3
290,It,3
290,Hereditary,1
290,The Exorcist,3
290,The Shining,3
290,Halloween,3
290,Nightmare on Elm Street,2
291,Forrest Gump,2
291,Inception,3
291,Gladiator,4
291,Saving Private Ryan,2
291,Schindler's List,1
291,Braveheart,2
291,The Departed,4
291,The Prestige,4
291,Django Unchained,4
291,The Lion King,4
291,Titanic,4
291,Avatar,4
291,The Avengers,4
291,Iron Man,5
291,Spider-Man,5
291,Batman Begins,2
291,Wonder Woman,3
291,Black Panther,4
291,The Notebook,4
291,Pride and Prejudice,4
291,La La Land,4
291,A Star Is Born,4
291,Crazy Rich Asians,3
291,The Fault in Our Stars,4
291,Me Before You,4
291,Superbad,3
291,Anchorman,3
291,21 Jump Street,3
291,Tropic Thunder,1
291,The Shining,2
291,Halloween,4
292,The Shawshank Redemption,4
292,The Godfather,4
292,The Dark Knight,3
292,Pulp Fiction,4
292,Forrest Gump,4
292,The Matrix,5
292,Goodfellas,4
292,Fight Club,5
292,Inception,4
292,The Silence of the Lambs,4
292,Se7en,4
292,The Usual Suspects,4
292,Gladiator,5
292,Saving Private Ryan,4
292,The Green Mile,4
292,Schindler's List,5
292,Braveheart,4
292,The Departed,4
292,Interstellar,4
292,The Prestige,5
292,Memento,4
292,Django Unchained,4
292,The Lion King,4
292,Toy Story,4
292,Finding Nemo,4
292,Up,4
292,Inside Out,5
292,Frozen,4
292,Moana,5
292,Coco,5
292,WALL-E,4
292,Monsters Inc,4
292,Avatar,4
292,The Avengers,3
292,Iron Man,2
292,Spider-Man,2
292,Black Panther,3
292,The Notebook,1
292,Pride and Prejudice,3
292,La La Land,2
292,A Star Is Born,3
292,Crazy Rich Asians,3
292,The Fault in Our Stars,2
292,Me Before You,3
292,Superbad,1
292,The Hangover,3
292,Bridesmaids,3
292,Step Brothers,3
292,Anchorman,3
292,21 Jump Street,2
292,The Conjuring,4
292,Get Out,3
292,A Quiet Place,3
292,It,3
292,Hereditary,2
292,The Shining,1
292,Halloween,1
292,Nightmare on Elm Street,1
293,The Shawshank Redemption,4
293,The Dark Knight,5
293,Pulp Fiction,4
293,Forrest Gump,5
293,The Matrix,4
293,Goodfellas,5
293,Fight Club,5
293,Inception,5
293,The Usual Suspects,4
293,Saving Private Ryan,5
293,Schindler's List,4
293,Braveheart,5
293,The Departed,5
293,Interstellar,4
293,The Prestige,4
293,Memento,4
293,Django Unchained,4
293,The Lion King,4
293,Toy Story,4
293,Finding Nemo,4
293,Frozen,4
293,Moana,3
293,Coco,4
293,WALL-E,4
293,Monsters Inc,3
293,Titanic,3
293,Wonder Woman,2
293,Me Before You,2
293,Superbad,1
293,Wedding Crashers,2
293,The Exorcist,4
293,Halloween,3
293,Nightmare on Elm Street,2
294,The Godfather,4
294,Pulp Fiction,4
294,Forrest Gump,1
294,The Matrix,3
294,Goodfellas,2
294,Fight Club,3
294,Se7en,3
294,The Usual Suspects,3
294,Saving Private Ryan,3
294,Schindler's List,4
294,Interstellar,2
294,The Prestige,3
294,Django Unchained,3
294,Toy Story,4
294,Finding Nemo,3
294,Up,1
294,Moana,3
294,Coco,3
294,Avatar,3
294,The Avengers,3
294,Iron Man,3
294,Batman Begins,3
294,Wonder Woman,1
294,Black Panther,1
294,The Notebook,2
294,Pride and Prejudice,5
294,La La Land,4
294,A Star Is Born,5
294,Crazy Rich Asians,5
294,The Fault in Our Stars,4
294,Me Before You,4
294,Superbad,4
294,The Hangover,5
294,Bridesmaids,5
294,Step Brothers,4
294,Anchorman,4
294,Wedding Crashers,4
294,Mean Girls,3
294,21 Jump Street,4
294,Tropic Thunder,4
294,A Quiet Place,3
294,It,2
294,The Exorcist,2
294,The Shining,3
294,Halloween,4
294,Scream,3
294,Nightmare on Elm Street,2
295,Pulp Fiction,2
295,The Matrix,2
295,Fight Club,3
295,Inception,3
295,Se7en,3
295,Gladiator,3
295,The Green Mile,4
295,Schindler's List,1
295,The Departed,3
295,The Prestige,2
295,Django Unchained,2
295,The Lion King,3
295,Toy Story,1
295,Up,2
295,Inside Out,3
295,Frozen,3
295,Moana,3
295,Monsters Inc,3
295,Titanic,1
295,Avatar,3
295,Pride and Prejudice,5
295,La La Land,4
295,A Star Is Born,3
295,Crazy Rich Asians,5
295,The Fault in Our Stars,5
295,Me Before You,5
295,Superbad,3
295,The Hangover,4
295,Bridesmaids,3
295,Step Brothers,3
295,Anchorman,4
295,Wedding Crashers,4
295,Mean Girls,5
295,21 Jump Street,4
295,Tropic Thunder,4
295,The Conjuring,2
296,Pulp Fiction,2
296,Goodfellas,2
296,The Silence of the Lambs,3
296,Se7en,3
296,Gladiator,3
296,Saving Private Ryan,2
296,Schindler's List,2
296,Braveheart,3
296,Interstellar,1
296,Finding Nemo,3
296,Up,3
296,Batman Begins,3
296,Pride and Prejudice,3
296,The Fault in Our Stars,4
296,Me Before You,4
296,Superbad,1
296,The Hangover,3
296,Bridesmaids,4
296,Step Brothers,4
296,Anchorman,4
296,Wedding Crashers,5
296,Mean Girls,4
296,21 Jump Street,5
296,Tropic Thunder,5
296,The Conjuring,4
296,Get Out,4
296,A Quiet Place,5
296,It,5
296,Hereditary,5
296,The Exorcist,4
296,The Shining,4
296,Halloween,4
296,Scream,4
296,Nightmare on Elm Street,4
297,Pulp Fiction,2
297,Fight Club,3
297,Inception,1
297,Se7en,3
297,Saving Private Ryan,2
297,Memento,2
297,Up,3
297,Moana,1
297,Coco,3
297,Monsters Inc,3
297,The Avengers,3
297,Black Panther,2
297,The Fault in Our Stars,2
297,Me Before You,2
297,Superbad,4
297,The Hangover,5
297,Bridesmaids,3
297,Step Brothers,4
297,Anchorman,4
297,Wedding Crashers,4
297,Mean Girls,3
297,21 Jump Street,5
297,Tropic Thunder,5
297,The Conjuring,3
297,Get Out,4
297,A Quiet Place,3
297,It,4
297,Hereditary,5
297,The Exorcist,5
297,The Shining,3
297,Halloween,2
297,Scream,4
297,Nightmare on Elm Street,4
298,The Shawshank Redemption,5
298,The Godfather,3
298,The Dark Knight,4
298,Forrest Gump,3
298,The Matrix,3
298,Goodfellas,4
298,Fight Club,1
298,Inception,3
298,The Silence of the Lambs,2
298,Se7en,4
298,The Usual Suspects,2
298,Saving Private Ryan,4
298,The Green Mile,3
298,Schindler's List,4
298,The Departed,2
298,Interstellar,3
298,The Prestige,2
298,Memento,2
298,Django Unchained,3
298,Finding Nemo,1
298,Up,3
298,Inside Out,3
298,Frozen,1
298,Moana,2
298,WALL-E,3
298,Monsters Inc,2
298,Titanic,3
298,Avatar,5
298,The Avengers,3
298,Iron Man,4
298,Spider-Man,4
298,Batman Begins,4
298,Wonder Woman,4
298,Black Panther,4
298,Guardians of the Galaxy,5
298,The Notebook,4
298,Pride and Prejudice,5
298,La La Land,4
298,A Star Is Born,4
298,Crazy Rich Asians,5
298,The Fault in Our Stars,4
298,Me Before You,4
298,Superbad,5
298,Step Brothers,2
298,Anchorman,2
298,Wedding Crashers,3
298,Mean Girls,3
298,21 Jump Street,3
298,The Conjuring,3
298,A Quiet Place,3
298,It,3
298,Hereditary,3
298,The Exorcist,3
298,The Shining,3
298,Scream,1
298,Nightmare on Elm Street,4
299,The Shawshank Redemption,3
299,The Godfather,3
299,The Dark Knight,1
299,Forrest Gump,3
299,Goodfellas,3
299,Fight Club,3
299,Inception,2
299,The Silence of the Lambs,1
299,Se7en,4
299,Gladiator,2
299,Saving Private Ryan,3
299,The Green Mile,1
299,Schindler's List,1
299,Braveheart,3
299,Interstellar,2
299,Memento,4
299,Django Unchained,3
299,The Lion King,3
299,Toy Story,3
299,Finding Nemo,3
299,Up,4
299,Inside Out,4
299,Frozen,2
299,Moana,1
299,WALL-E,3
299,Titanic,3
299,Avatar,2
299,Iron Man,2
299,Spider-Man,3
299,Batman Begins,2
299,Wonder Woman,4
299,Black Panther,3
299,Guardians of the Galaxy,3
299,The Notebook,3
299,Pride and Prejudice,4
299,La La Land,4
299,A Star Is Born,4
299,Crazy Rich Asians,5
299,The Fault in Our Stars,5
299,Me Before You,4
299,Superbad,4
299,The Hangover,3
299,Bridesmaids,3
299,Step Brothers,5
299,Anchorman,3
299,Wedding Crashers,4
299,Mean Girls,5
299,21 Jump Street,5
299,Tropic Thunder,5
299,The Conjuring,3
299,Get Out,3
299,A Quiet Place,3
299,It,5
299,Hereditary,2
299,The Exorcist,2
299,The Shining,2
299,Halloween,4
299,Scream,3
299,Nightmare on Elm Street,3
300,The Shawshank Redemption,5
300,The Godfather,3
300,The Dark Knight,3
300,Pulp Fiction,4
300,Forrest Gump,4
300,The Matrix,5
300,Goodfellas,5
300,Fight Club,4
300,Inception,4
300,The Silence of the Lambs,4
300,Se7en,4
300,The Usual Suspects,4
300,Gladiator,4
300,Saving Private Ryan,5
300,The Green Mile,5
300,Schindler's List,5
300,Braveheart,4
300,The Departed,4
300,Interstellar,3
300,The Prestige,4
300,Django Unchained,4
300,The Lion King,4
300,Toy Story,5
300,Finding Nemo,5
300,Up,5
300,Inside Out,5
300,Frozen,4
300,Moana,4
300,Coco,4
300,WALL-E,4
300,Monsters Inc,4
300,Avatar,2
300,The Avengers,3
300,Spider-Man,3
300,Crazy Rich Asians,3
300,Me Before You,3
300,Superbad,3
300,The Hangover,2
300,Bridesmaids,3
300,Step Brothers,3
300,Wedding Crashers,2
300,Tropic Thunder,2
300,The Conjuring,3
300,Get Out,3
300,It,3
300,The Shining,3
300,Scream,4
301,Inception,3
301,The Usual Suspects,1
301,Gladiator,4
301,Interstellar,2
301,The Prestige,3
301,Django Unchained,2
301,Toy Story,3
301,Inside Out,3
301,Moana,3
301,Coco,1
301,Monsters Inc,2
301,The Avengers,3
301,Spider-Man,2
301,Black Panther,3
301,The Notebook,4
301,A Star Is Born,3
301,Superbad,3
301,The Hangover,5
301,Bridesmaids,4
301,Step Brothers,5
301,Anchorman,4
301,Wedding Crashers,3
301,Mean Girls,4
301,21 Jump Street,4
301,Tropic Thunder,4
301,The Conjuring,4
301,Get Out,4
301,A Quiet Place,5
301,It,5
301,Hereditary,4
301,The Exorcist,4
301,The Shining,5
301,Halloween,3
301,Scream,4
301,Nightmare on Elm Street,4
302,The Shawshank Redemption,3
302,The Godfather,3
302,Forrest Gump,4
302,The Matrix,1
302,Goodfellas,2
302,Fight Club,2
302,Inception,3
302,The Silence of the Lambs,3
302,Se7en,4
302,The Usual Suspects,2
302,Gladiator,2
302,The Green Mile,1
302,Schindler's List,3
302,Braveheart,4
302,The Departed,4
302,Interstellar,1
302,The Prestige,1
302,Django Unchained,2
302,The Lion King,2
302,Toy Story,3
302,Up,2
302,Inside Out,2
302,Frozen,4
302,Moana,2
302,Coco,4
302,Monsters Inc,3
302,Iron Man,4
302,Spider-Man,3
302,Batman Begins,3
302,Wonder Woman,2
302,Black Panther,2
302,Guardians of the Galaxy,3
302,Pride and Prejudice,4
302,La La Land,3
302,Crazy Rich Asians,3
302,The Fault in Our Stars,3
302,Me Before You,5
302,Superbad,2
302,The Hangover,5
302,Bridesmaids,4
302,Step Brothers,5
302,Anchorman,3
302,Wedding Crashers,3
302,Mean Girls,5
302,21 Jump Street,5
302,Tropic Thunder,5
302,The Conjuring,2
302,Get Out,4
302,A Quiet Place,4
302,It,5
302,Hereditary,4
302,The Exorcist,4
302,The Shining,3
302,Halloween,4
302,Scream,3
302,Nightmare on Elm Street,5
303,The Shawshank Redemption,4
303,The Godfather,4
303,The Dark Knight,4
303,Pulp Fiction,4
303,Forrest Gump,4
303,Goodfellas,4
303,The Silence of the Lambs,4
303,Se7en,4
303,The Usual Suspects,5
303,Gladiator,5
303,Saving Private Ryan,4
303,The Green Mile,5
303,Schindler's List,4
303,Braveheart,4
303,Interstellar,5
303,The Prestige,4
303,Memento,4
303,Django Unchained,4
303,Toy Story,4
303,Up,5
303,Inside Out,4
303,Frozen,4
303,Moana,2
303,Monsters Inc,4
303,Spider-Man,3
303,Batman Begins,3
303,Wonder Woman,1
303,The Notebook,4
303,La La Land,2
303,A Star Is Born,2
303,Bridesmaids,1
303,21 Jump Street,2
303,Tropic Thunder,3
303,The Shining,2
303,Nightmare on Elm Street,3
304,The Shawshank Redemption,2
304,The Dark Knight,4
304,Pulp Fiction,3
304,Fight Club,3
304,Inception,2
304,Se7en,3
304,Gladiator,3
304,Braveheart,3
304,Interstellar,1
304,Memento,3
304,Django Unchained,3
304,Finding Nemo,2
304,Up,2
304,Inside Out,3
304,Coco,2
304,Monsters Inc,3
304,Avatar,2
304,The Avengers,3
304,Iron Man,5
304,Spider-Man,3
304,Wonder Woman,3
304,Guardians of the Galaxy,3
304,The Notebook,3
304,Pride and Prejudice,2
304,A Star Is Born,3
304,Crazy Rich Asians,2
304,The Fault in Our Stars,2
304,Superbad,3
304,The Hangover,4
304,Bridesmaids,3
304,Step Brothers,4
304,Anchorman,4
304,Wedding Crashers,5
304,Mean Girls,4
304,21 Jump Street,5
304,Tropic Thunder,5
304,The Conjuring,4
304,Get Out,4
304,A Quiet Place,4
304,It,5
304,Hereditary,4
304,The Exorcist,4
304,The Shining,3
304,Halloween,4
304,Scream,4
304,Nightmare on Elm Street,5
305,The Matrix,1
305,Fight Club,1
305,The Silence of the Lambs,3
305,The Usual Suspects,1
305,Saving Private Ryan,1
305,The Green Mile,4
305,Schindler's List,2
305,Braveheart,1
305,The Departed,3
305,Interstellar,2
305,Memento,3
305,Toy Story,2
305,Titanic,5
305,Avatar,3
305,The Avengers,4
305,Iron Man,3
305,Spider-Man,3
305,Batman Begins,5
305,Wonder Woman,4
305,Black Panther,4
305,Guardians of the Galaxy,4
305,The Notebook,4
305,Pride and Prejudice,5
305,La La Land,4
305,A Star Is Born,5
305,Crazy Rich Asians,4
305,The Fault in Our Stars,4
305,Me Before You,5
305,Superbad,5
305,Bridesmaids,2
305,21 Jump Street,2
305,The Conjuring,1
305,A Quiet Place,3
305,Hereditary,3
305,The Shining,3
306,The Shawshank Redemption,2
306,The Dark Knight,2
306,Pulp Fiction,3
306,The Matrix,3
306,Goodfellas,4
306,Fight Club,4
306,Inception,3
306,The Green Mile,3
306,Braveheart,3
306,The Departed,1
306,Interstellar,3
306,The Prestige,1
306,Django Unchained,3
306,The Lion King,1
306,Toy Story,1
306,Up,3
306,Moana,1
306,Monsters Inc,1
306,Spider-Man,2
306,Batman Begins,2
306,Pride and Prejudice,5
306,La La Land,3
306,A Star Is Born,5
306,Crazy Rich Asians,4
306,The Fault in Our Stars,4
306,Me Before You,3
306,Superbad,5
306,The Hangover,4
306,Bridesmaids,3
306,Step Brothers,4
306,Anchorman,4
306,Wedding Crashers,3
306,Mean Girls,4
306,21 Jump Street,5
306,Tropic Thunder,3
306,Get Out,3
306,It,3
306,Hereditary,3
306,Halloween,3
306,Scream,2
306,Nightmare on Elm Street,3
307,The Shawshank Redemption,5
307,The Godfather,3
307,The Dark Knight,4
307,Pulp Fiction,4
307,Forrest Gump,4
307,The Matrix,4
307,Goodfellas,4
307,Fight Club,5
307,Inception,3
307,The Silence of the Lambs,5
307,Se7en,4
307,The Usual Suspects,5
307,Gladiator,3
307,Saving Private Ryan,5
307,The Green Mile,5
307,Schindler's List,4
307,Braveheart,3
307,The Departed,4
307,Interstellar,4
307,The Prestige,4
307,Memento,3
307,Django Unchained,4
307,The Lion King,4
307,Toy Story,4
307,Finding Nemo,5
307,Up,4
307,Inside Out,4
307,Frozen,5
307,Coco,4
307,WALL-E,5
307,Monsters Inc,4
307,Titanic,2
307,The Avengers,3
307,Spider-Man,3
307,Wonder Woman,2
307,Guardians of the Galaxy,2
307,The Notebook,1
307,Pride and Prejudice,1
307,Crazy Rich Asians,2
307,Superbad,3
307,The Hangover,3
307,Anchorman,1
307,Wedding Crashers,3
307,Tropic Thunder,3
307,The Shining,1
307,Halloween,2
308,The Godfather,3
308,The Dark Knight,3
308,Pulp Fiction,3
308,Goodfellas,3
308,Fight Club,2
308,The Silence of the Lambs,3
308,Se7en,3
308,The Usual Suspects,2
308,Gladiator,4
308,Saving Private Ryan,3
308,The Green Mile,2
308,Schindler's List,3
308,Braveheart,3
308,The Departed,3
308,Interstellar,1
308,The Prestige,4
308,Django Unchained,2
308,The Lion King,3
308,Toy Story,3
308,Finding Nemo,3
308,Up,3
308,Inside Out,3
308,Moana,3
308,Coco,4
308,WALL-E,3
308,Monsters Inc,3
308,Titanic,3
308,Avatar,3
308,The Avengers,3
308,Iron Man,2
308,Spider-Man,4
308,Black Panther,2
308,Guardians of the Galaxy,1
308,The Notebook,3
308,Pride and Prejudice,3
308,La La Land,4
308,A Star Is Born,4
308,Crazy Rich Asians,4
308,The Fault in Our Stars,5
308,Me Before You,4
308,Superbad,4
308,The Hangover,4
308,Bridesmaids,5
308,Step Brothers,4
308,Anchorman,4
308,Wedding Crashers,4
308,Mean Girls,5
308,21 Jump Street,4
308,Tropic Thunder,4
308,The Conjuring,3
308,Get Out,3
308,A Quiet Place,3
308,It,3
308,Hereditary,2
308,The Exorcist,3
308,The Shining,2
308,Halloween,3
308,Scream,3
308,Nightmare on Elm Street,3
309,The Godfather,1
309,Forrest Gump,1
309,The Matrix,3
309,Goodfellas,3
309,Se7en,3
309,The Usual Suspects,3
309,Gladiator,1
309,The Green Mile,4
309,Schindler's List,3
309,Braveheart,3
309,The Departed,3
309,The Prestige,3
309,Memento,2
309,The Lion King,4
309,Toy Story,3
309,Finding Nemo,3
309,Up,3
309,Frozen,3
309,Moana,3
309,WALL-E,3
309,Titanic,2
309,Iron Man,1
309,Spider-Man,1
309,Batman Begins,1
309,Wonder Woman,4
309,The Notebook,3
309,Pride and Prejudice,2
309,La La Land,3
309,A Star Is Born,3
309,The Fault in Our Stars,1
309,Me Before You,4
309,The Hangover,5
309,Bridesmaids,4
309,Step Brothers,3
309,Anchorman,4
309,Wedding Crashers,5
309,Mean Girls,4
309,21 Jump Street,4
309,Tropic Thunder,5
309,The Conjuring,4
309,Get Out,4
309,A Quiet Place,4
309,It,3
309,Hereditary,5
309,The Exorcist,4
309,The Shining,4
309,Halloween,4
309,Scream,3
309,Nightmare on Elm Street,4
310,The Shawshank Redemption,3
310,The Godfather,2
310,The Dark Knight,3
310,Pulp Fiction,2
310,Forrest Gump,3
310,Goodfellas,3
310,Fight Club,1
310,Inception,2
310,The Silence of the Lambs,3
310,Se7en,3
310,The Usual Suspects,3
310,The Green Mile,3
310,Schindler's List,2
310,Braveheart,3
310,Toy Story,3
310,Finding Nemo,3
310,Coco,3
310,WALL-E,3
310,Monsters Inc,3
310,Titanic,2
310,Iron Man,2
310,Spider-Man,2
310,Wonder Woman,4
310,Black Panther,3
310,The Notebook,3
310,Pride and Prejudice,2
310,La La Land,1
310,Crazy Rich Asians,3
310,The Fault in Our Stars,3
310,The Hangover,4
310,Bridesmaids,4
310,Step Brothers,4
310,Anchorman,4
310,Wedding Crashers,4
310,Mean Girls,4
310,21 Jump Street,4
310,Tropic Thunder,4
310,The Conjuring,3
310,Get Out,4
310,A Quiet Place,3
310,It,5
310,Hereditary,4
310,The Exorcist,4
310,The Shining,5
310,Halloween,4
310,Scream,5
310,Nightmare on Elm Street,4
311,The Shawshank Redemption,4
311,The Godfather,5
311,The Dark Knight,5
311,Pulp Fiction,5
311,Forrest Gump,4
311,The Matrix,5
311,Goodfellas,5
311,Fight Club,4
311,Inception,5
311,The Silence of the Lambs,4
311,Se7en,4
311,The Usual Suspects,4
311,Gladiator,4
311,Saving Private Ryan,4
311,The Green Mile,4
311,Schindler's List,5
311,Braveheart,5
311,The Departed,5
311,Interstellar,4
311,The Prestige,4
311,Memento,4
311,Django Unchained,4
311,The Lion King,4
311,Toy Story,4
311,Finding Nemo,5
311,Up,4
311,Inside Out,4
311,Frozen,4
311,Moana,5
311,Coco,4
311,WALL-E,4
311,Monsters Inc,5
311,Batman Begins,3
311,Wonder Woman,4
311,Black Panther,3
311,The Notebook,4
311,Crazy Rich Asians,3
311,The Fault in Our Stars,3
311,Anchorman,4
311,Mean Girls,3
311,21 Jump Street,4
311,It,5
311,Scream,3
311,Nightmare on Elm Street,4
312,The Shawshank Redemption,2
312,The Godfather,2
312,The Dark Knight,3
312,Forrest Gump,1
312,The Matrix,3
312,Inception,2
312,Gladiator,1
312,Saving Private Ryan,3
312,The Green Mile,3
312,Schindler's List,2
312,The Departed,3
312,The Prestige,3
312,Memento,3
312,Django Unchained,3
312,Toy Story,5
312,Finding Nemo,1
312,Up,2
312,Inside Out,3
312,Frozen,2
312,Titanic,3
312,Avatar,4
312,The Avengers,4
312,Iron Man,5
312,Spider-Man,5
312,Batman Begins,4
312,Wonder Woman,4
312,Black Panther,5
312,Guardians of the Galaxy,4
312,The Notebook,4
312,Pride and Prejudice,5
312,La La Land,5
312,A Star Is Born,4
312,Crazy Rich Asians,4
312,The Fault in Our Stars,3
312,Me Before You,3
312,Superbad,4
312,The Hangover,2
312,Step Brothers,3
312,Anchorman,3
312,Wedding Crashers,3
312,Mean Girls,3
312,21 Jump Street,2
312,Tropic Thunder,4
312,The Conjuring,2
312,A Quiet Place,3
312,Halloween,3
312,Scream,2
313,The Godfather,3
313,The Dark Knight,4
313,Goodfellas,1
313,Inception,3
313,The Usual Suspects,3
313,Saving Private Ryan,1
313,The Departed,1
313,Interstellar,1
313,The Prestige,2
313,Memento,3
313,The Lion King,3
313,Toy Story,4
313,Finding Nemo,5
313,Up,4
313,Inside Out,5
313,Frozen,4
313,Moana,4
313,Coco,5
313,WALL-E,4
313,Monsters Inc,4
313,Titanic,4
313,Avatar,4
313,The Avengers,4
313,Iron Man,4
313,Spider-Man,5
313,Batman Begins,4
313,Wonder Woman,5
313,Black Panther,4
313,Guardians of the Galaxy,4
313,The Notebook,4
313,A Star Is Born,4
313,Me Before You,3
313,Superbad,4
313,Step Brothers,4
313,Anchorman,3
313,The Conjuring,2
313,Get Out,3
313,A Quiet Place,3
313,Hereditary,1
313,Nightmare on Elm Street,2
314,The Shawshank Redemption,4
314,The Godfather,4
314,The Dark Knight,5
314,Pulp Fiction,5
314,Forrest Gump,4
314,The Matrix,4
314,Goodfellas,4
314,Fight Club,4
314,Inception,4
314,The Silence of the Lambs,5
314,Se7en,5
314,The Usual Suspects,4
314,Gladiator,4
314,Saving Private Ryan,5
314,Schindler's List,4
314,Braveheart,4
314,The Departed,3
314,Interstellar,4
314,The Prestige,4
314,Memento,4
314,Django Unchained,4
314,Toy Story,4
314,Finding Nemo,4
314,Up,4
314,Inside Out,4
314,Frozen,4
314,Moana,5
314,Coco,4
314,WALL-E,4
314,Monsters Inc,5
314,Avatar,4
314,The Avengers,2
314,Batman Begins,2
314,Black Panther,3
314,The Notebook,3
314,Pride and Prejudice,3
314,La La Land,3
314,Superbad,1
314,The Hangover,3
314,Bridesmaids,2
314,Step Brothers,3
314,Wedding Crashers,3
314,Mean Girls,3
314,21 Jump Street,4
314,The Conjuring,3
314,It,3
314,Hereditary,3
314,The Shining,4
315,The Shawshank Redemption,3
315,The Godfather,4
315,The Dark Knight,3
315,Forrest Gump,2
315,Goodfellas,2
315,Fight Club,3
315,The Silence of the Lambs,1
315,Se7en,3
315,The Departed,3
315,Interstellar,3
315,The Prestige,1
315,Memento,3
315,The Lion King,5
315,Toy Story,4
315,Finding Nemo,4
315,Up,4
315,Inside Out,4
315,Frozen,3
315,Moana,4
315,Coco,4
315,WALL-E,4
315,Monsters Inc,3
315,Titanic,5
315,Avatar,4
315,The Avengers,4
315,Iron Man,4
315,Spider-Man,4
315,Batman Begins,4
315,Wonder Woman,5
315,Black Panther,5
315,Guardians of the Galaxy,5
315,The Notebook,5
315,La La Land,3
315,Bridesmaids,3
315,Anchorman,4
315,Wedding Crashers,4
315,21 Jump Street,3
315,A Quiet Place,3
315,It,3
315,Hereditary,2
316,The Shawshank Redemption,3
316,The Godfather,2
316,The Dark Knight,3
316,Pulp Fiction,3
316,Forrest Gump,3
316,The Matrix,2
316,Goodfellas,2
316,Fight Club,2
316,Inception,3
316,The Silence of the Lambs,3
316,The Usual Suspects,3
316,Saving Private Ryan,2
316,The Green Mile,2
316,Schindler's List,3
316,Braveheart,4
316,Interstellar,3
316,The Prestige,3
316,Memento,2
316,The Lion King,5
316,Toy Story,5
316,Finding Nemo,3
316,Up,4
316,Inside Out,4
316,Frozen,4
316,Moana,3
316,Coco,4
316,WALL-E,4
316,Monsters Inc,4
316,Titanic,3
316,Avatar,4
316,The Avengers,5
316,Iron Man,4
316,Spider-Man,4
316,Batman Begins,5
316,Wonder Woman,4
316,Black Panther,5
316,Guardians of the Galaxy,5
316,The Notebook,3
316,Pride and Prejudice,3
316,La La Land,3
316,Crazy Rich Asians,3
316,The Fault in Our Stars,3
316,Me Before You,1
316,Superbad,3
316,The Hangover,3
316,Anchorman,4
316,Wedding Crashers,2
316,Mean Girls,3
316,21 Jump Street,3
316,The Conjuring,2
316,Get Out,3
316,A Quiet Place,3
316,It,2
316,Hereditary,3
316,The Exorcist,3
316,The Shining,2
316,Halloween,1
316,Scream,1
316,Nightmare on Elm Street,1
317,The Shawshank Redemption,3
317,The Godfather,4
317,The Dark Knight,2
317,Forrest Gump,3
317,Fight Club,3
317,Inception,2
317,The Silence of the Lambs,3
317,Se7en,3
317,Saving Private Ryan,2
317,The Green Mile,3
317,Schindler's List,3
317,Braveheart,4
317,The Departed,2
317,Interstellar,3
317,The Prestige,3
317,Memento,3
317,Django Unchained,3
317,The Lion King,3
317,Toy Story,3
317,Finding Nemo,3
317,Up,3
317,Inside Out,4
317,Frozen,3
317,Moana,4
317,Coco,4
317,WALL-E,3
317,Monsters Inc,4
317,Titanic,5
317,Avatar,4
317,The Avengers,4
317,Iron Man,4
317,Spider-Man,4
317,Batman Begins,4
317,Wonder Woman,5
317,Black Panther,4
317,Guardians of the Galaxy,4
317,The Notebook,5
317,Pride and Prejudice,4
317,La La Land,4
317,A Star Is Born,4
317,Crazy Rich Asians,4
317,The Fault in Our Stars,4
317,Me Before You,4
317,Superbad,4
317,The Hangover,3
317,Step Brothers,2
317,Anchorman,3
317,Wedding Crashers,3
317,Mean Girls,4
317,21 Jump Street,3
317,The Conjuring,3
317,Get Out,4
317,It,3
317,The Exorcist,3
317,The Shining,3
317,Halloween,2
317,Scream,1
317,Nightmare on Elm Street,3
318,The Shawshank Redemption,2
318,The Dark Knight,3
318,Pulp Fiction,3
318,Goodfellas,2
318,The Silence of the Lambs,3
318,The Usual Suspects,4
318,Gladiator,2
318,The Prestige,2
318,The Lion King,5
318,Toy Story,4
318,Finding Nemo,4
318,Up,4
318,Inside Out,5
318,Frozen,4
318,Moana,5
318,Coco,5
318,WALL-E,5
318,Monsters Inc,4
318,Titanic,5
318,Avatar,4
318,The Avengers,5
318,Iron Man,4
318,Spider-Man,5
318,Batman Begins,5
318,Wonder Woman,4
318,Black Panther,4
318,Guardians of the Galaxy,4
318,The Notebook,5
318,Pride and Prejudice,1
318,La La Land,3
318,A Star Is Born,3
318,Crazy Rich Asians,3
318,The Hangover,3
318,Anchorman,2
318,21 Jump Street,2
318,The Conjuring,4
318,A Quiet Place,3
318,It,3
318,The Shining,2
318,Scream,1
318,Nightmare on Elm Street,4
319,The Godfather,3
319,The Dark Knight,3
319,The Silence of the Lambs,4
319,Saving Private Ryan,4
319,The Lion King,4
319,Toy Story,5
319,Finding Nemo,3
319,Up,5
319,Inside Out,5
319,Frozen,4
319,Moana,4
319,Coco,4
319,WALL-E,3
319,Monsters Inc,4
319,Titanic,4
319,Avatar,4
319,The Avengers,4
319,Iron Man,4
319,Spider-Man,4
319,Batman Begins,5
319,Wonder Woman,4
319,Black Panther,4
319,Guardians of the Galaxy,5
319,The Notebook,4
319,Pride and Prejudice,3
319,La La Land,2
319,Crazy Rich Asians,3
319,The Fault in Our Stars,3
319,Superbad,3
319,Bridesmaids,2
319,Step Brothers,2
319,Mean Girls,1
319,A Quiet Place,2
319,It,4
319,Nightmare on Elm Street,3
320,The Dark Knight,3
320,The Matrix,2
320,Goodfellas,5
320,Saving Private Ryan,1
320,Schindler's List,2
320,Braveheart,3
320,The Prestige,4
320,Memento,5
320,Django Unchained,1
320,Toy Story,3
320,Finding Nemo,2
320,Inside Out,2
320,Coco,4
320,WALL-E,3
320,Titanic,5
320,Avatar,2
320,The Avengers,3
320,Iron Man,4
320,Spider-Man,4
320,Batman Begins,4
320,Wonder Woman,5
320,Black Panther,4
320,Guardians of the Galaxy,5
320,The Notebook,4
320,Pride and Prejudice,4
320,La La Land,4
320,A Star Is Born,5
320,Crazy Rich Asians,5
320,The Fault in Our Stars,5
320,Me Before You,4
320,Superbad,3
320,Bridesmaids,3
320,Anchorman,3
320,Tropic Thunder,1
320,The Conjuring,1
320,It,3
320,Hereditary,4
320,The Shining,2
320,Nightmare on Elm Street,3
321,The Shawshank Redemption,3
321,The Matrix,4
321,Goodfellas,3
321,Gladiator,3
321,Schindler's List,2
321,The Departed,3
321,Memento,3
321,Django Unchained,3
321,The Lion King,4
321,Toy Story,4
321,Finding Nemo,4
321,Up,4
321,Inside Out,5
321,Frozen,5
321,Moana,4
321,Coco,4
321,WALL-E,4
321,Monsters Inc,4
321,Titanic,4
321,Avatar,4
321,The Avengers,5
321,Spider-Man,4
321,Batman Begins,4
321,Wonder Woman,5
321,Black Panther,4
321,Guardians of the Galaxy,4
321,The Notebook,5
321,Pride and Prejudice,3
321,Crazy Rich Asians,4
321,Bridesmaids,3
321,Wedding Crashers,3
321,The Conjuring,4
321,A Quiet Place,2
321,The Exorcist,4
321,The Shining,3
321,Halloween,2
321,Scream,3
322,The Shawshank Redemption,4
322,The Godfather,4
322,Forrest Gump,3
322,The Matrix,1
322,Inception,3
322,Se7en,4
322,Gladiator,3
322,The Green Mile,3
322,Schindler's List,2
322,Braveheart,2
322,The Departed,3
322,Interstellar,3
322,The Lion King,5
322,Toy Story,4
322,Finding Nemo,4
322,Up,4
322,Inside Out,5
322,Frozen,4
322,Moana,5
322,Coco,5
322,WALL-E,5
322,Monsters Inc,4
322,Titanic,3
322,Avatar,4
322,The Avengers,5
322,Iron Man,3
322,Spider-Man,4
322,Batman Begins,5
322,Wonder Woman,5
322,Black Panther,5
322,Guardians of the Galaxy,5
322,The Notebook,5
322,A Star Is Born,3
322,The Hangover,2
322,Step Brothers,3
322,Anchorman,3
322,Wedding Crashers,3
322,Mean Girls,4
322,21 Jump Street,1
322,Get Out,3
322,A Quiet Place,4
322,The Shining,1
322,Nightmare on Elm Street,3
323,The Shawshank Redemption,2
323,The Godfather,2
323,Forrest Gump,3
323,Goodfellas,1
323,Fight Club,2
323,Inception,3
323,The Silence of the Lambs,1
323,The Usual Suspects,2
323,Saving Private Ryan,1
323,The Green Mile,4
323,Schindler's List,3
323,Braveheart,1
323,Interstellar,2
323,The Lion King,5
323,Toy Story,5
323,Finding Nemo,5
323,Up,4
323,Inside Out,5
323,Frozen,4
323,Moana,2
323,Coco,4
323,WALL-E,3
323,Monsters Inc,4
323,Titanic,4
323,Avatar,4
323,The Avengers,5
323,Iron Man,5
323,Spider-Man,4
323,Batman Begins,5
323,Wonder Woman,4
323,Black Panther,4
323,Guardians of the Galaxy,4
323,The Notebook,4
323,A Star Is Born,2
323,Crazy Rich Asians,2
323,Superbad,3
323,The Hangover,2
323,Bridesmaids,1
323,Wedding Crashers,4
323,Mean Girls,3
323,21 Jump Street,3
323,A Quiet Place,3
323,The Exorcist,3
323,Halloween,3
323,Scream,3
323,Nightmare on Elm Street,3
324,The Shawshank Redemption,4
324,The Godfather,4
324,The Dark Knight,5
324,Pulp Fiction,4
324,Forrest Gump,4
324,The Matrix,4
324,Goodfellas,4
324,Fight Club,3
324,Inception,2
324,The Silence of the Lambs,4
324,Se7en,5
324,The Usual Suspects,4
324,Gladiator,4
324,Saving Private Ryan,3
324,The Green Mile,5
324,Schindler's List,4
324,Braveheart,4
324,The Departed,4
324,Interstellar,4
324,The Prestige,4
324,Memento,4
324,Django Unchained,4
324,The Lion King,5
324,Toy Story,4
324,Finding Nemo,5
324,Up,4
324,Inside Out,4
324,Frozen,3
324,Moana,4
324,Coco,3
324,WALL-E,5
324,Monsters Inc,4
324,Titanic,2
324,Avatar,2
324,Wonder Woman,4
324,Black Panther,3
324,A Star Is Born,2
324,Me Before You,3
324,Bridesmaids,3
324,Wedding Crashers,3
324,The Conjuring,3
324,It,3
324,The Shining,3
324,Scream,4
324,Nightmare on Elm Street,3
325,The Shawshank Redemption,4
325,The Godfather,3
325,The Dark Knight,3
325,Pulp Fiction,4
325,Forrest Gump,4
325,The Matrix,4
325,Goodfellas,4
325,Fight Club,4
325,Inception,4
325,The Silence of the Lambs,4
325,Se7en,4
325,The Usual Suspects,5
325,Gladiator,3
325,Saving Private Ryan,4
325,The Green Mile,2
325,Schindler's List,4
325,Braveheart,4
325,The Departed,5
325,Interstellar,3
325,The Prestige,5
325,Memento,5
325,Django Unchained,4
325,The Lion King,3
325,Toy Story,4
325,Finding Nemo,5
325,Up,4
325,Inside Out,3
325,Frozen,4
325,Moana,4
325,Coco,4
325,WALL-E,4
325,Monsters Inc,5
325,Titanic,5
325,The Avengers,3
325,Iron Man,2
325,Wonder Woman,2
325,Black Panther,1
325,Guardians of the Galaxy,3
325,The Notebook,3
325,Pride and Prejudice,3
325,The Fault in Our Stars,3
325,Superbad,2
325,Bridesmaids,3
325,Anchorman,3
325,The Conjuring,3
325,A Quiet Place,3
325,It,2
325,The Exorcist,3
326,The Shawshank Redemption,4
326,The Godfather,4
326,The Dark Knight,5
326,Pulp Fiction,4
326,The Matrix,4
326,Goodfellas,4
326,Fight Club,4
326,Inception,4
326,The Silence of the Lambs,5
326,Se7en,4
326,The Usual Suspects,4
326,Gladiator,5
326,Saving Private Ryan,4
326,The Green Mile,3
326,Schindler's List,4
326,Braveheart,5
326,The Departed,4
326,Interstellar,4
326,The Prestige,4
326,Memento,5
326,Django Unchained,4
326,Toy Story,4
326,Finding Nemo,4
326,Up,4
326,Inside Out,4
326,Frozen,5
326,Moana,4
326,Coco,4
326,WALL-E,5
326,Monsters Inc,5
326,Black Panther,3
326,Guardians of the Galaxy,2
326,Pride and Prejudice,1
326,A Star Is Born,4
326,Me Before You,4
326,Superbad,1
326,Bridesmaids,3
326,Step Brothers,3
326,Anchorman,3
326,21 Jump Street,2
326,Tropic Thunder,2
326,Hereditary,5
326,The Exorcist,2
326,Halloween,3
326,Scream,1
326,Nightmare on Elm Street,2
327,The Shawshank Redemption,2
327,The Godfather,4
327,The Dark Knight,3
327,Goodfellas,2
327,Inception,4
327,Se7en,3
327,Gladiator,4
327,Saving Private Ryan,3
327,The Departed,2
327,Interstellar,2
327,The Prestige,2
327,Memento,4
327,Django Unchained,2
327,Inside Out,3
327,Frozen,3
327,Moana,2
327,WALL-E,2
327,Monsters Inc,1
327,Titanic,4
327,Avatar,4
327,The Avengers,4
327,Iron Man,3
327,Spider-Man,3
327,Batman Begins,4
327,Wonder Woman,4
327,Black Panther,3
327,Guardians of the Galaxy,4
327,The Notebook,4
327,Pride and Prejudice,5
327,La La Land,4
327,A Star Is Born,5
327,Crazy Rich Asians,4
327,The Fault in Our Stars,5
327,Me Before You,4
327,Superbad,5
327,Bridesmaids,3
327,Step Brothers,1
327,21 Jump Street,2
327,Tropic Thunder,2
327,The Conjuring,4
327,Get Out,1
327,It,2
327,Hereditary,3
327,The Shining,3
327,Halloween,3
327,Scream,3
328,The Dark Knight,2
328,Forrest Gump,4
328,The Matrix,3
328,Goodfellas,2
328,Inception,1
328,The Silence of the Lambs,3
328,Se7en,3
328,The Usual Suspects,3
328,Gladiator,2
328,Saving Private Ryan,1
328,Schindler's List,3
328,Braveheart,1
328,Interstellar,3
328,Memento,1
328,Django Unchained,4
328,The Lion King,4
328,Toy Story,3
328,Finding Nemo,3
328,Inside Out,3
328,Frozen,2
328,Moana,1
328,Coco,4
328,Titanic,3
328,Avatar,3
328,The Avengers,3
328,Iron Man,1
328,Spider-Man,3
328,Batman Begins,2
328,Black Panther,4
328,Guardians of the Galaxy,1
328,The Notebook,3
328,Pride and Prejudice,3
328,La La Land,1
328,A Star Is Born,2
328,Crazy Rich Asians,3
328,Me Before You,3
328,Superbad,4
328,The Hangover,5
328,Bridesmaids,2
328,Step Brothers,4
328,Anchorman,4
328,Wedding Crashers,4
328,Mean Girls,5
328,21 Jump Street,4
328,Tropic Thunder,4
328,The Conjuring,4
328,Get Out,4
328,A Quiet Place,4
328,It,4
328,Hereditary,4
328,The Exorcist,4
328,The Shining,4
328,Halloween,4
328,Scream,4
328,Nightmare on Elm Street,4
329,The Shawshank Redemption,4
329,The Godfather,1
329,The Dark Knight,3
329,Pulp Fiction,2
329,Forrest Gump,2
329,The Matrix,3
329,Fight Club,3
329,Inception,3
329,The Silence of the Lambs,4
329,Se7en,3
329,The Usual Suspects,3
329,Saving Private Ryan,3
329,The Green Mile,2
329,Braveheart,4
329,The Departed,1
329,Interstellar,4
329,The Prestige,3
329,Memento,2
329,Django Unchained,4
329,The Lion King,4
329,Toy Story,5
329,Finding Nemo,4
329,Up,4
329,Inside Out,3
329,Frozen,4
329,Moana,4
329,Coco,3
329,WALL-E,4
329,Monsters Inc,4
329,Titanic,4
329,Avatar,5
329,The Avengers,4
329,Iron Man,4
329,Spider-Man,4
329,Batman Begins,4
329,Wonder Woman,4
329,Black Panther,3
329,Guardians of the Galaxy,3
329,The Notebook,5
329,Pride and Prejudice,3
329,La La Land,4
329,A Star Is Born,3
329,Crazy Rich Asians,3
329,Superbad,1
329,The Hangover,3
329,Bridesmaids,3
329,Anchorman,3
329,Wedding Crashers,3
329,Mean Girls,3
329,21 Jump Street,2
329,Tropic Thunder,3
329,The Conjuring,4
329,A Quiet Place,3
329,It,2
329,Hereditary,1
329,The Shining,3
329,Halloween,3
329,Nightmare on Elm Street,2
330,The Shawshank Redemption,2
330,The Godfather,3
330,Forrest Gump,4
330,The Matrix,2
330,Inception,2
330,Se7en,3
330,Gladiator,4
330,Schindler's List,4
330,The Departed,3
330,The Prestige,2
330,Django Unchained,3
330,The Lion King,4
330,Toy Story,4
330,Finding Nemo,5
330,Up,4
330,Inside Out,4
330,Frozen,5
330,Moana,3
330,Coco,5
330,WALL-E,3
330,Monsters Inc,4
330,Titanic,4
330,Avatar,4
330,The Avengers,5
330,Iron Man,3
330,Spider-Man,4
330,Batman Begins,3
330,Wonder Woman,5
330,Black Panther,4
330,Guardians of the Galaxy,4
330,The Notebook,4
330,Pride and Prejudice,1
330,A Star Is Born,3
330,Crazy Rich Asians,4
330,The Fault in Our Stars,3
330,The Hangover,2
330,Bridesmaids,3
330,Step Brothers,2
330,Anchorman,2
330,Mean Girls,2
330,The Conjuring,3
330,Get Out,3
330,A Quiet Place,3
330,The Shining,3
330,Halloween,3
330,Scream,3
330,Nightmare on Elm Street,2
331,The Godfather,3
331,The Dark Knight,3
331,Pulp Fiction,3
331,The Matrix,3
331,Goodfellas,2
331,Inception,2
331,The Silence of the Lambs,4
331,Se7en,1
331,The Usual Suspects,2
331,Gladiator,3
331,Saving Private Ryan,4
331,The Green Mile,1
331,Schindler's List,3
331,Braveheart,4
331,The Departed,3
331,Interstellar,2
331,The Prestige,4
331,Django Unchained,3
331,The Lion King,2
331,Toy Story,3
331,Finding Nemo,1
331,Up,2
331,Inside Out,3
331,Coco,3
331,Titanic,5
331,Avatar,3
331,The Avengers,4
331,Iron Man,5
331,Spider-Man,4
331,Batman Begins,5
331,Wonder Woman,4
331,Black Panther,5
331,Guardians of the Galaxy,5
331,The Notebook,5
331,Pride and Prejudice,4
331,La La Land,3
331,A Star Is Born,5
331,Crazy Rich Asians,5
331,The Fault in Our Stars,5
331,Me Before You,4
331,Superbad,4
331,The Hangover,1
331,Step Brothers,4
331,Anchorman,3
331,Tropic Thunder,1
331,A Quiet Place,4
331,It,3
331,The Exorcist,3
331,Halloween,2
331,Scream,3
332,The Shawshank Redemption,3
332,The Dark Knight,2
332,Pulp Fiction,3
332,Forrest Gump,4
332,Goodfellas,2
332,Fight Club,2
332,Gladiator,2
332,The Green Mile,3
332,Schindler's List,3
332,Braveheart,2
332,The Departed,3
332,Interstellar,3
332,The Prestige,3
332,Memento,3
332,Django Unchained,1
332,The Lion King,5
332,Toy Story,4
332,Finding Nemo,5
332,Up,3
332,Inside Out,4
332,Frozen,5
332,Moana,5
332,Coco,4
332,WALL-E,3
332,Monsters Inc,5
332,Titanic,4
332,Avatar,5
332,The Avengers,5
332,Iron Man,4
332,Spider-Man,3
332,Batman Begins,4
332,Wonder Woman,4
332,Black Panther,4
332,Guardians of the Galaxy,4
332,The Notebook,5
332,The Fault in Our Stars,2
332,Superbad,3
332,The Hangover,2
332,Anchorman,2
332,Mean Girls,4
332,The Conjuring,3
332,Get Out,3
332,Hereditary,2
332,Nightmare on Elm Street,3
333,The Shawshank Redemption,4
333,The Godfather,4
333,Pulp Fiction,3
333,The Matrix,4
333,Goodfellas,5
333,Fight Club,4
333,Inception,4
333,The Silence of the Lambs,5
333,The Usual Suspects,4
333,Gladiator,4
333,The Green Mile,4
333,Schindler's List,4
333,Braveheart,5
333,The Departed,4
333,Interstellar,4
333,Memento,4
333,Django Unchained,3
333,The Lion King,4
333,Up,5
333,Inside Out,2
333,Frozen,4
333,Moana,4
333,Coco,4
333,Monsters Inc,4
333,Avatar,1
333,Wonder Woman,4
333,La La Land,1
333,Me Before You,2
333,Superbad,3
333,Wedding Crashers,3
333,Mean Girls,2
333,The Conjuring,3
333,Get Out,3
333,Hereditary,4
334,The Godfather,3
334,Pulp Fiction,3
334,Forrest Gump,3
334,The Matrix,3
334,Goodfellas,3
334,Fight Club,3
334,Inception,3
334,Se7en,1
334,Schindler's List,1
334,Interstellar,2
334,The Prestige,2
334,Memento,2
334,Django Unchained,2
334,The Lion King,1
334,Finding Nemo,3
334,Up,3
334,Frozen,1
334,Moana,2
334,Coco,3
334,Monsters Inc,2
334,Titanic,3
334,Iron Man,3
334,Batman Begins,3
334,Wonder Woman,4
334,Black Panther,2
334,Guardians of the Galaxy,4
334,The Notebook,4
334,Pride and Prejudice,3
334,Crazy Rich Asians,3
334,The Fault in Our Stars,1
334,Me Before You,4
334,The Hangover,4
334,Bridesmaids,4
334,Step Brothers,5
334,Anchorman,4
334,Wedding Crashers,4
334,Mean Girls,4
334,21 Jump Street,4
334,Tropic Thunder,3
334,The Conjuring,5
334,Get Out,4
334,A Quiet Place,4
334,It,5
334,Hereditary,4
334,The Exorcist,4
334,The Shining,4
334,Halloween,3
334,Scream,3
334,Nightmare on Elm Street,4
335,Forrest Gump,3
335,Goodfellas,2
335,Fight Club,3
335,Se7en,3
335,Saving Private Ryan,3
335,The Green Mile,4
335,Schindler's List,3
335,The Departed,3
335,Memento,3
335,Django Unchained,2
335,The Lion King,4
335,Inside Out,3
335,Coco,3
335,Titanic,2
335,Avatar,3
335,The Avengers,4
335,Batman Begins,2
335,Black Panther,3
335,Pride and Prejudice,4
335,La La Land,5
335,A Star Is Born,4
335,Crazy Rich Asians,4
335,The Fault in Our Stars,4
335,Me Before You,5
335,Superbad,4
335,The Hangover,5
335,Bridesmaids,5
335,Step Brothers,4
335,Anchorman,4
335,Wedding Crashers,4
335,Mean Girls,5
335,21 Jump Street,5
335,Tropic Thunder,5
335,A Quiet Place,4
335,Hereditary,3
335,The Exorcist,2
335,The Shining,3
335,Halloween,2
335,Nightmare on Elm Street,3
336,The Godfather,3
336,Goodfellas,3
336,Fight Club,4
336,The Silence of the Lambs,3
336,The Usual Suspects,3
336,Saving Private Ryan,4
336,The Green Mile,3
336,The Departed,2
336,The Prestige,3
336,The Lion King,5
336,Toy Story,4
336,Finding Nemo,4
336,Up,4
336,Inside Out,4
336,Frozen,3
336,Moana,4
336,Coco,5
336,WALL-E,5
336,Monsters Inc,4
336,Titanic,5
336,The Avengers,4
336,Iron Man,5
336,Spider-Man,4
336,Batman Begins,5
336,Wonder Woman,4
336,Black Panther,4
336,Guardians of the Galaxy,5
336,The Notebook,3
336,A Star Is Born,3
336,Me Before You,4
336,Superbad,1
336,The Hangover,3
336,Wedding Crashers,4
336,Mean Girls,3
336,21 Jump Street,3
336,Tropic Thunder,3
336,A Quiet Place,3
336,The Shining,3
336,Halloween,4
337,The Shawshank Redemption,3
337,The Godfather,5
337,The Dark Knight,3
337,Pulp Fiction,4
337,Forrest Gump,4
337,The Matrix,3
337,Goodfellas,4
337,Fight Club,5
337,Inception,4
337,The Silence of the Lambs,5
337,Se7en,5
337,The Usual Suspects,4
337,Gladiator,3
337,Saving Private Ryan,4
337,The Green Mile,5
337,Schindler's List,4
337,Braveheart,3
337,The Departed,3
337,Interstellar,5
337,The Prestige,4
337,Memento,4
337,Django Unchained,4
337,The Lion King,5
337,Toy Story,4
337,Finding Nemo,4
337,Up,4
337,Inside Out,4
337,Frozen,4
337,Moana,4
337,Coco,4
337,WALL-E,5
337,Monsters Inc,4
337,Titanic,1
337,Avatar,3
337,Iron Man,3
337,Batman Begins,3
337,Wonder Woman,3
337,Guardians of the Galaxy,3
337,The Notebook,3
337,La La Land,3
337,A Star Is Born,4
337,Crazy Rich Asians,2
337,Superbad,3
337,The Hangover,3
337,Bridesmaids,1
337,Step Brothers,2
337,Wedding Crashers,2
337,Mean Girls,3
337,Get Out,3
337,The Shining,3
337,Scream,3
338,The Shawshank Redemption,1
338,Forrest Gump,3
338,The Matrix,1
338,Goodfellas,3
338,Fight Club,4
338,Se7en,3
338,Schindler's List,3
338,The Departed,2
338,The Prestige,3
338,Memento,1
338,Django Unchained,3
338,The Lion King,1
338,Up,4
338,Inside Out,3
338,Frozen,2
338,Coco,1
338,WALL-E,3
338,Titanic,3
338,Avatar,2
338,Iron Man,3
338,Batman Begins,3
338,Wonder Woman,2
338,Pride and Prejudice,4
338,La La Land,3
338,A Star Is Born,4
338,Crazy Rich Asians,5
338,The Fault in Our Stars,3
338,Me Before You,3
338,Superbad,4
338,The Hangover,5
338,Bridesmaids,4
338,Step Brothers,4
338,Anchorman,5
338,Wedding Crashers,3
338,Mean Girls,4
338,21 Jump Street,4
338,Tropic Thunder,4
338,Get Out,3
338,It,3
338,Hereditary,3
338,The Exorcist,3
338,Halloween,3
338,Nightmare on Elm Street,3
339,The Matrix,3
339,The Usual Suspects,2
339,Gladiator,5
339,Saving Private Ryan,3
339,Braveheart,3
339,The Departed,3
339,Django Unchained,3
339,Inside Out,3
339,Coco,3
339,Iron Man,3
339,Spider-Man,3
339,Guardians of the Galaxy,4
339,The Notebook,4
339,Pride and Prejudice,2
339,La La Land,1
339,Crazy Rich Asians,3
339,Superbad,3
339,The Hangover,4
339,Bridesmaids,3
339,Step Brothers,4
339,Anchorman,4
339,Wedding Crashers,4
339,Mean Girls,5
339,21 Jump Street,3
339,Tropic Thunder,5
339,Get Out,3
339,A Quiet Place,4
339,It,4
339,Hereditary,4
339,The Exorcist,4
339,The Shining,4
339,Halloween,5
339,Scream,5
339,Nightmare on Elm Street,4
340,The Shawshank Redemption,3
340,The Dark Knight,3
340,Forrest Gump,3
340,The Matrix,3
340,Goodfellas,3
340,Fight Club,3
340,Inception,4
340,The Silence of the Lambs,2
340,Se7en,2
340,The Usual Suspects,4
340,Gladiator,4
340,Saving Private Ryan,3
340,The Green Mile,1
340,Schindler's List,3
340,Braveheart,3
340,The Departed,1
340,Interstellar,3
340,The Prestige,3
340,Memento,3
340,Django Unchained,1
340,The Lion King,3
340,Toy Story,3
340,Finding Nemo,3
340,Inside Out,5
340,Moana,3
340,Coco,4
340,Monsters Inc,2
340,The Avengers,2
340,Iron Man,4
340,Spider-Man,3
340,Batman Begins,3
340,Wonder Woman,3
340,Black Panther,1
340,Pride and Prejudice,4
340,La La Land,3
340,A Star Is Born,3
340,Crazy Rich Asians,5
340,The Fault in Our Stars,4
340,Me Before You,3
340,Superbad,5
340,The Hangover,3
340,Bridesmaids,5
340,Step Brothers,4
340,Anchorman,5
340,Wedding Crashers,4
340,Mean Girls,4
340,21 Jump Street,4
340,Tropic Thunder,5
340,The Conjuring,3
340,Get Out,3
340,A Quiet Place,2
340,Hereditary,3
340,The Exorcist,3
340,The Shining,3
340,Halloween,3
340,Scream,2
340,Nightmare on Elm Street,3
341,The Shawshank Redemption,4
341,The Godfather,4
341,Pulp Fiction,4
341,Forrest Gump,5
341,The Matrix,4
341,Goodfellas,4
341,Fight Club,4
341,Inception,4
341,The Silence of the Lambs,5
341,Se7en,4
341,The Usual Suspects,4
341,Gladiator,4
341,Saving Private Ryan,3
341,The Green Mile,3
341,Schindler's List,4
341,Braveheart,4
341,The Departed,4
341,Interstellar,4
341,The Prestige,4
341,Memento,4
341,Django Unchained,5
341,The Lion King,4
341,Finding Nemo,3
341,Up,4
341,Inside Out,5
341,Frozen,4
341,Moana,4
341,Coco,5
341,WALL-E,4
341,Monsters Inc,4
341,Avatar,3
341,Iron Man,3
341,Black Panther,1
341,Guardians of the Galaxy,3
341,A Star Is Born,1
341,The Fault in Our Stars,3
341,Me Before You,2
341,The Hangover,2
341,The Conjuring,2
341,It,2
341,Scream,4
342,The Shawshank Redemption,3
342,Pulp Fiction,4
342,Forrest Gump,4
342,Goodfellas,1
342,The Usual Suspects,3
342,Braveheart,3
342,The Departed,3
342,Interstellar,3
342,The Lion King,3
342,Toy Story,3
342,Finding Nemo,3
342,Up,2
342,Frozen,3
342,Moana,3
342,Coco,5
342,Monsters Inc,2
342,Avatar,3
342,The Avengers,3
342,Spider-Man,3
342,Wonder Woman,3
342,The Notebook,3
342,Pride and Prejudice,4
342,La La Land,5
342,A Star Is Born,5
342,Crazy Rich Asians,4
342,The Fault in Our Stars,3
342,Me Before You,4
342,Superbad,4
342,The Hangover,4
342,Bridesmaids,4
342,Step Brothers,4
342,Anchorman,5
342,Wedding Crashers,3
342,Mean Girls,4
342,21 Jump Street,4
342,Tropic Thunder,4
342,The Conjuring,4
342,It,4
342,Hereditary,3
342,The Exorcist,3
342,Scream,4
342,Nightmare on Elm Street,3
343,The Godfather,3
343,Pulp Fiction,4
343,The Matrix,3
343,Goodfellas,3
343,Inception,3
343,Gladiator,4
343,Schindler's List,4
343,The Prestige,2
343,Memento,3
343,Frozen,1
343,Avatar,5
343,The Avengers,4
343,Iron Man,4
343,Spider-Man,4
343,Batman Begins,4
343,Black Panther,4
343,Guardians of the Galaxy,5
343,The Notebook,4
343,Pride and Prejudice,5
343,La La Land,4
343,A Star Is Born,4
343,The Fault in Our Stars,4
343,Me Before You,4
343,Superbad,4
343,Step Brothers,4
343,Anchorman,3
343,Tropic Thunder,3
343,It,4
343,Halloween,1
343,Nightmare on Elm Street,3
344,The Godfather,3
344,Pulp Fiction,4
344,Forrest Gump,3
344,The Matrix,2
344,Goodfellas,3
344,The Silence of the Lambs,4
344,Se7en,3
344,The Usual Suspects,3
344,Saving Private Ryan,4
344,The Green Mile,2
344,Schindler's List,3
344,The Departed,4
344,Memento,3
344,Django Unchained,3
344,The Lion King,3
344,Toy Story,3
344,Finding Nemo,3
344,Up,3
344,Inside Out,3
344,Moana,2
344,Coco,1
344,Avatar,2
344,Spider-Man,3
344,Wonder Woman,2
344,Black Panther,2
344,The Notebook,4
344,Pride and Prejudice,4
344,La La Land,4
344,A Star Is Born,5
344,Crazy Rich Asians,4
344,The Fault in Our Stars,4
344,Me Before You,3
344,Superbad,5
344,The Hangover,4
344,Bridesmaids,5
344,Step Brothers,5
344,Anchorman,4
344,Wedding Crashers,4
344,Mean Girls,5
344,21 Jump Street,4
344,Tropic Thunder,5
344,The Conjuring,2
344,Get Out,3
344,Nightmare on Elm Street,3
345,The Godfather,3
345,The Dark Knight,3
345,Forrest Gump,2
345,The Matrix,3
345,Gladiator,4
345,The Green Mile,3
345,Schindler's List,3
345,Braveheart,3
345,Interstellar,3
345,Django Unchained,2
345,The Lion King,4
345,Toy Story,4
345,Finding Nemo,5
345,Up,5
345,Inside Out,5
345,Frozen,5
345,Moana,5
345,Coco,4
345,WALL-E,3
345,Monsters Inc,4
345,Titanic,5
345,Avatar,4
345,The Avengers,5
345,Iron Man,5
345,Spider-Man,4
345,Batman Begins,5
345,Wonder Woman,4
345,Black Panther,5
345,Guardians of the Galaxy,5
345,The Notebook,4
345,Pride and Prejudice,3
345,La La Land,3
345,A Star Is Born,3
345,Crazy Rich Asians,1
345,The Fault in Our Stars,2
345,Me Before You,3
345,Superbad,3
345,Bridesmaids,3
345,Anchorman,3
345,Mean Girls,3
345,21 Jump Street,2
345,Get Out,3
345,A Quiet Place,1
345,It,3
345,Hereditary,3
345,The Exorcist,4
345,The Shining,3
345,Halloween,1
345,Scream,4
345,Nightmare on Elm Street,2
346,The Shawshank Redemption,3
346,The Godfather,3
346,The Dark Knight,3
346,Forrest Gump,3
346,Goodfellas,3
346,Fight Club,4
346,Inception,1
346,The Green Mile,3
346,Schindler's List,4
346,Braveheart,1
346,The Departed,3
346,Interstellar,3
346,The Prestige,3
346,Memento,1
346,Django Unchained,1
346,The Lion King,4
346,Toy Story,4
346,Finding Nemo,5
346,Up,4
346,Inside Out,4
346,Frozen,4
346,Moana,4
346,Coco,4
346,WALL-E,4
346,Monsters Inc,4
346,Titanic,5
346,Avatar,3
346,The Avengers,4
346,Iron Man,5
346,Spider-Man,4
346,Batman Begins,5
346,Wonder Woman,4
346,Black Panther,4
346,Guardians of the Galaxy,4
346,The Notebook,4
346,Pride and Prejudice,3
346,La La Land,3
346,Crazy Rich Asians,1
346,Me Before You,3
346,Anchorman,3
346,Wedding Crashers,3
346,Mean Girls,3
346,The Conjuring,2
346,Get Out,4
346,It,3
346,Hereditary,3
346,The Shining,4
346,Halloween,3
346,Scream,3
347,The Shawshank Redemption,2
347,The Godfather,3
347,The Dark Knight,3
347,Pulp Fiction,3
347,Forrest Gump,2
347,The Matrix,1
347,Goodfellas,2
347,Fight Club,3
347,Inception,3
347,The Silence of the Lambs,4
347,Se7en,3
347,The Usual Suspects,5
347,Gladiator,2
347,Saving Private Ryan,3
347,The Green Mile,2
347,Schindler's List,3
347,Braveheart,3
347,The Prestige,5
347,Memento,3
347,Django Unchained,3
347,The Lion King,3
347,Toy Story,3
347,Finding Nemo,1
347,Up,2
347,Inside Out,3
347,Frozen,4
347,Moana,3
347,Coco,4
347,WALL-E,3
347,Monsters Inc,1
347,Titanic,5
347,Avatar,5
347,The Avengers,3
347,Iron Man,5
347,Spider-Man,4
347,Batman Begins,5
347,Wonder Woman,3
347,Black Panther,5
347,Guardians of the Galaxy,5
347,The Notebook,3
347,Pride and Prejudice,4
347,La La Land,4
347,A Star Is Born,5
347,Crazy Rich Asians,4
347,The Fault in Our Stars,5
347,Me Before You,3
347,Superbad,5
347,The Hangover,3
347,Step Brothers,3
347,Wedding Crashers,4
347,Mean Girls,4
347,21 Jump Street,3
347,The Conjuring,3
347,Get Out,3
347,It,4
347,The Exorcist,2
347,The Shining,3
347,Halloween,3
347,Nightmare on Elm Street,3
348,The Shawshank Redemption,4
348,The Godfather,5
348,The Dark Knight,5
348,Pulp Fiction,4
348,Forrest Gump,4
348,The Matrix,4
348,Goodfellas,4
348,Fight Club,5
348,Inception,4
348,The Silence of the Lambs,3
348,Se7en,4
348,The Usual Suspects,5
348,Gladiator,4
348,Saving Private Ryan,4
348,The Green Mile,4
348,Schindler's List,3
348,Braveheart,4
348,Interstellar,4
348,Memento,4
348,Django Unchained,3
348,The Lion King,3
348,Toy Story,5
348,Finding Nemo,4
348,Up,4
348,Inside Out,3
348,Frozen,4
348,Moana,4
348,Coco,4
348,WALL-E,4
348,Titanic,2
348,The Avengers,4
348,Guardians of the Galaxy,3
348,Step Brothers,3
348,Mean Girls,3
348,21 Jump Street,1
348,Tropic Thunder,3
348,Hereditary,3
348,The Exorcist,3
348,Scream,1
348,Nightmare on Elm Street,3
349,The Shawshank Redemption,4
349,Se7en,3
349,The Usual Suspects,3
349,The Green Mile,4
349,The Departed,2
349,The Prestige,3
349,The Lion King,3
349,Toy Story,4
349,Finding Nemo,4
349,Up,3
349,Inside Out,3
349,Frozen,4
349,Moana,4
349,Coco,4
349,WALL-E,4
349,Monsters Inc,4
349,Titanic,5
349,Avatar,4
349,The Avengers,4
349,Iron Man,5
349,Batman Begins,4
349,Wonder Woman,3
349,Black Panther,5
349,Guardians of the Galaxy,4
349,The Notebook,4
349,Pride and Prejudice,3
349,La La Land,3
349,The Fault in Our Stars,2
349,Superbad,3
349,The Hangover,2
349,Step Brothers,2
349,Wedding Crashers,2
349,21 Jump Street,3
349,Tropic Thunder,1
349,The Conjuring,2
349,Hereditary,4
350,The Godfather,4
350,Pulp Fiction,3
350,Forrest Gump,2
350,Goodfellas,5
350,Inception,3
350,Gladiator,3
350,Saving Private Ryan,3
350,The Prestige,3
350,Memento,4
350,Toy Story,1
350,Finding Nemo,3
350,Inside Out,3
350,Frozen,3
350,Monsters Inc,4
350,Avatar,2
350,The Avengers,2
350,Iron Man,3
350,The Notebook,3
350,Pride and Prejudice,3
350,A Star Is Born,2
350,The Fault in Our Stars,2
350,Me Before You,3
350,The Hangover,4
350,Bridesmaids,5
350,Step Brothers,5
350,Anchorman,4
350,Wedding Crashers,3
350,Mean Girls,5
350,21 Jump Street,5
350,Tropic Thunder,4
350,The Conjuring,5
350,Get Out,4
350,A Quiet Place,3
350,It,5
350,Hereditary,3
350,The Exorcist,4
350,The Shining,3
350,Halloween,4
350,Scream,4
350,Nightmare on Elm Street,5
351,The Godfather,4
351,Forrest Gump,3
351,The Matrix,4
351,Goodfellas,2
351,Inception,2
351,The Silence of the Lambs,3
351,Se7en,3
351,The Usual Suspects,4
351,Gladiator,3
351,Saving Private Ryan,2
351,The Green Mile,3
351,Memento,3
351,The Lion King,4
351,Toy Story,4
351,Finding Nemo,4
351,Up,4
351,Inside Out,4
351,Frozen,3
351,Moana,5
351,Coco,4
351,WALL-E,5
351,Monsters Inc,4
351,Titanic,4
351,Avatar,4
351,The Avengers,5
351,Iron Man,5
351,Spider-Man,4
351,Batman Begins,4
351,Wonder Woman,4
351,Black Panther,5
351,Guardians of the Galaxy,4
351,The Notebook,3
351,Crazy Rich Asians,3
351,Bridesmaids,2
351,Anchorman,3
351,Wedding Crashers,3
351,Mean Girls,3
351,21 Jump Street,3
351,Tropic Thunder,3
351,It,2
351,The Exorcist,5
351,The Shining,3
351,Halloween,3
352,The Shawshank Redemption,5
352,The Godfather,3
352,Pulp Fiction,4
352,Forrest Gump,3
352,The Matrix,2
352,Goodfellas,2
352,Gladiator,2
352,Saving Private Ryan,3
352,The Green Mile,1
352,The Departed,3
352,Interstellar,2
352,Django Unchained,3
352,The Lion King,4
352,Toy Story,5
352,Finding Nemo,3
352,Up,4
352,Inside Out,4
352,Frozen,4
352,Moana,4
352,Coco,4
352,WALL-E,3
352,Monsters Inc,4
352,Titanic,4
352,Avatar,4
352,The Avengers,5
352,Iron Man,5
352,Spider-Man,3
352,Batman Begins,4
352,Wonder Woman,4
352,Black Panther,5
352,Guardians of the Galaxy,4
352,The Notebook,4
352,A Star Is Born,3
352,Crazy Rich Asians,3
352,The Fault in Our Stars,3
352,Superbad,2
352,The Hangover,2
352,Wedding Crashers,5
352,Tropic Thunder,3
352,The Conjuring,3
352,It,2
352,Hereditary,3
352,The Exorcist,1
352,Halloween,3
353,The Shawshank Redemption,4
353,The Godfather,5
353,The Dark Knight,4
353,Pulp Fiction,5
353,Forrest Gump,5
353,The Matrix,4
353,Goodfellas,4
353,Fight Club,3
353,Inception,4
353,The Silence of the Lambs,4
353,Se7en,5
353,The Usual Suspects,5
353,Gladiator,4
353,Saving Private Ryan,4
353,The Green Mile,4
353,Schindler's List,4
353,Braveheart,4
353,The Departed,3
353,Interstellar,4
353,The Prestige,4
353,Memento,4
353,Django Unchained,4
353,The Lion King,5
353,Toy Story,4
353,Finding Nemo,4
353,Up,3
353,Inside Out,5
353,Frozen,4
353,Moana,4
353,Coco,4
353,WALL-E,5
353,Monsters Inc,4
353,Titanic,3
353,Avatar,4
353,Spider-Man,3
353,Batman Begins,4
353,Wonder Woman,2
353,Pride and Prejudice,2
353,La La Land,3
353,A Star Is Born,3
353,Crazy Rich Asians,3
353,Me Before You,4
353,The Hangover,3
353,Bridesmaids,2
353,Anchorman,4
353,Mean Girls,1
353,21 Jump Street,2
353,The Conjuring,2
353,Get Out,3
353,It,3
353,The Exorcist,3
353,The Shining,1
353,Halloween,2
353,Scream,4
353,Nightmare on Elm Street,3
354,The Dark Knight,3
354,Pulp Fiction,3
354,The Matrix,3
354,Fight Club,2
354,Inception,4
354,Se7en,3
354,Saving Private Ryan,1
354,The Departed,3
354,Interstellar,1
354,Django Unchained,3
354,The Lion King,2
354,Toy Story,4
354,Inside Out,3
354,Coco,2
354,Monsters Inc,2
354,Titanic,3
354,Avatar,3
354,The Avengers,3
354,Iron Man,3
354,Pride and Prejudice,4
354,La La Land,4
354,A Star Is Born,4
354,Crazy Rich Asians,5
354,The Fault in Our Stars,4
354,Me Before You,2
354,Superbad,4
354,The Hangover,5
354,Bridesmaids,4
354,Step Brothers,4
354,Anchorman,4
354,Wedding Crashers,4
354,Mean Girls,4
354,21 Jump Street,4
354,Tropic Thunder,4
354,The Conjuring,1
354,Get Out,3
354,Hereditary,3
354,The Shining,2
354,Halloween,1
354,Scream,3
355,The Shawshank Redemption,3
355,Pulp Fiction,2
355,Forrest Gump,4
355,Goodfellas,2
355,Fight Club,3
355,The Silence of the Lambs,3
355,The Usual Suspects,3
355,Gladiator,2
355,Saving Private Ryan,3
355,The Green Mile,4
355,Memento,1
355,Django Unchained,4
355,The Lion King,4
355,Toy Story,3
355,Finding Nemo,4
355,Up,3
355,Inside Out,5
355,Frozen,4
355,Moana,5
355,Coco,5
355,WALL-E,5
355,Monsters Inc,4
355,Titanic,5
355,Avatar,4
355,The Avengers,4
355,Iron Man,3
355,Spider-Man,4
355,Batman Begins,5
355,Wonder Woman,5
355,Black Panther,5
355,Guardians of the Galaxy,3
355,The Notebook,4
355,Pride and Prejudice,2
355,La La Land,3
355,A Star Is Born,3
355,Crazy Rich Asians,2
355,Me Before You,3
355,The Hangover,3
355,Bridesmaids,2
355,Step Brothers,4
355,Anchorman,3
355,Wedding Crashers,3
355,Mean Girls,2
355,Tropic Thunder,1
355,The Conjuring,3
355,Get Out,3
355,It,3
355,Hereditary,4
355,The Exorcist,3
355,The Shining,3
355,Halloween,3
355,Scream,2
356,The Shawshank Redemption,3
356,The Godfather,2
356,Forrest Gump,2
356,The Matrix,2
356,Fight Club,2
356,Inception,1
356,The Silence of the Lambs,3
356,The Usual Suspects,2
356,Braveheart,3
356,Memento,3
356,Django Unchained,2
356,The Lion King,3
356,Finding Nemo,1
356,WALL-E,3
356,Monsters Inc,2
356,Titanic,5
356,Avatar,5
356,The Avengers,4
356,Iron Man,4
356,Spider-Man,5
356,Batman Begins,4
356,Black Panther,4
356,Guardians of the Galaxy,4
356,The Notebook,5
356,Pride and Prejudice,3
356,La La Land,4
356,A Star Is Born,4
356,Crazy Rich Asians,5
356,The Fault in Our Stars,4
356,Me Before You,4
356,Superbad,4
356,Bridesmaids,3
356,Tropic Thunder,3
356,A Quiet Place,2
356,It,3
356,Hereditary,4
356,The Shining,2
356,Halloween,3
357,The Shawshank Redemption,2
357,The Dark Knight,2
357,Forrest Gump,4
357,The Matrix,2
357,Inception,3
357,The Usual Suspects,1
357,Gladiator,3
357,The Green Mile,1
357,The Departed,3
357,Interstellar,2
357,The Prestige,1
357,Django Unchained,4
357,The Lion King,3
357,Toy Story,2
357,Up,3
357,Inside Out,3
357,Frozen,3
357,Moana,3
357,Monsters Inc,2
357,Titanic,4
357,Iron Man,2
357,Batman Begins,4
357,Wonder Woman,3
357,Black Panther,3
357,Guardians of the Galaxy,4
357,The Notebook,1
357,Pride and Prejudice,4
357,La La Land,4
357,A Star Is Born,4
357,Crazy Rich Asians,4
357,The Fault in Our Stars,4
357,Me Before You,4
357,Superbad,5
357,The Hangover,4
357,Bridesmaids,5
357,Step Brothers,4
357,Anchorman,4
357,Wedding Crashers,5
357,Mean Girls,4
357,21 Jump Street,5
357,Tropic Thunder,3
357,The Conjuring,4
357,A Quiet Place,3
357,The Exorcist,4
357,Halloween,4
357,Nightmare on Elm Street,4
358,Forrest Gump,3
358,Fight Club,4
358,Se7en,3
358,The Prestige,3
358,Memento,3
358,Django Unchained,2
358,Toy Story,2
358,Finding Nemo,2
358,Up,2
358,Inside Out,3
358,Coco,1
358,WALL-E,4
358,Monsters Inc,3
358,Wonder Woman,3
358,Black Panther,2
358,The Notebook,2
358,Crazy Rich Asians,3
358,Superbad,3
358,Bridesmaids,3
358,Step Brothers,3
358,Anchorman,3
358,Wedding Crashers,4
358,Mean Girls,5
358,21 Jump Street,5
358,Tropic Thunder,4
358,The Conjuring,5
358,Get Out,4
358,It,4
358,Hereditary,4
358,The Exorcist,4
358,The Shining,4
358,Halloween,4
358,Scream,4
359,The Shawshank Redemption,5
359,The Godfather,4
359,The Dark Knight,4
359,Pulp Fiction,5
359,Forrest Gump,4
359,The Matrix,3
359,Goodfellas,3
359,Fight Club,5
359,Inception,4
359,The Silence of the Lambs,4
359,Se7en,4
359,The Usual Suspects,4
359,Gladiator,4
359,Saving Private Ryan,4
359,The Green Mile,4
359,Schindler's List,4
359,Braveheart,3
359,The Departed,5
359,Interstellar,3
359,The Prestige,4
359,Memento,4
359,Django Unchained,4
359,The Lion King,4
359,Toy Story,5
359,Finding Nemo,5
359,Up,4
359,Inside Out,4
359,Frozen,4
359,Moana,4
359,Coco,4
359,WALL-E,4
359,Monsters Inc,5
359,Avatar,4
359,The Avengers,2
359,Iron Man,2
359,Spider-Man,2
359,Batman Begins,4
359,Black Panther,3
359,Guardians of the Galaxy,2
359,Pride and Prejudice,3
359,Me Before You,4
359,Superbad,4
359,The Hangover,4
359,Anchorman,1
359,21 Jump Street,3
359,Tropic Thunder,3
359,The Conjuring,3
359,The Exorcist,3
359,The Shining,3
359,Halloween,3
359,Scream,1
360,The Shawshank Redemption,1
360,The Dark Knight,4
360,Pulp Fiction,3
360,Forrest Gump,3
360,The Matrix,2
360,Goodfellas,3
360,Fight Club,3
360,Inception,1
360,The Silence of the Lambs,3
360,Se7en,3
360,The Usual Suspects,3
360,Saving Private Ryan,3
360,The Green Mile,3
360,Interstellar,3
360,The Prestige,4
360,Memento,3
360,The Lion King,2
360,Up,3
360,Inside Out,3
360,Frozen,2
360,Moana,3
360,WALL-E,3
360,Avatar,3
360,Spider-Man,1
360,Batman Begins,4
360,Black Panther,4
360,Guardians of the Galaxy,2
360,Crazy Rich Asians,3
360,The Fault in Our Stars,3
360,Me Before You,1
360,Superbad,3
360,The Hangover,4
360,Bridesmaids,5
360,Step Brothers,4
360,Anchorman,5
360,Wedding Crashers,4
360,Mean Girls,3
360,21 Jump Street,4
360,Tropic Thunder,3
360,The Conjuring,4
360,Get Out,4
360,A Quiet Place,4
360,It,4
360,Hereditary,4
360,The Exorcist,4
360,The Shining,3
360,Halloween,4
360,Scream,5
360,Nightmare on Elm Street,5
361,The Godfather,2
361,The Matrix,2
361,Goodfellas,4
361,Se7en,3
361,The Usual Suspects,4
361,Gladiator,4
361,The Departed,3
361,Interstellar,3
361,Memento,2
361,The Lion King,2
361,Toy Story,3
361,Finding Nemo,4
361,Up,3
361,Inside Out,2
361,Frozen,2
361,Coco,1
361,Monsters Inc,1
361,Avatar,1
361,The Avengers,4
361,Iron Man,3
361,Spider-Man,2
361,Batman Begins,1
361,Wonder Woman,2
361,The Notebook,3
361,Pride and Prejudice,4
361,La La Land,5
361,A Star Is Born,4
361,Crazy Rich Asians,4
361,The Fault in Our Stars,3
361,Me Before You,3
361,Superbad,5
361,The Hangover,4
361,Bridesmaids,4
361,Step Brothers,5
361,Anchorman,5
361,Wedding Crashers,4
361,Mean Girls,5
361,21 Jump Street,4
361,Tropic Thunder,4
361,The Conjuring,4
361,Get Out,3
361,A Quiet Place,2
361,It,3
361,Hereditary,3
361,The Shining,4
361,Halloween,3
361,Scream,1
362,The Godfather,3
362,The Dark Knight,3
362,Pulp Fiction,1
362,The Matrix,3
362,The Silence of the Lambs,2
362,Se7en,2
362,The Usual Suspects,2
362,Braveheart,3
362,The Departed,1
362,Interstellar,4
362,The Prestige,3
362,Django Unchained,3
362,The Lion King,3
362,Finding Nemo,4
362,Up,2
362,Inside Out,2
362,Moana,3
362,Monsters Inc,3
362,Titanic,3
362,Avatar,4
362,The Avengers,1
362,Spider-Man,4
362,Batman Begins,2
362,Wonder Woman,4
362,Black Panther,3
362,Guardians of the Galaxy,2
362,The Notebook,4
362,Pride and Prejudice,4
362,La La Land,4
362,A Star Is Born,4
362,Crazy Rich Asians,4
362,The Fault in Our Stars,4
362,Me Before You,4
362,Superbad,4
362,The Hangover,5
362,Bridesmaids,4
362,Step Brothers,4
362,Anchorman,4
362,Wedding Crashers,4
362,Mean Girls,4
362,21 Jump Street,5
362,Tropic Thunder,5
362,A Quiet Place,3
362,It,3
362,Hereditary,2
362,Halloween,1
362,Scream,3
363,The Shawshank Redemption,3
363,The Godfather,2
363,The Dark Knight,3
363,Pulp Fiction,3
363,Forrest Gump,1
363,The Matrix,2
363,Goodfellas,3
363,Fight Club,4
363,Inception,3
363,The Silence of the Lambs,2
363,Se7en,2
363,Gladiator,4
363,Saving Private Ryan,3
363,The Green Mile,3
363,Schindler's List,4
363,Braveheart,1
363,The Departed,3
363,Interstellar,2
363,Memento,1
363,Django Unchained,2
363,The Lion King,3
363,Toy Story,3
363,Finding Nemo,3
363,Up,1
363,Inside Out,2
363,Frozen,2
363,Titanic,2
363,The Avengers,3
363,Iron Man,3
363,Spider-Man,3
363,Wonder Woman,3
363,The Notebook,2
363,Pride and Prejudice,4
363,La La Land,4
363,A Star Is Born,4
363,Crazy Rich Asians,5
363,The Fault in Our Stars,4
363,Me Before You,4
363,Superbad,4
363,The Hangover,5
363,Bridesmaids,5
363,Step Brothers,4
363,Anchorman,4
363,Wedding Crashers,4
363,Mean Girls,5
363,21 Jump Street,5
363,Tropic Thunder,4
363,The Conjuring,1
363,A Quiet Place,4
363,It,2
363,Hereditary,2
363,Scream,3
364,The Dark Knight,2
364,Pulp Fiction,3
364,Forrest Gump,2
364,The Matrix,4
364,Goodfellas,1
364,Fight Club,3
364,The Silence of the Lambs,4
364,The Usual Suspects,2
364,Gladiator,2
364,Saving Private Ryan,3
364,Braveheart,3
364,Interstellar,1
364,The Prestige,4
364,Memento,3
364,Django Unchained,2
364,The Lion King,3
364,Toy Story,4
364,Up,2
364,Inside Out,3
364,Frozen,2
364,Moana,2
364,Coco,3
364,WALL-E,3
364,Monsters Inc,1
364,Titanic,3
364,Avatar,4
364,The Avengers,3
364,Iron Man,3
364,Batman Begins,3
364,Black Panther,1
364,Guardians of the Galaxy,3
364,The Notebook,3
364,Pride and Prejudice,4
364,La La Land,1
364,A Star Is Born,3
364,The Fault in Our Stars,2
364,Superbad,3
364,The Hangover,3
364,Bridesmaids,4
364,Step Brothers,4
364,Anchorman,4
364,Wedding Crashers,4
364,Mean Girls,4
364,21 Jump Street,5
364,Tropic Thunder,4
364,The Conjuring,4
364,Get Out,4
364,A Quiet Place,4
364,It,5
364,Hereditary,4
364,The Exorcist,4
364,The Shining,3
364,Halloween,4
364,Scream,4
364,Nightmare on Elm Street,4
365,The Shawshank Redemption,2
365,The Godfather,3
365,The Dark Knight,4
365,Pulp Fiction,2
365,Forrest Gump,3
365,Fight Club,3
365,Inception,3
365,Se7en,2
365,Gladiator,3
365,Saving Private Ryan,3
365,The Green Mile,4
365,Schindler's List,2
365,Braveheart,2
365,The Lion King,3
365,Up,2
365,Inside Out,3
365,WALL-E,2
365,Monsters Inc,3
365,The Avengers,4
365,Spider-Man,2
365,Batman Begins,3
365,Wonder Woman,3
365,Guardians of the Galaxy,3
365,The Notebook,3
365,Pride and Prejudice,5
365,La La Land,4
365,A Star Is Born,5
365,Crazy Rich Asians,4
365,The Fault in Our Stars,4
365,Me Before You,5
365,Superbad,4
365,The Hangover,4
365,Bridesmaids,4
365,Step Brothers,4
365,Anchorman,5
365,Wedding Crashers,4
365,Mean Girls,4
365,21 Jump Street,4
365,Tropic Thunder,5
365,The Conjuring,3
365,It,1
365,The Exorcist,2
365,Nightmare on Elm Street,4
366,The Shawshank Redemption,3
366,The Godfather,3
366,The Dark Knight,3
366,Pulp Fiction,1
366,Forrest Gump,3
366,The Matrix,4
366,Goodfellas,2
366,Fight Club,2
366,Inception,4
366,Se7en,3
366,The Usual Suspects,3
366,Gladiator,4
366,Braveheart,1
366,Memento,3
366,Django Unchained,1
366,Toy Story,2
366,Inside Out,2
366,Frozen,3
366,Moana,2
366,Coco,4
366,Monsters Inc,3
366,Titanic,1
366,Avatar,4
366,Iron Man,3
366,Spider-Man,2
366,Black Panther,3
366,Guardians of the Galaxy,3
366,The Notebook,3
366,Pride and Prejudice,3
366,A Star Is Born,2
366,Crazy Rich Asians,3
366,The Fault in Our Stars,3
366,Me Before You,1
366,Superbad,3
366,The Hangover,4
366,Bridesmaids,4
366,Step Brothers,4
366,Anchorman,5
366,Wedding Crashers,4
366,Mean Girls,4
366,21 Jump Street,4
366,Tropic Thunder,4
366,The Conjuring,4
366,Get Out,5
366,A Quiet Place,5
366,It,3
366,Hereditary,4
366,The Exorcist,5
366,The Shining,5
366,Halloween,5
366,Scream,3
366,Nightmare on Elm Street,4
367,The Shawshank Redemption,3
367,The Dark Knight,3
367,The Matrix,3
367,Goodfellas,3
367,Inception,3
367,The Silence of the Lambs,3
367,The Usual Suspects,3
367,Gladiator,3
367,Saving Private Ryan,3
367,The Departed,3
367,Memento,3
367,Toy Story,3
367,Up,3
367,Inside Out,3
367,Frozen,3
367,Moana,3
367,WALL-E,2
367,Monsters Inc,3
367,The Avengers,2
367,Iron Man,3
367,Spider-Man,4
367,Guardians of the Galaxy,2
367,The Notebook,3
367,Pride and Prejudice,4
367,La La Land,4
367,A Star Is Born,4
367,Crazy Rich Asians,4
367,The Fault in Our Stars,5
367,Me Before You,4
367,Superbad,4
367,The Hangover,5
367,Bridesmaids,4
367,Step Brothers,5
367,Anchorman,4
367,Wedding Crashers,3
367,Mean Girls,5
367,21 Jump Street,4
367,Tropic Thunder,5
367,A Quiet Place,2
367,Hereditary,3
367,The Exorcist,1
367,The Shining,3
367,Scream,3
367,Nightmare on Elm Street,4
368,The Godfather,4
368,The Dark Knight,3
368,Pulp Fiction,4
368,The Matrix,2
368,Goodfellas,2
368,Fight Club,1
368,Gladiator,3
368,Saving Private Ryan,5
368,The Green Mile,3
368,The Departed,3
368,The Prestige,3
368,Memento,3
368,Toy Story,2
368,Finding Nemo,3
368,Up,4
368,Inside Out,4
368,Frozen,3
368,Moana,2
368,Coco,3
368,WALL-E,1
368,Monsters Inc,4
368,Titanic,4
368,Avatar,4
368,The Avengers,4
368,Iron Man,5
368,Spider-Man,3
368,Batman Begins,3
368,Wonder Woman,5
368,Black Panther,4
368,Guardians of the Galaxy,4
368,The Notebook,4
368,Pride and Prejudice,4
368,La La Land,4
368,A Star Is Born,5
368,Crazy Rich Asians,4
368,The Fault in Our Stars,5
368,Me Before You,5
368,Superbad,4
368,The Hangover,4
368,Anchorman,3
368,Mean Girls,2
368,21 Jump Street,3
368,Tropic Thunder,3
368,The Conjuring,3
368,Get Out,3
368,A Quiet Place,4
368,It,3
368,Hereditary,2
368,The Exorcist,3
368,The Shining,3
368,Halloween,3
368,Scream,2
369,Pulp Fiction,3
369,The Matrix,3
369,Goodfellas,3
369,Fight Club,3
369,Inception,1
369,The Silence of the Lambs,3
369,Se7en,3
369,Saving Private Ryan,1
369,The Green Mile,3
369,Schindler's List,3
369,Braveheart,1
369,Interstellar,3
369,Memento,3
369,Finding Nemo,4
369,Inside Out,3
369,Moana,2
369,Coco,3
369,Avatar,3
369,Spider-Man,3
369,Black Panther,2
369,The Notebook,3
369,Pride and Prejudice,4
369,La La Land,4
369,A Star Is Born,4
369,Crazy Rich Asians,4
369,The Fault in Our Stars,4
369,Me Before You,4
369,Superbad,4
369,The Hangover,5
369,Bridesmaids,4
369,Step Brothers,3
369,Anchorman,4
369,Wedding Crashers,4
369,Mean Girls,4
369,21 Jump Street,4
369,Tropic Thunder,4
369,The Conjuring,3
369,A Quiet Place,3
369,Hereditary,2
369,The Exorcist,3
369,The Shining,2
369,Scream,2
369,Nightmare on Elm Street,3
370,The Shawshank Redemption,3
370,Pulp Fiction,3
370,Forrest Gump,3
370,Goodfellas,3
370,The Silence of the Lambs,4
370,Se7en,2
370,The Usual Suspects,2
370,Gladiator,3
370,The Green Mile,3
370,Braveheart,3
370,The Departed,3
370,Interstellar,1
370,The Prestige,2
370,Memento,3
370,The Lion King,3
370,Toy Story,3
370,Finding Nemo,3
370,Up,3
370,Frozen,3
370,WALL-E,1
370,Monsters Inc,3
370,Titanic,3
370,The Avengers,2
370,Batman Begins,3
370,Wonder Woman,2
370,Black Panther,3
370,Guardians of the Galaxy,2
370,Pride and Prejudice,3
370,A Star Is Born,3
370,Crazy Rich Asians,3
370,Me Before You,3
370,The Hangover,4
370,Bridesmaids,5
370,Step Brothers,4
370,Anchorman,4
370,Wedding Crashers,4
370,Mean Girls,4
370,21 Jump Street,3
370,Tropic Thunder,4
370,The Conjuring,4
370,Get Out,4
370,A Quiet Place,4
370,It,4
370,Hereditary,4
370,The Exorcist,5
370,The Shining,4
370,Halloween,4
370,Scream,4
370,Nightmare on Elm Street,5
371,The Godfather,4
371,The Dark Knight,5
371,Pulp Fiction,3
371,The Matrix,3
371,Fight Club,1
371,Inception,3
371,Se7en,2
371,The Usual Suspects,3
371,Saving Private Ryan,3
371,The Green Mile,3
371,Schindler's List,4
371,Braveheart,4
371,The Departed,3
371,Interstellar,3
371,The Prestige,2
371,Memento,2
371,Django Unchained,3
371,The Lion King,5
371,Toy Story,4
371,Finding Nemo,3
371,Up,4
371,Inside Out,4
371,Frozen,3
371,Moana,4
371,Coco,4
371,WALL-E,4
371,Monsters Inc,4
371,Titanic,4
371,Avatar,5
371,The Avengers,5
371,Iron Man,3
371,Spider-Man,4
371,Batman Begins,4
371,Wonder Woman,4
371,Black Panther,4
371,Guardians of the Galaxy,4
371,The Notebook,5
371,Pride and Prejudice,2
371,A Star Is Born,3
371,The Fault in Our Stars,3
371,Me Before You,3
371,Superbad,1
371,Bridesmaids,4
371,Anchorman,2
371,Mean Girls,3
371,21 Jump Street,4
371,The Conjuring,3
371,Get Out,3
371,A Quiet Place,2
371,It,4
371,Hereditary,2
371,The Exorcist,4
371,The Shining,2
371,Halloween,3
371,Scream,4
372,The Dark Knight,2
372,Pulp Fiction,3
372,The Matrix,1
372,Fight Club,2
372,The Silence of the Lambs,3
372,The Usual Suspects,2
372,Saving Private Ryan,3
372,The Green Mile,4
372,Braveheart,2
372,Interstellar,3
372,The Prestige,2
372,Memento,1
372,Django Unchained,3
372,Toy Story,3
372,Finding Nemo,2
372,Up,4
372,Inside Out,3
372,Moana,2
372,WALL-E,3
372,Monsters Inc,3
372,Titanic,2
372,Avatar,2
372,Guardians of the Galaxy,3
372,Pride and Prejudice,4
372,La La Land,5
372,A Star Is Born,4
372,Crazy Rich Asians,4
372,The Fault in Our Stars,3
372,Me Before You,4
372,Superbad,4
372,The Hangover,5
372,Bridesmaids,4
372,Step Brothers,5
372,Anchorman,4
372,Wedding Crashers,4
372,Mean Girls,3
372,21 Jump Street,3
372,Tropic Thunder,4
372,The Conjuring,3
372,A Quiet Place,3
372,It,3
372,Hereditary,3
372,The Exorcist,3
372,The Shining,2
373,The Shawshank Redemption,3
373,The Godfather,3
373,Pulp Fiction,3
373,Forrest Gump,2
373,Goodfellas,3
373,The Silence of the Lambs,2
373,The Usual Suspects,2
373,Saving Private Ryan,2
373,Schindler's List,1
373,Braveheart,3
373,The Departed,2
373,Interstellar,3
373,The Prestige,3
373,Memento,5
373,The Lion King,4
373,Toy Story,4
373,Finding Nemo,4
373,Up,4
373,Inside Out,4
373,Frozen,4
373,Moana,5
373,Coco,5
373,WALL-E,4
373,Monsters Inc,4
373,Titanic,4
373,Avatar,3
373,The Avengers,4
373,Iron Man,4
373,Spider-Man,4
373,Batman Begins,4
373,Wonder Woman,4
373,Black Panther,3
373,Guardians of the Galaxy,4
373,The Notebook,5
373,La La Land,3
373,The Fault in Our Stars,2
373,Anchorman,3
373,Mean Girls,3
373,21 Jump Street,4
373,Tropic Thunder,2
373,Get Out,4
373,A Quiet Place,3
373,Hereditary,4
373,Halloween,2
373,Scream,1
374,The Shawshank Redemption,2
374,The Godfather,3
374,The Dark Knight,3
374,Forrest Gump,2
374,The Matrix,3
374,Goodfellas,2
374,Fight Club,1
374,Inception,4
374,The Silence of the Lambs,3
374,The Usual Suspects,3
374,Gladiator,3
374,Saving Private Ryan,3
374,Schindler's List,2
374,Interstellar,4
374,Memento,4
374,Django Unchained,4
374,Toy Story,4
374,Finding Nemo,3
374,Up,1
374,Frozen,1
374,Coco,2
374,Monsters Inc,3
374,Titanic,4
374,Avatar,5
374,The Avengers,4
374,Iron Man,4
374,Spider-Man,5
374,Batman Begins,4
374,Wonder Woman,5
374,Black Panther,3
374,Guardians of the Galaxy,4
374,The Notebook,3
374,Pride and Prejudice,4
374,La La Land,4
374,A Star Is Born,4
374,Crazy Rich Asians,5
374,The Fault in Our Stars,4
374,Me Before You,3
374,Superbad,4
374,Anchorman,3
374,Mean Girls,3
374,21 Jump Street,3
374,The Conjuring,2
374,Get Out,3
374,It,3
374,The Exorcist,3
374,The Shining,3
374,Halloween,2
374,Scream,3
375,The Godfather,3
375,The Dark Knight,4
375,Pulp Fiction,4
375,Forrest Gump,5
375,The Matrix,4
375,Goodfellas,5
375,Fight Club,4
375,Inception,4
375,The Silence of the Lambs,4
375,Se7en,4
375,The Usual Suspects,4
375,Gladiator,4
375,Saving Private Ryan,4
375,The Green Mile,4
375,Schindler's List,4
375,Braveheart,5
375,The Departed,5
375,Interstellar,4
375,The Prestige,4
375,Memento,4
375,Django Unchained,3
375,The Lion King,4
375,Toy Story,4
375,Finding Nemo,4
375,Up,4
375,Inside Out,4
375,Frozen,4
375,Moana,4
375,Coco,4
375,WALL-E,4
375,Monsters Inc,4
375,Titanic,3
375,Avatar,3
375,Iron Man,3
375,Spider-Man,2
375,Batman Begins,3
375,Wonder Woman,1
375,Guardians of the Galaxy,4
375,La La Land,4
375,A Star Is Born,3
375,Crazy Rich Asians,3
375,Me Before You,3
375,Anchorman,4
375,21 Jump Street,1
375,Tropic Thunder,4
375,Scream,4
376,The Shawshank Redemption,2
376,The Godfather,2
376,The Dark Knight,2
376,Pulp Fiction,3
376,Forrest Gump,3
376,The Matrix,3
376,Fight Club,1
376,The Silence of the Lambs,2
376,Se7en,3
376,The Usual Suspects,1
376,Gladiator,3
376,Saving Private Ryan,2
376,The Green Mile,3
376,Schindler's List,3
376,Braveheart,5
376,Interstellar,2
376,Memento,4
376,Django Unchained,3
376,Finding Nemo,3
376,Up,2
376,Frozen,2
376,WALL-E,2
376,Titanic,4
376,Avatar,4
376,The Avengers,4
376,Iron Man,4
376,Spider-Man,5
376,Batman Begins,4
376,Wonder Woman,4
376,Black Panther,5
376,Guardians of the Galaxy,3
376,The Notebook,3
376,Pride and Prejudice,4
376,La La Land,4
376,A Star Is Born,5
376,Crazy Rich Asians,4
376,The Fault in Our Stars,4
376,Me Before You,4
376,Superbad,5
376,The Hangover,2
376,Bridesmaids,3
376,Step Brothers,2
376,Anchorman,3
376,Wedding Crashers,3
376,Tropic Thunder,3
376,Get Out,3
376,A Quiet Place,2
376,It,2
376,Hereditary,3
376,The Shining,3
376,Halloween,4
377,The Shawshank Redemption,2
377,The Godfather,3
377,Forrest Gump,3
377,Fight Club,3
377,The Silence of the Lambs,3
377,Se7en,3
377,The Usual Suspects,3
377,Gladiator,2
377,Schindler's List,3
377,Braveheart,1
377,Interstellar,4
377,The Prestige,3
377,Memento,3
377,Django Unchained,3
377,Inside Out,3
377,Frozen,3
377,Moana,1
377,Coco,3
377,Monsters Inc,3
377,Titanic,3
377,Avatar,2
377,The Avengers,3
377,Spider-Man,3
377,Batman Begins,1
377,Black Panther,1
377,Guardians of the Galaxy,3
377,The Notebook,3
377,Pride and Prejudice,4
377,La La Land,3
377,A Star Is Born,3
377,Crazy Rich Asians,4
377,The Fault in Our Stars,4
377,Me Before You,5
377,Superbad,4
377,The Hangover,5
377,Bridesmaids,4
377,Step Brothers,4
377,Anchorman,5
377,Wedding Crashers,4
377,Mean Girls,5
377,21 Jump Street,5
377,Tropic Thunder,3
377,It,3
377,Halloween,4
377,Nightmare on Elm Street,3
378,The Shawshank Redemption,3
378,Pulp Fiction,3
378,Forrest Gump,2
378,The Silence of the Lambs,2
378,The Usual Suspects,3
378,The Green Mile,1
378,Braveheart,3
378,Interstellar,4
378,The Prestige,3
378,Memento,4
378,Django Unchained,2
378,The Lion King,4
378,Toy Story,4
378,Finding Nemo,5
378,Up,4
378,Inside Out,4
378,Frozen,4
378,Moana,4
378,Coco,4
378,WALL-E,5
378,Monsters Inc,3
378,Titanic,4
378,Avatar,4
378,The Avengers,4
378,Iron Man,4
378,Spider-Man,4
378,Batman Begins,4
378,Wonder Woman,4
378,Black Panther,4
378,Guardians of the Galaxy,4
378,The Notebook,4
378,La La Land,2
378,A Star Is Born,1
378,Crazy Rich Asians,1
378,The Fault in Our Stars,1
378,Superbad,2
378,Anchorman,2
378,Get Out,2
378,It,3
378,Hereditary,3
378,Halloween,4
378,Nightmare on Elm Street,1
379,The Shawshank Redemption,3
379,Pulp Fiction,3
379,Forrest Gump,3
379,Goodfellas,2
379,Inception,2
379,The Usual Suspects,2
379,Gladiator,3
379,Saving Private Ryan,1
379,The Green Mile,3
379,Schindler's List,3
379,Braveheart,1
379,The Departed,3
379,Interstellar,4
379,Memento,3
379,Django Unchained,4
379,The Lion King,5
379,Toy Story,4
379,Finding Nemo,5
379,Up,4
379,Inside Out,5
379,Frozen,5
379,Moana,4
379,Coco,4
379,WALL-E,5
379,Monsters Inc,3
379,Titanic,4
379,Avatar,5
379,The Avengers,4
379,Iron Man,5
379,Spider-Man,4
379,Batman Begins,4
379,Wonder Woman,3
379,Black Panther,5
379,Guardians of the Galaxy,5
379,The Notebook,4
379,Pride and Prejudice,3
379,A Star Is Born,2
379,Crazy Rich Asians,2
379,Me Before You,4
379,Superbad,1
379,The Hangover,1
379,Step Brothers,3
379,Anchorman,3
379,Mean Girls,3
379,Get Out,3
379,A Quiet Place,4
379,Hereditary,3
379,The Exorcist,3
379,The Shining,3
379,Scream,1
380,The Shawshank Redemption,2
380,The Dark Knight,3
380,The Matrix,3
380,Goodfellas,4
380,Fight Club,4
380,The Usual Suspects,3
380,Gladiator,3
380,Saving Private Ryan,3
380,The Green Mile,2
380,Schindler's List,2
380,The Departed,1
380,Memento,2
380,Finding Nemo,3
380,Up,3
380,Monsters Inc,3
380,Iron Man,3
380,Batman Begins,3
380,Wonder Woman,2
380,Guardians of the Galaxy,3
380,The Notebook,3
380,Pride and Prejudice,2
380,La La Land,4
380,A Star Is Born,3
380,The Fault in Our Stars,3
380,Me Before You,3
380,Superbad,3
380,The Hangover,5
380,Bridesmaids,3
380,Step Brothers,4
380,Anchorman,4
380,Wedding Crashers,4
380,Mean Girls,5
380,21 Jump Street,4
380,Tropic Thunder,4
380,The Conjuring,4
380,Get Out,4
380,A Quiet Place,4
380,It,5
380,Hereditary,4
380,The Exorcist,5
380,The Shining,4
380,Halloween,4
380,Scream,4
380,Nightmare on Elm Street,4
381,The Shawshank Redemption,3
381,The Godfather,4
381,Pulp Fiction,3
381,Forrest Gump,3
381,The Matrix,1
381,Fight Club,3
381,Inception,3
381,The Silence of the Lambs,3
381,Se7en,1
381,The Usual Suspects,2
381,Gladiator,3
381,Saving Private Ryan,3
381,The Green Mile,1
381,Schindler's List,3
381,The Departed,4
381,Interstellar,2
381,The Prestige,2
381,Memento,3
381,The Lion King,4
381,Toy Story,5
381,Finding Nemo,4
381,Up,4
381,Inside Out,3
381,Frozen,5
381,Moana,5
381,Coco,3
381,WALL-E,4
381,Monsters Inc,3
381,Titanic,4
381,Avatar,3
381,The Avengers,4
381,Iron Man,4
381,Spider-Man,5
381,Batman Begins,4
381,Wonder Woman,4
381,Black Panther,4
381,Guardians of the Galaxy,4
381,The Notebook,5
381,Pride and Prejudice,3
381,La La Land,3
381,A Star Is Born,4
381,Crazy Rich Asians,3
381,The Fault in Our Stars,3
381,Me Before You,4
381,Superbad,1
381,The Hangover,3
381,Bridesmaids,3
381,Step Brothers,1
381,Wedding Crashers,4
381,Mean Girls,3
381,21 Jump Street,2
381,Tropic Thunder,3
381,Get Out,2
381,It,3
381,Hereditary,3
381,The Exorcist,3
381,Halloween,2
381,Scream,4
381,Nightmare on Elm Street,4
382,The Shawshank Redemption,2
382,The Godfather,4
382,The Dark Knight,3
382,Forrest Gump,2
382,Goodfellas,3
382,Inception,1
382,Se7en,3
382,The Usual Suspects,3
382,Gladiator,2
382,Saving Private Ryan,3
382,The Green Mile,2
382,Schindler's List,2
382,The Departed,3
382,Interstellar,3
382,The Prestige,2
382,Memento,3
382,Django Unchained,2
382,The Lion King,3
382,Inside Out,3
382,Frozen,4
382,Moana,4
382,Coco,4
382,WALL-E,3
382,Monsters Inc,5
382,Titanic,2
382,The Avengers,3
382,Iron Man,3
382,Spider-Man,3
382,Batman Begins,4
382,Wonder Woman,3
382,Black Panther,3
382,Guardians of the Galaxy,1
382,La La Land,2
382,A Star Is Born,2
382,Crazy Rich Asians,3
382,Me Before You,4
382,The Hangover,5
382,Bridesmaids,3
382,Step Brothers,5
382,Anchorman,5
382,Wedding Crashers,5
382,Mean Girls,5
382,21 Jump Street,5
382,Tropic Thunder,5
382,The Conjuring,4
382,Get Out,4
382,A Quiet Place,4
382,It,5
382,Hereditary,4
382,The Exorcist,4
382,The Shining,4
382,Halloween,4
382,Scream,4
382,Nightmare on Elm Street,4
383,The Shawshank Redemption,4
383,The Godfather,3
383,The Dark Knight,4
383,Pulp Fiction,5
383,Forrest Gump,4
383,The Matrix,4
383,Goodfellas,3
383,Fight Club,4
383,Inception,5
383,The Silence of the Lambs,5
383,Se7en,5
383,The Usual Suspects,4
383,Gladiator,5
383,Saving Private Ryan,4
383,The Green Mile,4
383,Schindler's List,5
383,Braveheart,4
383,The Departed,4
383,Interstellar,5
383,The Prestige,4
383,Memento,4
383,Django Unchained,4
383,The Lion King,4
383,Toy Story,5
383,Finding Nemo,4
383,Up,4
383,Inside Out,5
383,Frozen,4
383,Moana,5
383,Coco,4
383,WALL-E,4
383,Monsters Inc,4
383,The Avengers,5
383,Wonder Woman,3
383,Black Panther,2
383,A Star Is Born,2
383,Me Before You,1
383,The Hangover,3
383,Anchorman,3
383,Tropic Thunder,3
383,Get Out,3
383,Hereditary,3
383,The Exorcist,1
383,The Shining,3
383,Scream,3
384,The Shawshank Redemption,3
384,Pulp Fiction,1
384,The Matrix,2
384,Fight Club,4
384,The Silence of the Lambs,3
384,Gladiator,3
384,Saving Private Ryan,2
384,The Green Mile,4
384,Schindler's List,3
384,Braveheart,3
384,The Departed,3
384,Interstellar,3
384,The Prestige,3
384,The Lion King,3
384,Up,2
384,Frozen,3
384,Moana,2
384,Coco,3
384,WALL-E,2
384,Monsters Inc,4
384,Titanic,3
384,Spider-Man,3
384,Batman Begins,3
384,Wonder Woman,3
384,Black Panther,2
384,Guardians of the Galaxy,3
384,The Notebook,3
384,Pride and Prejudice,4
384,La La Land,3
384,A Star Is Born,5
384,Crazy Rich Asians,4
384,The Fault in Our Stars,5
384,Me Before You,5
384,Superbad,5
384,The Hangover,5
384,Bridesmaids,5
384,Step Brothers,4
384,Anchorman,4
384,Wedding Crashers,5
384,Mean Girls,4
384,21 Jump Street,4
384,Tropic Thunder,4
384,The Conjuring,3
384,Get Out,2
384,Hereditary,2
384,Scream,3
385,The Godfather,3
385,The Matrix,3
385,Goodfellas,4
385,Fight Club,3
385,The Silence of the Lambs,3
385,Saving Private Ryan,3
385,The Departed,4
385,The Lion King,4
385,Finding Nemo,2
385,Inside Out,3
385,WALL-E,3
385,Monsters Inc,4
385,Titanic,1
385,The Avengers,3
385,Black Panther,4
385,A Star Is Born,3
385,Crazy Rich Asians,2
385,The Hangover,3
385,Bridesmaids,4
385,Step Brothers,4
385,Anchorman,4
385,Wedding Crashers,4
385,Mean Girls,5
385,21 Jump Street,4
385,Tropic Thunder,4
385,The Conjuring,4
385,Get Out,4
385,A Quiet Place,4
385,It,5
385,Hereditary,3
385,The Exorcist,3
385,The Shining,4
385,Halloween,4
385,Scream,3
385,Nightmare on Elm Street,3
386,The Shawshank Redemption,5
386,The Godfather,4
386,The Dark Knight,5
386,Pulp Fiction,4
386,Forrest Gump,4
386,The Matrix,4
386,Goodfellas,4
386,Fight Club,4
386,Inception,5
386,The Silence of the Lambs,4
386,Se7en,4
386,The Usual Suspects,4
386,Gladiator,4
386,Saving Private Ryan,5
386,The Green Mile,4
386,Schindler's List,4
386,Braveheart,4
386,The Departed,3
386,Interstellar,4
386,The Prestige,4
386,Memento,4
386,Django Unchained,4
386,The Lion King,4
386,Toy Story,4
386,Finding Nemo,5
386,Up,3
386,Inside Out,4
386,Frozen,5
386,Moana,5
386,Coco,5
386,WALL-E,4
386,Monsters Inc,5
386,Avatar,3
386,Batman Begins,3
386,Wonder Woman,2
386,Black Panther,3
386,Guardians of the Galaxy,1
386,The Notebook,2
386,Crazy Rich Asians,2
386,The Fault in Our Stars,3
386,Superbad,3
386,Step Brothers,2
386,Anchorman,3
386,Wedding Crashers,2
386,Mean Girls,2
386,The Conjuring,3
386,Get Out,3
386,It,3
386,Halloween,3
386,Nightmare on Elm Street,2
387,The Godfather,3
387,Forrest Gump,3
387,The Matrix,4
387,The Silence of the Lambs,2
387,The Usual Suspects,2
387,The Green Mile,3
387,Schindler's List,4
387,Braveheart,3
387,Memento,3
387,The Lion King,4
387,Toy Story,5
387,Up,4
387,Inside Out,4
387,Moana,5
387,Coco,4
387,WALL-E,5
387,Monsters Inc,4
387,Titanic,3
387,Avatar,5
387,The Avengers,4
387,Iron Man,5
387,Spider-Man,4
387,Batman Begins,4
387,Wonder Woman,4
387,Black Panther,5
387,Guardians of the Galaxy,2
387,The Notebook,4
387,Pride and Prejudice,3
387,The Fault in Our Stars,1
387,The Hangover,2
387,Wedding Crashers,3
387,21 Jump Street,4
387,The Conjuring,4
387,Get Out,1
387,A Quiet Place,1
387,The Shining,1
388,The Dark Knight,3
388,Pulp Fiction,4
388,Forrest Gump,3
388,The Matrix,3
388,Inception,3
388,Gladiator,3
388,Saving Private Ryan,3
388,Braveheart,3
388,Interstellar,4
388,Memento,4
388,The Lion King,4
388,Toy Story,5
388,Finding Nemo,5
388,Up,4
388,Inside Out,5
388,Frozen,4
388,Moana,4
388,Coco,4
388,WALL-E,4
388,Monsters Inc,5
388,Titanic,4
388,Avatar,4
388,The Avengers,5
388,Iron Man,4
388,Spider-Man,5
388,Batman Begins,4
388,Wonder Woman,5
388,Black Panther,4
388,Guardians of the Galaxy,3
388,The Notebook,4
388,La La Land,3
388,A Star Is Born,4
388,Crazy Rich Asians,3
388,Step Brothers,1
388,Anchorman,3
388,Wedding Crashers,3
388,The Conjuring,4
388,The Exorcist,2
388,Scream,3
388,Nightmare on Elm Street,3
389,The Shawshank Redemption,3
389,The Godfather,5
389,The Dark Knight,4
389,Pulp Fiction,4
389,Forrest Gump,5
389,The Matrix,4
389,Fight Club,4
389,Inception,4
389,The Silence of the Lambs,5
389,Se7en,5
389,The Usual Suspects,4
389,Gladiator,4
389,Saving Private Ryan,4
389,The Green Mile,4
389,Schindler's List,5
389,Braveheart,4
389,The Departed,4
389,Interstellar,4
389,The Prestige,3
389,Finding Nemo,4
389,Up,4
389,Frozen,4
389,Coco,5
389,WALL-E,4
389,La La Land,3
389,Crazy Rich Asians,3
389,Me Before You,3
389,The Hangover,3
389,Mean Girls,2
389,The Exorcist,2
390,The Godfather,3
390,Pulp Fiction,3
390,Forrest Gump,4
390,The Matrix,4
390,Goodfellas,3
390,Fight Club,3
390,Inception,3
390,Se7en,3
390,Braveheart,3
390,Interstellar,2
390,The Prestige,3
390,The Lion King,5
390,Toy Story,5
390,Finding Nemo,4
390,Up,5
390,Inside Out,4
390,Frozen,4
390,Moana,5
390,Coco,3
390,WALL-E,4
390,Monsters Inc,4
390,Titanic,4
390,Avatar,5
390,The Avengers,4
390,Iron Man,5
390,Spider-Man,4
390,Batman Begins,4
390,Wonder Woman,3
390,Black Panther,4
390,Guardians of the Galaxy,4
390,The Notebook,4
390,Pride and Prejudice,3
390,La La Land,2
390,A Star Is Born,2
390,Crazy Rich Asians,3
390,Superbad,3
390,The Hangover,3
390,Bridesmaids,2
390,Step Brothers,3
390,Anchorman,4
390,Wedding Crashers,3
390,Mean Girls,5
390,21 Jump Street,3
390,Tropic Thunder,2
390,The Conjuring,4
390,Get Out,2
390,The Shining,3
390,Halloween,2
390,Scream,1
390,Nightmare on Elm Street,4
391,The Shawshank Redemption,4
391,The Godfather,4
391,The Dark Knight,4
391,Pulp Fiction,4
391,Forrest Gump,3
391,The Matrix,4
391,Goodfellas,3
391,Fight Club,4
391,Inception,4
391,The Silence of the Lambs,5
391,Se7en,4
391,The Usual Suspects,5
391,Gladiator,4
391,The Green Mile,4
391,Schindler's List,5
391,Braveheart,5
391,The Departed,4
391,Interstellar,4
391,The Prestige,4
391,Memento,4
391,Django Unchained,4
391,The Lion King,4
391,Toy Story,5
391,Finding Nemo,4
391,Up,4
391,Inside Out,4
391,Frozen,4
391,Moana,4
391,Coco,5
391,WALL-E,5
391,Monsters Inc,5
391,The Avengers,1
391,Iron Man,3
391,Black Panther,2
391,The Notebook,4
391,Crazy Rich Asians,3
391,The Fault in Our Stars,3
391,Superbad,3
391,Step Brothers,3
391,Mean Girls,3
391,It,3
391,The Exorcist,3
391,The Shining,3
392,The Shawshank Redemption,3
392,The Godfather,3
392,The Dark Knight,4
392,Forrest Gump,3
392,Inception,1
392,Se7en,2
392,The Usual Suspects,3
392,Gladiator,3
392,The Green Mile,3
392,Schindler's List,2
392,Interstellar,3
392,The Lion King,4
392,Toy Story,3
392,Up,2
392,Inside Out,3
392,Frozen,2
392,Coco,3
392,Monsters Inc,3
392,Avatar,2
392,Iron Man,3
392,Spider-Man,3
392,Batman Begins,1
392,Wonder Woman,1
392,Black Panther,3
392,Guardians of the Galaxy,3
392,Pride and Prejudice,3
392,A Star Is Born,3
392,The Fault in Our Stars,4
392,Me Before You,3
392,Superbad,3
392,The Hangover,4
392,Bridesmaids,4
392,Step Brothers,5
392,Anchorman,4
392,Wedding Crashers,4
392,Mean Girls,3
392,21 Jump Street,4
392,Tropic Thunder,4
392,The Conjuring,5
392,Get Out,4
392,A Quiet Place,4
392,It,5
392,Hereditary,5
392,The Exorcist,4
392,The Shining,4
392,Halloween,3
392,Scream,5
392,Nightmare on Elm Street,5
393,The Shawshank Redemption,4
393,The Dark Knight,4
393,Pulp Fiction,4
393,The Matrix,1
393,Fight Club,2
393,Inception,1
393,Se7en,2
393,The Usual Suspects,2
393,Saving Private Ryan,3
393,The Green Mile,2
393,Schindler's List,3
393,The Departed,2
393,Interstellar,1
393,The Prestige,1
393,Memento,3
393,Finding Nemo,3
393,Moana,3
393,Coco,3
393,WALL-E,4
393,Monsters Inc,3
393,The Avengers,2
393,Iron Man,2
393,Black Panther,3
393,Guardians of the Galaxy,3
393,Pride and Prejudice,3
393,A Star Is Born,4
393,Crazy Rich Asians,3
393,The Fault in Our Stars,2
393,Me Before You,3
393,Superbad,3
393,The Hangover,4
393,Bridesmaids,4
393,Step Brothers,3
393,Anchorman,4
393,Wedding Crashers,4
393,Mean Girls,5
393,21 Jump Street,4
393,Tropic Thunder,4
393,The Conjuring,4
393,Get Out,3
393,A Quiet Place,4
393,It,4
393,Hereditary,3
393,The Exorcist,4
393,The Shining,4
393,Halloween,5
393,Scream,4
393,Nightmare on Elm Street,3
394,The Shawshank Redemption,4
394,The Godfather,4
394,The Dark Knight,5
394,Pulp Fiction,4
394,Forrest Gump,4
394,The Matrix,4
394,Goodfellas,5
394,Fight Club,4
394,Inception,4
394,The Silence of the Lambs,4
394,Se7en,4
394,The Usual Suspects,4
394,Gladiator,4
394,Saving Private Ryan,4
394,The Green Mile,4
394,Schindler's List,4
394,Braveheart,4
394,The Departed,4
394,Interstellar,4
394,The Prestige,5
394,Memento,4
394,Django Unchained,5
394,The Lion King,3
394,Toy Story,3
394,Finding Nemo,4
394,Up,5
394,Inside Out,3
394,Frozen,4
394,Moana,5
394,Coco,4
394,WALL-E,5
394,Monsters Inc,4
394,Titanic,3
394,Avatar,1
394,The Avengers,3
394,Iron Man,2
394,Spider-Man,2
394,Batman Begins,4
394,Black Panther,1
394,Guardians of the Galaxy,3
394,The Notebook,3
394,Pride and Prejudice,2
394,La La Land,2
394,Crazy Rich Asians,3
394,The Fault in Our Stars,2
394,Superbad,4
394,The Hangover,3
394,Step Brothers,2
394,Anchorman,3
394,Wedding Crashers,3
394,Mean Girls,2
394,21 Jump Street,3
394,Tropic Thunder,2
394,The Conjuring,3
394,A Quiet Place,4
394,It,2
394,Halloween,3
394,Nightmare on Elm Street,3
395,Pulp Fiction,3
395,Forrest Gump,3
395,Goodfellas,4
395,Fight Club,2
395,Inception,3
395,Se7en,3
395,The Prestige,3
395,Django Unchained,5
395,Inside Out,3
395,Avatar,3
395,The Avengers,4
395,Iron Man,4
395,Wonder Woman,2
395,Me Before You,1
395,Superbad,3
395,The Hangover,4
395,Bridesmaids,3
395,Anchorman,4
395,Wedding Crashers,4
395,Mean Girls,4
395,21 Jump Street,4
395,Tropic Thunder,4
395,The Conjuring,4
395,Get Out,4
395,A Quiet Place,3
395,It,4
395,Hereditary,3
395,The Exorcist,3
395,The Shining,4
395,Halloween,4
395,Scream,4
395,Nightmare on Elm Street,3
396,The Shawshank Redemption,2
396,The Matrix,3
396,Goodfellas,3
396,Fight Club,3
396,Inception,3
396,The Silence of the Lambs,2
396,The Usual Suspects,2
396,Saving Private Ryan,3
396,The Green Mile,3
396,Schindler's List,3
396,The Departed,2
396,Interstellar,2
396,The Prestige,3
396,Django Unchained,4
396,The Lion King,4
396,Toy Story,2
396,Up,2
396,Frozen,3
396,Moana,2
396,Coco,3
396,WALL-E,4
396,Monsters Inc,3
396,Titanic,1
396,Avatar,4
396,The Avengers,4
396,Iron Man,3
396,Batman Begins,3
396,Wonder Woman,3
396,Black Panther,4
396,Guardians of the Galaxy,3
396,The Notebook,3
396,Pride and Prejudice,1
396,La La Land,3
396,A Star Is Born,2
396,The Fault in Our Stars,3
396,Me Before You,1
396,Superbad,2
396,The Hangover,4
396,Bridesmaids,4
396,Step Brothers,4
396,Anchorman,4
396,Wedding Crashers,4
396,Mean Girls,4
396,21 Jump Street,3
396,Tropic Thunder,4
396,The Conjuring,4
396,Get Out,4
396,A Quiet Place,4
396,It,3
396,Hereditary,5
396,The Exorcist,4
396,The Shining,4
396,Halloween,4
396,Scream,4
396,Nightmare on Elm Street,4
397,The Shawshank Redemption,3
397,The Dark Knight,4
397,Pulp Fiction,2
397,Forrest Gump,3
397,Fight Club,3
397,Inception,4
397,Se7en,3
397,The Usual Suspects,1
397,Gladiator,3
397,Saving Private Ryan,3
397,Schindler's List,4
397,Braveheart,3
397,The Departed,3
397,Interstellar,2
397,The Prestige,2
397,Memento,1
397,Django Unchained,2
397,Toy Story,3
397,Up,3
397,Frozen,4
397,Coco,4
397,WALL-E,3
397,Monsters Inc,4
397,The Avengers,3
397,Batman Begins,5
397,Black Panther,2
397,Guardians of the Galaxy,2
397,Pride and Prejudice,1
397,La La Land,4
397,Crazy Rich Asians,2
397,The Fault in Our Stars,4
397,Me Before You,3
397,The Hangover,4
397,Bridesmaids,3
397,Step Brothers,4
397,Anchorman,4
397,Wedding Crashers,4
397,Mean Girls,3
397,21 Jump Street,5
397,Tropic Thunder,4
397,The Conjuring,3
397,Get Out,5
397,A Quiet Place,4
397,It,5
397,Hereditary,4
397,The Exorcist,4
397,The Shining,4
397,Halloween,5
397,Scream,4
397,Nightmare on Elm Street,2
398,The Shawshank Redemption,4
398,The Dark Knight,3
398,Forrest Gump,3
398,Fight Club,3
398,The Green Mile,4
398,Braveheart,2
398,Memento,2
398,The Lion King,2
398,Moana,3
398,Titanic,5
398,Avatar,4
398,The Avengers,4
398,Iron Man,4
398,Spider-Man,4
398,Batman Begins,4
398,Wonder Woman,4
398,Black Panther,5
398,Guardians of the Galaxy,4
398,The Notebook,4
398,Pride and Prejudice,5
398,La La Land,5
398,A Star Is Born,4
398,Crazy Rich Asians,4
398,The Fault in Our Stars,5
398,Me Before You,4
398,Superbad,4
398,Bridesmaids,3
398,Step Brothers,1
398,Wedding Crashers,2
398,A Quiet Place,3
398,The Exorcist,3
398,Halloween,1
398,Scream,3
398,Nightmare on Elm Street,1
399,Pulp Fiction,3
399,Forrest Gump,3
399,Goodfellas,2
399,The Green Mile,2
399,Interstellar,4
399,Finding Nemo,3
399,Moana,2
399,Titanic,2
399,Iron Man,3
399,Batman Begins,3
399,Wonder Woman,4
399,Guardians of the Galaxy,1
399,The Notebook,3
399,Pride and Prejudice,4
399,La La Land,5
399,A Star Is Born,5
399,Crazy Rich Asians,4
399,The Fault in Our Stars,4
399,Me Before You,3
399,Superbad,4
399,The Hangover,5
399,Bridesmaids,3
399,Step Brothers,3
399,Anchorman,3
399,Wedding Crashers,5
399,Mean Girls,5
399,21 Jump Street,3
399,Tropic Thunder,3
399,It,3
399,Hereditary,4
399,The Shining,3
399,Halloween,1
400,The Godfather,2
400,The Dark Knight,1
400,The Matrix,1
400,Fight Club,3
400,The Silence of the Lambs,2
400,The Usual Suspects,3
400,Gladiator,3
400,Saving Private Ryan,3
400,The Green Mile,2
400,Interstellar,4
400,The Lion King,4
400,Toy Story,4
400,Up,4
400,Inside Out,4
400,Frozen,4
400,Moana,4
400,WALL-E,4
400,Monsters Inc,4
400,Titanic,3
400,Avatar,4
400,The Avengers,4
400,Iron Man,4
400,Spider-Man,5
400,Batman Begins,5
400,Wonder Woman,4
400,Black Panther,3
400,Guardians of the Galaxy,4
400,The Notebook,4
400,Pride and Prejudice,2
400,La La Land,3
400,Step Brothers,2
400,Mean Girls,2
400,21 Jump Street,1
400,The Shining,3
401,The Godfather,3
401,The Dark Knight,4
401,Pulp Fiction,3
401,Goodfellas,3
401,Fight Club,3
401,Se7en,3
401,Saving Private Ryan,2
401,Braveheart,3
401,The Departed,3
401,Interstellar,3
401,Django Unchained,3
401,The Lion King,3
401,Finding Nemo,3
401,Up,1
401,Moana,2
401,WALL-E,3
401,Titanic,5
401,Avatar,5
401,The Avengers,3
401,Iron Man,5
401,Spider-Man,4
401,Batman Begins,4
401,Wonder Woman,3
401,Black Panther,3
401,Guardians of the Galaxy,4
401,The Notebook,4
401,Pride and Prejudice,4
401,La La Land,4
401,A Star Is Born,4
401,Crazy Rich Asians,5
401,The Fault in Our Stars,4
401,Me Before You,5
401,Superbad,3
401,Bridesmaids,3
401,21 Jump Street,3
401,Tropic Thunder,3
401,It,3
401,The Shining,3
401,Halloween,4
401,Scream,3
401,Nightmare on Elm Street,4
402,The Dark Knight,3
402,Fight Club,3
402,Inception,3
402,The Silence of the Lambs,3
402,Gladiator,1
402,Saving Private Ryan,2
402,Braveheart,3
402,The Departed,2
402,Django Unchained,4
402,Toy Story,3
402,Up,5
402,Frozen,4
402,Moana,3
402,WALL-E,3
402,Monsters Inc,3
402,Titanic,3
402,The Avengers,3
402,Spider-Man,3
402,Wonder Woman,3
402,Guardians of the Galaxy,1
402,La La Land,3
402,Crazy Rich Asians,3
402,The Fault in Our Stars,3
402,Me Before You,2
402,Superbad,2
402,The Hangover,5
402,Bridesmaids,4
402,Step Brothers,5
402,Anchorman,3
402,Wedding Crashers,3
402,Mean Girls,4
402,21 Jump Street,4
402,Tropic Thunder,5
402,The Conjuring,4
402,Get Out,5
402,A Quiet Place,4
402,It,5
402,Hereditary,3
402,The Exorcist,4
402,The Shining,4
402,Halloween,4
402,Scream,4
402,Nightmare on Elm Street,4
403,The Godfather,4
403,The Dark Knight,4
403,Pulp Fiction,5
403,Forrest Gump,3
403,The Matrix,4
403,Goodfellas,4
403,Fight Club,4
403,Inception,4
403,Se7en,4
403,The Usual Suspects,4
403,Gladiator,4
403,Saving Private Ryan,4
403,The Green Mile,3
403,Schindler's List,5
403,Braveheart,3
403,The Departed,4
403,Interstellar,4
403,The Prestige,5
403,Memento,4
403,Django Unchained,4
403,Toy Story,5
403,Finding Nemo,4
403,Up,4
403,Inside Out,5
403,Frozen,4
403,Moana,4
403,Coco,4
403,WALL-E,4
403,Monsters Inc,3
403,Avatar,4
403,The Avengers,2
403,Wonder Woman,3
403,The Notebook,3
403,Pride and Prejudice,3
403,A Star Is Born,4
403,The Fault in Our Stars,2
403,Bridesmaids,3
403,Step Brothers,4
403,21 Jump Street,3
403,Tropic Thunder,1
403,Get Out,3
403,A Quiet Place,3
403,Scream,2
404,The Shawshank Redemption,3
404,The Dark Knight,2
404,Pulp Fiction,4
404,Forrest Gump,3
404,The Matrix,3
404,Fight Club,3
404,Inception,3
404,The Silence of the Lambs,2
404,The Usual Suspects,3
404,Gladiator,2
404,Saving Private Ryan,1
404,The Green Mile,4
404,Schindler's List,3
404,Braveheart,2
404,The Departed,1
404,Interstellar,2
404,The Prestige,3
404,Memento,2
404,Django Unchained,1
404,Toy Story,3
404,Finding Nemo,3
404,Up,1
404,Inside Out,3
404,Frozen,2
404,Moana,3
404,WALL-E,2
404,Titanic,2
404,Avatar,4
404,The Avengers,2
404,Iron Man,4
404,Spider-Man,4
404,Batman Begins,3
404,Wonder Woman,3
404,Black Panther,4
404,Guardians of the Galaxy,4
404,La La Land,1
404,Crazy Rich Asians,2
404,The Fault in Our Stars,1
404,Me Before You,4
404,Superbad,3
404,The Hangover,4
404,Bridesmaids,4
404,Step Brothers,4
404,Anchorman,4
404,Wedding Crashers,4
404,Mean Girls,3
404,21 Jump Street,4
404,Tropic Thunder,4
404,The Conjuring,4
404,Get Out,4
404,A Quiet Place,4
404,It,5
404,Hereditary,5
404,The Exorcist,5
404,The Shining,5
404,Halloween,5
404,Scream,4
404,Nightmare on Elm Street,4
405,The Shawshank Redemption,1
405,The Godfather,3
405,The Dark Knight,3
405,Pulp Fiction,3
405,Fight Club,2
405,Inception,3
405,The Silence of the Lambs,3
405,Se7en,3
405,The Usual Suspects,2
405,Gladiator,1
405,Saving Private Ryan,3
405,The Green Mile,3
405,Schindler's List,3
405,Braveheart,4
405,The Departed,3
405,Interstellar,2
405,The Prestige,4
405,Memento,2
405,Django Unchained,1
405,The Lion King,2
405,Toy Story,2
405,Finding Nemo,3
405,Up,2
405,Inside Out,3
405,Frozen,3
405,Moana,3
405,Coco,3
405,Titanic,4
405,Avatar,4
405,The Avengers,3
405,Spider-Man,3
405,Wonder Woman,4
405,Black Panther,3
405,The Notebook,3
405,Pride and Prejudice,4
405,La La Land,5
405,A Star Is Born,5
405,Crazy Rich Asians,4
405,The Fault in Our Stars,5
405,Me Before You,5
405,Superbad,4
405,The Hangover,4
405,Bridesmaids,4
405,Step Brothers,5
405,Anchorman,4
405,Wedding Crashers,3
405,Mean Girls,5
405,21 Jump Street,4
405,Tropic Thunder,4
405,The Conjuring,3
405,Get Out,3
405,A Quiet Place,2
405,It,3
405,Hereditary,3
405,The Exorcist,3
405,The Shining,3
405,Halloween,2
405,Scream,2
405,Nightmare on Elm Street,3
406,The Godfather,3
406,Pulp Fiction,4
406,The Matrix,2
406,Goodfellas,1
406,Inception,2
406,The Silence of the Lambs,2
406,The Usual Suspects,2
406,The Green Mile,2
406,Braveheart,2
406,The Departed,3
406,Interstellar,2
406,The Prestige,3
406,Django Unchained,3
406,Toy Story,2
406,Up,1
406,Inside Out,4
406,Frozen,4
406,Moana,3
406,WALL-E,3
406,Titanic,3
406,Avatar,2
406,The Avengers,3
406,Iron Man,3
406,Spider-Man,1
406,Batman Begins,2
406,The Notebook,3
406,Pride and Prejudice,2
406,Crazy Rich Asians,3
406,The Fault in Our Stars,3
406,Superbad,3
406,The Hangover,4
406,Bridesmaids,4
406,Step Brothers,5
406,Anchorman,5
406,Wedding Crashers,4
406,Mean Girls,4
406,21 Jump Street,4
406,Tropic Thunder,4
406,The Conjuring,4
406,Get Out,4
406,A Quiet Place,4
406,It,4
406,Hereditary,3
406,The Exorcist,5
406,The Shining,4
406,Halloween,4
406,Scream,4
406,Nightmare on Elm Street,5
407,The Shawshank Redemption,4
407,The Godfather,4
407,The Dark Knight,4
407,Pulp Fiction,4
407,Forrest Gump,4
407,The Matrix,4
407,Goodfellas,5
407,Fight Club,4
407,Inception,4
407,The Silence of the Lambs,5
407,Se7en,4
407,Gladiator,4
407,Saving Private Ryan,5
407,The Green Mile,5
407,Schindler's List,5
407,Braveheart,4
407,The Departed,4
407,Interstellar,4
407,The Prestige,3
407,Memento,4
407,Django Unchained,5
407,The Lion King,4
407,Toy Story,5
407,Finding Nemo,5
407,Up,4
407,Inside Out,5
407,Frozen,4
407,Moana,4
407,Coco,4
407,WALL-E,4
407,Monsters Inc,4
407,Titanic,3
407,Iron Man,2
407,Spider-Man,3
407,Wonder Woman,1
407,The Notebook,2
407,Pride and Prejudice,1
407,A Star Is Born,2
407,Crazy Rich Asians,1
407,The Fault in Our Stars,3
407,Me Before You,1
407,Superbad,3
407,Step Brothers,2
407,21 Jump Street,3
407,The Conjuring,4
407,Get Out,1
407,A Quiet Place,3
407,It,3
407,Halloween,3
407,Scream,3
408,The Shawshank Redemption,2
408,The Godfather,2
408,The Dark Knight,4
408,Pulp Fiction,2
408,Inception,1
408,The Silence of the Lambs,3
408,Se7en,3
408,The Usual Suspects,3
408,The Green Mile,2
408,Schindler's List,1
408,Braveheart,3
408,The Departed,3
408,Interstellar,1
408,Memento,3
408,Django Unchained,3
408,The Lion King,3
408,Inside Out,2
408,Frozen,2
408,Coco,3
408,WALL-E,3
408,Monsters Inc,3
408,Titanic,4
408,Avatar,2
408,The Avengers,3
408,Iron Man,4
408,Wonder Woman,3
408,Guardians of the Galaxy,2
408,The Notebook,2
408,Pride and Prejudice,4
408,La La Land,4
408,A Star Is Born,4
408,Crazy Rich Asians,4
408,The Fault in Our Stars,3
408,Me Before You,4
408,Superbad,3
408,The Hangover,3
408,Bridesmaids,4
408,Step Brothers,4
408,Anchorman,4
408,Wedding Crashers,4
408,Mean Girls,4
408,21 Jump Street,5
408,Tropic Thunder,4
408,A Quiet Place,3
408,Hereditary,2
408,The Shining,2
408,Halloween,3
408,Scream,3
409,The Godfather,3
409,Forrest Gump,3
409,The Matrix,2
409,The Silence of the Lambs,4
409,The Usual Suspects,3
409,Gladiator,4
409,Schindler's List,2
409,The Departed,5
409,Frozen,3
409,Coco,1
409,WALL-E,3
409,Monsters Inc,1
409,Spider-Man,3
409,The Notebook,2
409,A Star Is Born,3
409,The Fault in Our Stars,3
409,Superbad,3
409,The Hangover,5
409,Bridesmaids,4
409,Step Brothers,3
409,Anchorman,5
409,Wedding Crashers,5
409,Mean Girls,4
409,21 Jump Street,4
409,Tropic Thunder,4
409,The Conjuring,4
409,Get Out,5
409,A Quiet Place,3
409,It,3
409,Hereditary,4
409,The Exorcist,4
409,The Shining,4
409,Halloween,3
409,Scream,3
409,Nightmare on Elm Street,4
410,The Shawshank Redemption,4
410,The Godfather,4
410,The Dark Knight,2
410,Pulp Fiction,1
410,Forrest Gump,2
410,The Matrix,3
410,Goodfellas,3
410,Fight Club,3
410,Inception,2
410,Se7en,3
410,The Usual Suspects,3
410,Gladiator,2
410,Braveheart,2
410,The Departed,4
410,Interstellar,2
410,Memento,3
410,Django Unchained,4
410,Toy Story,2
410,Finding Nemo,2
410,Up,3
410,Inside Out,4
410,Frozen,3
410,Coco,3
410,WALL-E,3
410,Monsters Inc,2
410,Avatar,3
410,The Avengers,2
410,Iron Man,3
410,Spider-Man,3
410,Batman Begins,1
410,Wonder Woman,2
410,Black Panther,3
410,Guardians of the Galaxy,3
410,The Notebook,3
410,Pride and Prejudice,3
410,La La Land,4
410,A Star Is Born,4
410,Crazy Rich Asians,4
410,The Fault in Our Stars,5
410,Me Before You,4
410,Superbad,4
410,The Hangover,3
410,Bridesmaids,4
410,Step Brothers,5
410,Anchorman,5
410,Wedding Crashers,4
410,Mean Girls,5
410,21 Jump Street,3
410,Tropic Thunder,3
410,Get Out,3
410,A Quiet Place,4
410,It,3
410,Hereditary,3
410,The Exorcist,3
410,Halloween,3
410,Scream,3
410,Nightmare on Elm Street,3
411,The Shawshank Redemption,3
411,The Dark Knight,5
411,The Matrix,1
411,Goodfellas,2
411,Inception,3
411,The Silence of the Lambs,3
411,Se7en,3
411,The Usual Suspects,1
411,The Green Mile,4
411,Interstellar,3
411,Memento,4
411,Django Unchained,3
411,The Lion King,4
411,Toy Story,4
411,Finding Nemo,5
411,Up,5
411,Inside Out,4
411,Frozen,4
411,Moana,4
411,Coco,4
411,WALL-E,5
411,Monsters Inc,3
411,Titanic,4
411,Avatar,4
411,The Avengers,4
411,Iron Man,4
411,Spider-Man,5
411,Batman Begins,3
411,Wonder Woman,4
411,Black Panther,4
411,Guardians of the Galaxy,5
411,The Notebook,5
411,Crazy Rich Asians,3
411,Me Before You,3
411,Bridesmaids,2
411,Anchorman,2
411,Mean Girls,3
411,Tropic Thunder,3
411,The Conjuring,3
411,Get Out,2
411,Hereditary,3
411,Halloween,3
412,The Shawshank Redemption,4
412,The Godfather,3
412,The Dark Knight,2
412,Pulp Fiction,2
412,Forrest Gump,3
412,The Matrix,4
412,Goodfellas,2
412,Fight Club,3
412,Inception,3
412,The Silence of the Lambs,4
412,Se7en,3
412,The Usual Suspects,4
412,Gladiator,3
412,Saving Private Ryan,3
412,The Green Mile,2
412,Schindler's List,3
412,Braveheart,1
412,The Departed,4
412,Interstellar,3
412,Memento,3
412,The Lion King,4
412,Toy Story,4
412,Finding Nemo,4
412,Up,5
412,Inside Out,4
412,Frozen,3
412,Moana,4
412,Coco,5
412,WALL-E,5
412,Monsters Inc,5
412,Titanic,5
412,Avatar,3
412,The Avengers,5
412,Iron Man,5
412,Spider-Man,4
412,Batman Begins,4
412,Wonder Woman,4
412,Black Panther,4
412,Guardians of the Galaxy,5
412,The Notebook,4
412,Pride and Prejudice,2
412,A Star Is Born,2
412,Crazy Rich Asians,2
412,The Fault in Our Stars,3
412,Me Before You,3
412,Superbad,3
412,Bridesmaids,3
412,Wedding Crashers,2
412,Mean Girls,3
412,21 Jump Street,3
412,The Conjuring,2
412,Get Out,3
412,A Quiet Place,1
412,It,1
412,Hereditary,3
412,The Exorcist,3
412,Halloween,3
412,Scream,4
413,The Shawshank Redemption,4
413,The Dark Knight,3
413,Forrest Gump,2
413,Goodfellas,3
413,Fight Club,2
413,Inception,1
413,The Silence of the Lambs,3
413,The Usual Suspects,3
413,Saving Private Ryan,3
413,The Green Mile,3
413,Schindler's List,2
413,Braveheart,3
413,The Departed,4
413,The Prestige,3
413,Memento,3
413,Up,4
413,Moana,3
413,Coco,3
413,WALL-E,1
413,Monsters Inc,4
413,Titanic,2
413,Avatar,3
413,The Avengers,1
413,Iron Man,2
413,Batman Begins,1
413,Wonder Woman,4
413,The Notebook,3
413,A Star Is Born,3
413,The Fault in Our Stars,4
413,Me Before You,2
413,The Hangover,4
413,Bridesmaids,4
413,Step Brothers,4
413,Anchorman,4
413,Wedding Crashers,5
413,Mean Girls,4
413,21 Jump Street,5
413,Tropic Thunder,4
413,The Conjuring,4
413,Get Out,3
413,A Quiet Place,4
413,It,5
413,Hereditary,5
413,The Exorcist,4
413,The Shining,5
413,Halloween,4
413,Scream,4
413,Nightmare on Elm Street,5
414,The Matrix,5
414,Fight Club,3
414,The Silence of the Lambs,3
414,The Usual Suspects,4
414,Gladiator,4
414,Saving Private Ryan,4
414,The Green Mile,3
414,Schindler's List,3
414,The Departed,3
414,Django Unchained,3
414,The Lion King,4
414,Finding Nemo,4
414,Frozen,3
414,Monsters Inc,2
414,Titanic,3
414,The Avengers,3
414,Iron Man,4
414,Spider-Man,2
414,Pride and Prejudice,4
414,La La Land,5
414,A Star Is Born,4
414,Crazy Rich Asians,4
414,The Fault in Our Stars,4
414,Me Before You,4
414,Superbad,5
414,The Hangover,5
414,Bridesmaids,4
414,Step Brothers,4
414,Anchorman,4
414,Wedding Crashers,5
414,Mean Girls,4
414,21 Jump Street,5
414,Tropic Thunder,4
414,Scream,4
415,The Shawshank Redemption,5
415,The Dark Knight,5
415,Pulp Fiction,4
415,Forrest Gump,4
415,The Matrix,4
415,Goodfellas,4
415,Fight Club,4
415,Inception,4
415,The Silence of the Lambs,3
415,Se7en,4
415,The Usual Suspects,4
415,Gladiator,4
415,Saving Private Ryan,5
415,The Green Mile,4
415,Schindler's List,5
415,Braveheart,4
415,The Departed,4
415,Interstellar,5
415,The Prestige,4
415,Memento,4
415,Django Unchained,4
415,The Lion King,3
415,Toy Story,4
415,Finding Nemo,5
415,Up,4
415,Inside Out,4
415,Frozen,4
415,Moana,4
415,Coco,4
415,WALL-E,4
415,Monsters Inc,5
415,Avatar,3
415,Iron Man,3
415,Spider-Man,3
415,Wonder Woman,2
415,Pride and Prejudice,4
415,The Fault in Our Stars,3
415,Me Before You,3
415,Superbad,3
415,The Hangover,3
415,Step Brothers,3
415,21 Jump Street,2
415,The Conjuring,2
415,It,4
415,The Exorcist,3
416,Pulp Fiction,1
416,Forrest Gump,4
416,Se7en,3
416,Schindler's List,3
416,The Departed,2
416,Toy Story,3
416,Frozen,3
416,Monsters Inc,3
416,Spider-Man,3
416,Batman Begins,3
416,Wonder Woman,3
416,Guardians of the Galaxy,3
416,The Notebook,1
416,La La Land,3
416,A Star Is Born,3
416,Me Before You,4
416,The Hangover,5
416,Bridesmaids,5
416,Step Brothers,5
416,Wedding Crashers,5
416,21 Jump Street,4
416,Tropic Thunder,4
416,The Conjuring,4
416,Get Out,4
416,A Quiet Place,4
416,It,4
416,Hereditary,4
416,The Exorcist,4
416,Halloween,5
416,Scream,5
416,Nightmare on Elm Street,3
417,The Godfather,3
417,Pulp Fiction,3
417,The Matrix,2
417,Fight Club,1
417,Inception,3
417,The Usual Suspects,3
417,Gladiator,3
417,Saving Private Ryan,3
417,The Green Mile,2
417,Schindler's List,1
417,Braveheart,1
417,The Departed,2
417,Memento,3
417,Django Unchained,3
417,The Lion King,5
417,Toy Story,3
417,Finding Nemo,4
417,Up,5
417,Inside Out,4
417,Frozen,4
417,Moana,4
417,Coco,4
417,WALL-E,3
417,Monsters Inc,3
417,Titanic,5
417,Avatar,4
417,The Avengers,4
417,Iron Man,4
417,Spider-Man,4
417,Batman Begins,4
417,Wonder Woman,5
417,Black Panther,4
417,Guardians of the Galaxy,4
417,The Notebook,4
417,La La Land,4
417,A Star Is Born,3
417,Crazy Rich Asians,3
417,Me Before You,3
417,Superbad,2
417,The Hangover,3
417,Bridesmaids,3
417,Step Brothers,2
417,Wedding Crashers,3
417,Tropic Thunder,4
417,The Shining,2
418,The Shawshank Redemption,2
418,The Godfather,2
418,The Dark Knight,2
418,Pulp Fiction,3
418,Forrest Gump,3
418,The Matrix,2
418,Goodfellas,2
418,Fight Club,3
418,The Silence of the Lambs,3
418,Se7en,1
418,The Usual Suspects,3
418,Gladiator,3
418,Saving Private Ryan,1
418,The Green Mile,3
418,Schindler's List,3
418,Braveheart,3
418,The Departed,5
418,Interstellar,4
418,The Prestige,4
418,Django Unchained,3
418,The Lion King,5
418,Toy Story,5
418,Finding Nemo,4
418,Up,4
418,Inside Out,4
418,Frozen,4
418,Moana,4
418,Coco,4
418,WALL-E,5
418,Monsters Inc,4
418,Titanic,5
418,Avatar,5
418,The Avengers,4
418,Iron Man,4
418,Spider-Man,4
418,Batman Begins,4
418,Wonder Woman,2
418,Black Panther,5
418,Guardians of the Galaxy,3
418,The Notebook,5
418,Pride and Prejudice,3
418,La La Land,3
418,Me Before You,3
418,The Hangover,2
418,Bridesmaids,3
418,Step Brothers,3
418,Anchorman,4
418,Wedding Crashers,1
418,Mean Girls,3
418,21 Jump Street,3
418,Tropic Thunder,1
418,Get Out,2
418,A Quiet Place,2
418,It,3
418,The Exorcist,2
418,Halloween,3
418,Scream,3
418,Nightmare on Elm Street,1
419,The Shawshank Redemption,1
419,The Matrix,4
419,The Usual Suspects,3
419,The Green Mile,4
419,Schindler's List,4
419,Braveheart,2
419,Django Unchained,2
419,Toy Story,3
419,Finding Nemo,3
419,Moana,3
419,WALL-E,2
419,Spider-Man,2
419,The Notebook,3
419,A Star Is Born,1
419,Me Before You,2
419,Superbad,2
419,The Hangover,3
419,Bridesmaids,3
419,Step Brothers,5
419,Anchorman,4
419,Wedding Crashers,5
419,Tropic Thunder,4
419,The Conjuring,4
419,Get Out,4
419,A Quiet Place,5
419,It,5
419,Hereditary,4
419,The Exorcist,5
419,The Shining,3
419,Halloween,4
419,Scream,3
419,Nightmare on Elm Street,4
420,The Shawshank Redemption,4
420,The Godfather,3
420,The Dark Knight,3
420,Pulp Fiction,1
420,Forrest Gump,2
420,The Matrix,3
420,Goodfellas,4
420,Fight Club,3
420,Se7en,1
420,The Usual Suspects,1
420,Gladiator,3
420,Schindler's List,1
420,Braveheart,1
420,The Departed,3
420,The Prestige,2
420,Django Unchained,2
420,The Lion King,3
420,Toy Story,2
420,Finding Nemo,3
420,Up,3
420,Inside Out,1
420,Frozen,3
420,Moana,3
420,Coco,3
420,WALL-E,3
420,Titanic,3
420,Avatar,2
420,The Avengers,3
420,Iron Man,3
420,Spider-Man,3
420,Batman Begins,3
420,Wonder Woman,2
420,Guardians of the Galaxy,3
420,The Notebook,2
420,Pride and Prejudice,5
420,La La Land,4
420,A Star Is Born,4
420,Crazy Rich Asians,4
420,The Fault in Our Stars,4
420,Me Before You,4
420,Superbad,4
420,The Hangover,5
420,Bridesmaids,4
420,Step Brothers,4
420,Anchorman,3
420,Wedding Crashers,4
420,Mean Girls,5
420,21 Jump Street,4
420,Tropic Thunder,4
420,The Conjuring,4
420,Get Out,3
420,A Quiet Place,2
420,Hereditary,2
420,The Exorcist,3
420,The Shining,3
420,Halloween,1
420,Scream,1
420,Nightmare on Elm Street,4
421,The Dark Knight,5
421,Pulp Fiction,4
421,Forrest Gump,3
421,Inception,2
421,The Silence of the Lambs,3
421,Se7en,3
421,The Usual Suspects,3
421,Saving Private Ryan,3
421,The Green Mile,2
421,Braveheart,4
421,Interstellar,3
421,The Lion King,4
421,Toy Story,5
421,Finding Nemo,5
421,Up,4
421,Inside Out,4
421,Frozen,5
421,Moana,5
421,Coco,4
421,WALL-E,4
421,Monsters Inc,4
421,Titanic,4
421,Avatar,3
421,The Avengers,4
421,Iron Man,4
421,Spider-Man,4
421,Batman Begins,4
421,Wonder Woman,4
421,Black Panther,3
421,Guardians of the Galaxy,4
421,The Notebook,4
421,Pride and Prejudice,4
421,A Star Is Born,4
421,The Fault in Our Stars,2
421,Me Before You,2
421,Bridesmaids,3
421,Step Brothers,4
421,Mean Girls,3
421,21 Jump Street,3
421,Tropic Thunder,3
421,The Conjuring,4
421,Get Out,4
421,A Quiet Place,3
421,Hereditary,2
421,Halloween,2
421,Scream,3
421,Nightmare on Elm Street,4
422,The Shawshank Redemption,3
422,The Godfather,3
422,Pulp Fiction,3
422,Goodfellas,2
422,The Usual Suspects,3
422,Gladiator,2
422,Saving Private Ryan,4
422,The Green Mile,3
422,Schindler's List,2
422,Interstellar,3
422,Frozen,1
422,Moana,2
422,WALL-E,3
422,Monsters Inc,3
422,Avatar,2
422,The Avengers,2
422,Iron Man,2
422,Black Panther,3
422,Pride and Prejudice,4
422,La La Land,5
422,A Star Is Born,4
422,Crazy Rich Asians,3
422,The Fault in Our Stars,4
422,Me Before You,4
422,Superbad,4
422,The Hangover,4
422,Bridesmaids,4
422,Step Brothers,4
422,Anchorman,4
422,Wedding Crashers,4
422,Mean Girls,4
422,21 Jump Street,4
422,Tropic Thunder,4
422,The Conjuring,3
422,Get Out,3
422,A Quiet Place,3
422,It,3
422,The Exorcist,3
422,The Shining,4
422,Scream,4
423,The Dark Knight,4
423,Pulp Fiction,3
423,Forrest Gump,1
423,Fight Club,3
423,The Silence of the Lambs,4
423,The Green Mile,3
423,The Departed,3
423,Memento,3
423,The Lion King,5
423,Toy Story,4
423,Finding Nemo,4
423,Up,4
423,Inside Out,5
423,Frozen,4
423,Moana,4
423,Coco,4
423,WALL-E,4
423,Monsters Inc,3
423,Titanic,4
423,Avatar,4
423,The Avengers,5
423,Iron Man,4
423,Spider-Man,4
423,Batman Begins,4
423,Wonder Woman,5
423,Black Panther,4
423,Guardians of the Galaxy,4
423,The Notebook,5
423,La La Land,3
423,Crazy Rich Asians,3
423,Me Before You,3
423,Step Brothers,4
423,Anchorman,2
423,Wedding Crashers,3
423,Tropic Thunder,4
423,Get Out,3
423,Hereditary,2
423,Halloween,3
424,The Shawshank Redemption,2
424,The Godfather,4
424,The Dark Knight,3
424,Pulp Fiction,2
424,The Matrix,3
424,Fight Club,2
424,Inception,4
424,The Green Mile,3
424,Interstellar,3
424,The Prestige,3
424,Memento,2
424,Django Unchained,4
424,The Lion King,4
424,Toy Story,4
424,Finding Nemo,4
424,Up,5
424,Inside Out,4
424,Frozen,4
424,Moana,4
424,Coco,5
424,WALL-E,4
424,Monsters Inc,4
424,Titanic,5
424,Avatar,5
424,The Avengers,4
424,Iron Man,4
424,Spider-Man,5
424,Batman Begins,5
424,Wonder Woman,4
424,Black Panther,3
424,Guardians of the Galaxy,3
424,The Notebook,4
424,Pride and Prejudice,3
424,La La Land,3
424,Crazy Rich Asians,3
424,The Fault in Our Stars,3
424,Step Brothers,3
424,Anchorman,2
424,Wedding Crashers,3
424,21 Jump Street,3
424,The Conjuring,1
424,A Quiet Place,3
424,Hereditary,3
424,The Shining,4
424,Halloween,1
424,Scream,2
425,The Godfather,1
425,The Dark Knight,1
425,Pulp Fiction,3
425,Forrest Gump,2
425,The Matrix,4
425,Goodfellas,4
425,The Silence of the Lambs,2
425,The Usual Suspects,4
425,Gladiator,3
425,Saving Private Ryan,1
425,The Green Mile,3
425,Schindler's List,2
425,Braveheart,2
425,The Departed,3
425,Interstellar,1
425,The Prestige,3
425,Django Unchained,3
425,The Lion King,3
425,Finding Nemo,3
425,Up,4
425,Inside Out,4
425,Frozen,2
425,Moana,2
425,Coco,3
425,Monsters Inc,3
425,Titanic,4
425,Avatar,5
425,The Avengers,4
425,Iron Man,4
425,Spider-Man,5
425,Batman Begins,5
425,Wonder Woman,4
425,Black Panther,4
425,Guardians of the Galaxy,5
425,The Notebook,5
425,Pride and Prejudice,4
425,La La Land,4
425,A Star Is Born,4
425,Crazy Rich Asians,5
425,The Fault in Our Stars,5
425,Me Before You,4
425,Superbad,5
425,The Hangover,2
425,Bridesmaids,3
425,Step Brothers,2
425,Anchorman,3
425,Wedding Crashers,4
425,Mean Girls,2
425,21 Jump Street,4
425,The Conjuring,3
425,Get Out,2
425,It,3
425,Hereditary,4
425,The Exorcist,2
425,Halloween,2
425,Scream,3
425,Nightmare on Elm Street,1
426,The Godfather,4
426,The Dark Knight,2
426,The Matrix,3
426,Inception,3
426,Gladiator,1
426,Saving Private Ryan,3
426,The Departed,4
426,The Lion King,4
426,Toy Story,3
426,Finding Nemo,4
426,Up,4
426,Inside Out,4
426,Frozen,3
426,Moana,4
426,Coco,2
426,WALL-E,4
426,Monsters Inc,4
426,Titanic,4
426,Avatar,5
426,The Avengers,5
426,Iron Man,3
426,Spider-Man,5
426,Batman Begins,4
426,Wonder Woman,4
426,Black Panther,4
426,Guardians of the Galaxy,4
426,The Notebook,5
426,La La Land,2
426,The Fault in Our Stars,1
426,Bridesmaids,3
426,The Exorcist,3
426,Scream,2
427,The Shawshank Redemption,3
427,The Godfather,4
427,The Dark Knight,4
427,Pulp Fiction,4
427,Forrest Gump,4
427,The Matrix,4
427,Goodfellas,4
427,Fight Club,4
427,Inception,4
427,The Silence of the Lambs,5
427,Se7en,5
427,The Usual Suspects,4
427,Gladiator,5
427,Saving Private Ryan,4
427,The Green Mile,5
427,Schindler's List,4
427,Braveheart,4
427,The Departed,4
427,Interstellar,5
427,The Prestige,5
427,Memento,5
427,Django Unchained,4
427,The Lion King,4
427,Toy Story,5
427,Finding Nemo,2
427,Up,4
427,Inside Out,4
427,Frozen,4
427,Moana,5
427,Coco,4
427,WALL-E,5
427,Monsters Inc,3
427,Avatar,3
427,Spider-Man,2
427,Batman Begins,1
427,Wonder Woman,3
427,Black Panther,4
427,Pride and Prejudice,3
427,A Star Is Born,2
427,Crazy Rich Asians,4
427,The Fault in Our Stars,4
427,Me Before You,3
427,Superbad,3
427,The Hangover,2
427,Bridesmaids,3
427,It,2
427,Hereditary,3
427,The Exorcist,3
427,The Shining,3
427,Halloween,2
427,Scream,3
427,Nightmare on Elm Street,3
428,The Shawshank Redemption,3
428,Inception,4
428,The Silence of the Lambs,2
428,Schindler's List,3
428,Braveheart,1
428,Finding Nemo,3
428,Coco,3
428,Monsters Inc,3
428,Iron Man,2
428,Wonder Woman,3
428,Guardians of the Galaxy,3
428,The Notebook,1
428,La La Land,2
428,Crazy Rich Asians,4
428,Me Before You,3
428,The Hangover,4
428,Bridesmaids,4
428,Step Brothers,5
428,Anchorman,4
428,Mean Girls,4
428,21 Jump Street,4
428,Tropic Thunder,4
428,The Conjuring,5
428,Get Out,4
428,A Quiet Place,4
428,It,4
428,Hereditary,5
428,The Exorcist,5
428,The Shining,4
428,Halloween,4
428,Scream,4
428,Nightmare on Elm Street,3
429,The Shawshank Redemption,3
429,The Godfather,1
429,The Dark Knight,4
429,Pulp Fiction,1
429,The Matrix,3
429,Goodfellas,4
429,Inception,2
429,The Silence of the Lambs,3
429,Se7en,2
429,The Usual Suspects,1
429,The Green Mile,4
429,Schindler's List,3
429,Braveheart,2
429,The Departed,3
429,Interstellar,1
429,The Prestige,3
429,Memento,3
429,Django Unchained,2
429,The Lion King,2
429,Finding Nemo,3
429,Up,3
429,Inside Out,2
429,Frozen,2
429,Moana,1
429,Coco,3
429,Monsters Inc,3
429,Avatar,3
429,The Avengers,3
429,Iron Man,3
429,Batman Begins,4
429,The Notebook,4
429,La La Land,3
429,A Star Is Born,4
429,Crazy Rich Asians,3
429,The Fault in Our Stars,2
429,Me Before You,3
429,Superbad,3
429,The Hangover,4
429,Bridesmaids,5
429,Step Brothers,4
429,Anchorman,4
429,Wedding Crashers,5
429,Mean Girls,4
429,21 Jump Street,4
429,Tropic Thunder,5
429,The Conjuring,4
429,Get Out,5
429,A Quiet Place,4
429,It,4
429,Hereditary,4
429,The Exorcist,4
429,The Shining,5
429,Halloween,4
429,Scream,4
429,Nightmare on Elm Street,3
430,The Shawshank Redemption,4
430,Pulp Fiction,3
430,Forrest Gump,3
430,Goodfellas,3
430,Inception,1
430,The Silence of the Lambs,4
430,Gladiator,3
430,Saving Private Ryan,3
430,The Green Mile,2
430,Schindler's List,3
430,Interstellar,3
430,The Prestige,3
430,Memento,2
430,Django Unchained,3
430,Moana,3
430,Coco,2
430,The Avengers,2
430,Iron Man,2
430,Wonder Woman,3
430,Black Panther,3
430,Guardians of the Galaxy,2
430,The Notebook,2
430,Pride and Prejudice,4
430,La La Land,4
430,A Star Is Born,3
430,Crazy Rich Asians,4
430,The Fault in Our Stars,5
430,Me Before You,4
430,Superbad,4
430,The Hangover,5
430,Bridesmaids,4
430,Step Brothers,5
430,Anchorman,3
430,Wedding Crashers,4
430,Mean Girls,4
430,21 Jump Street,4
430,Tropic Thunder,4
430,The Conjuring,3
430,A Quiet Place,2
430,Hereditary,3
430,The Exorcist,3
430,The Shining,3
430,Scream,3
431,The Godfather,3
431,The Matrix,3
431,The Silence of the Lambs,2
431,Gladiator,3
431,Saving Private Ryan,3
431,The Green Mile,3
431,The Departed,1
431,The Prestige,3
431,Memento,3
431,The Lion King,4
431,Toy Story,4
431,Finding Nemo,5
431,Up,3
431,Moana,4
431,Coco,5
431,Monsters Inc,5
431,Titanic,5
431,Avatar,4
431,The Avengers,4
431,Iron Man,5
431,Spider-Man,4
431,Batman Begins,4
431,Wonder Woman,5
431,Black Panther,4
431,Guardians of the Galaxy,3
431,The Notebook,4
431,La La Land,3
431,The Hangover,1
431,A Quiet Place,3
431,The Exorcist,2
431,The Shining,2
432,The Shawshank Redemption,4
432,The Godfather,4
432,The Dark Knight,4
432,Pulp Fiction,4
432,Forrest Gump,5
432,The Matrix,5
432,Goodfellas,4
432,Fight Club,4
432,Inception,4
432,The Silence of the Lambs,4
432,Se7en,4
432,The Usual Suspects,4
432,Gladiator,4
432,Saving Private Ryan,4
432,The Green Mile,5
432,Schindler's List,4
432,Braveheart,4
432,The Departed,4
432,Interstellar,5
432,The Prestige,5
432,Memento,4
432,Django Unchained,3
432,The Lion King,4
432,Toy Story,4
432,Finding Nemo,4
432,Up,5
432,Inside Out,3
432,Frozen,4
432,Moana,5
432,Coco,4
432,WALL-E,3
432,Monsters Inc,4
432,Avatar,4
432,Spider-Man,1
432,Wonder Woman,2
432,Black Panther,2
432,Guardians of the Galaxy,3
432,La La Land,3
432,Me Before You,2
432,Superbad,1
432,Bridesmaids,3
432,Anchorman,4
432,Mean Girls,3
432,21 Jump Street,2
432,A Quiet Place,3
432,The Shining,3
433,The Shawshank Redemption,3
433,The Dark Knight,2
433,Goodfellas,4
433,Fight Club,2
433,Inception,3
433,The Silence of the Lambs,3
433,The Usual Suspects,2
433,Gladiator,1
433,Saving Private Ryan,1
433,Schindler's List,1
433,The Prestige,3
433,Memento,3
433,Django Unchained,2
433,Toy Story,4
433,Finding Nemo,3
433,Up,3
433,Inside Out,3
433,Coco,3
433,Titanic,1
433,Spider-Man,3
433,Batman Begins,2
433,Wonder Woman,3
433,Black Panther,3
433,Guardians of the Galaxy,3
433,Pride and Prejudice,4
433,La La Land,4
433,A Star Is Born,4
433,Crazy Rich Asians,4
433,The Fault in Our Stars,5
433,Me Before You,5
433,Superbad,4
433,The Hangover,5
433,Bridesmaids,4
433,Step Brothers,5
433,Anchorman,4
433,Wedding Crashers,4
433,Mean Girls,3
433,21 Jump Street,4
433,Tropic Thunder,4
433,A Quiet Place,3
433,It,3
433,The Exorcist,3
433,The Shining,2
434,The Matrix,3
434,Fight Club,3
434,Inception,4
434,The Silence of the Lambs,1
434,Se7en,2
434,The Usual Suspects,2
434,Gladiator,1
434,Braveheart,3
434,The Departed,2
434,The Prestige,1
434,Memento,4
434,The Lion King,3
434,Inside Out,3
434,Frozen,3
434,Moana,3
434,Titanic,4
434,Avatar,3
434,The Avengers,5
434,Iron Man,4
434,Spider-Man,4
434,Batman Begins,4
434,Wonder Woman,4
434,Black Panther,4
434,Guardians of the Galaxy,4
434,The Notebook,5
434,Pride and Prejudice,4
434,La La Land,3
434,A Star Is Born,4
434,Crazy Rich Asians,5
434,The Fault in Our Stars,5
434,Me Before You,4
434,Superbad,5
434,Tropic Thunder,3
434,The Conjuring,2
434,Hereditary,2
434,The Exorcist,1
434,The Shining,3
434,Nightmare on Elm Street,4
435,Pulp Fiction,3
435,Goodfellas,3
435,Fight Club,3
435,The Departed,3
435,Interstellar,2
435,Memento,2
435,The Lion King,3
435,Up,3
435,Batman Begins,3
435,Black Panther,2
435,Pride and Prejudice,4
435,La La Land,4
435,A Star Is Born,4
435,Crazy Rich Asians,3
435,The Fault in Our Stars,4
435,Me Before You,4
435,Superbad,3
435,The Hangover,5
435,Bridesmaids,4
435,Step Brothers,4
435,Anchorman,4
435,Wedding Crashers,4
435,Mean Girls,5
435,21 Jump Street,4
435,Tropic Thunder,4
435,Get Out,3
435,A Quiet Place,3
435,It,3
435,The Shining,3
435,Halloween,3
436,The Godfather,2
436,Forrest Gump,3
436,Fight Club,2
436,Inception,3
436,Saving Private Ryan,2
436,Schindler's List,3
436,Memento,4
436,The Lion King,3
436,Toy Story,3
436,Finding Nemo,4
436,Up,3
436,Inside Out,2
436,Moana,3
436,The Notebook,3
436,Pride and Prejudice,4
436,La La Land,4
436,A Star Is Born,4
436,Crazy Rich Asians,4
436,The Fault in Our Stars,4
436,Me Before You,5
436,Superbad,4
436,The Hangover,4
436,Bridesmaids,4
436,Step Brothers,4
436,Anchorman,4
436,Wedding Crashers,3
436,Mean Girls,5
436,21 Jump Street,4
436,Tropic Thunder,4
436,The Conjuring,3
436,Hereditary,2
436,The Exorcist,3
436,Halloween,2
436,Scream,4
437,The Shawshank Redemption,3
437,The Godfather,3
437,The Dark Knight,4
437,Pulp Fiction,1
437,The Silence of the Lambs,2
437,Se7en,3
437,Gladiator,1
437,Schindler's List,3
437,Braveheart,3
437,The Departed,3
437,Interstellar,3
437,The Prestige,4
437,Memento,3
437,Django Unchained,3
437,The Lion King,4
437,Toy Story,3
437,Finding Nemo,4
437,Up,4
437,Inside Out,2
437,Frozen,5
437,Moana,4
437,Coco,4
437,WALL-E,4
437,Monsters Inc,5
437,Titanic,4
437,Avatar,5
437,The Avengers,4
437,Iron Man,4
437,Spider-Man,5
437,Batman Begins,4
437,Wonder Woman,5
437,Black Panther,4
437,Guardians of the Galaxy,4
437,The Notebook,3
437,Pride and Prejudice,3
437,La La Land,1
437,Crazy Rich Asians,3
437,The Fault in Our Stars,3
437,Me Before You,3
437,The Hangover,3
437,Bridesmaids,3
437,Step Brothers,3
437,Anchorman,3
437,Wedding Crashers,2
437,Mean Girls,1
437,21 Jump Street,3
437,Tropic Thunder,3
437,The Conjuring,3
437,Get Out,1
437,A Quiet Place,3
437,Hereditary,3
437,The Exorcist,3
437,The Shining,3
437,Scream,3
438,The Shawshank Redemption,4
438,The Dark Knight,1
438,The Matrix,3
438,Goodfellas,3
438,The Silence of the Lambs,3
438,Se7en,3
438,The Usual Suspects,2
438,Gladiator,2
438,Saving Private Ryan,3
438,The Green Mile,3
438,Schindler's List,3
438,Braveheart,3
438,Interstellar,3
438,The Prestige,3
438,The Lion King,2
438,Finding Nemo,4
438,Frozen,3
438,WALL-E,1
438,Titanic,4
438,Avatar,4
438,The Avengers,4
438,Iron Man,3
438,Spider-Man,4
438,Batman Begins,4
438,Wonder Woman,3
438,Black Panther,4
438,Guardians of the Galaxy,4
438,The Notebook,4
438,Pride and Prejudice,4
438,La La Land,4
438,A Star Is Born,5
438,Crazy Rich Asians,4
438,The Fault in Our Stars,3
438,Me Before You,5
438,Superbad,4
438,The Hangover,4
438,Bridesmaids,2
438,Anchorman,2
438,Wedding Crashers,2
438,Mean Girls,4
438,21 Jump Street,3
438,A Quiet Place,3
438,It,3
438,Hereditary,3
438,The Shining,1
438,Halloween,2
438,Nightmare on Elm Street,4
439,The Shawshank Redemption,3
439,Pulp Fiction,2
439,Forrest Gump,3
439,Goodfellas,3
439,Inception,4
439,The Silence of the Lambs,4
439,Saving Private Ryan,3
439,The Green Mile,3
439,Schindler's List,2
439,The Departed,1
439,The Prestige,2
439,The Lion King,2
439,Toy Story,4
439,Up,3
439,Inside Out,3
439,Frozen,1
439,Moana,2
439,Coco,3
439,Monsters Inc,3
439,Avatar,1
439,The Avengers,2
439,Batman Begins,5
439,Guardians of the Galaxy,1
439,The Notebook,1
439,Pride and Prejudice,4
439,La La Land,3
439,A Star Is Born,4
439,Crazy Rich Asians,5
439,The Fault in Our Stars,4
439,Me Before You,4
439,Superbad,5
439,The Hangover,5
439,Bridesmaids,3
439,Step Brothers,5
439,Anchorman,5
439,Wedding Crashers,4
439,Mean Girls,5
439,21 Jump Street,4
439,Tropic Thunder,4
439,The Shining,3
440,The Shawshank Redemption,4
440,The Godfather,4
440,The Dark Knight,4
440,Pulp Fiction,4
440,Forrest Gump,4
440,The Matrix,4
440,Goodfellas,4
440,Fight Club,5
440,Inception,4
440,The Silence of the Lambs,4
440,Se7en,5
440,The Usual Suspects,4
440,Gladiator,4
440,Saving Private Ryan,5
440,The Green Mile,3
440,Schindler's List,4
440,Braveheart,4
440,The Departed,3
440,Interstellar,5
440,The Prestige,4
440,Memento,4
440,Django Unchained,2
440,The Lion King,4
440,Toy Story,4
440,Finding Nemo,4
440,Up,4
440,Inside Out,3
440,Frozen,2
440,Moana,5
440,Coco,4
440,WALL-E,4
440,Monsters Inc,5
440,Titanic,2
440,The Avengers,1
440,Wonder Woman,3
440,Black Panther,4
440,Guardians of the Galaxy,3
440,The Notebook,3
440,La La Land,2
440,A Star Is Born,3
440,Crazy Rich Asians,3
440,Superbad,3
440,Bridesmaids,2
440,Anchorman,3
440,Wedding Crashers,3
440,Mean Girls,2
440,21 Jump Street,2
440,Tropic Thunder,3
440,The Conjuring,2
440,Get Out,4
440,A Quiet Place,1
440,It,4
440,The Exorcist,4
440,Halloween,1
440,Nightmare on Elm Street,2
441,The Shawshank Redemption,5
441,The Godfather,4
441,The Dark Knight,5
441,Forrest Gump,4
441,The Matrix,3
441,Goodfellas,4
441,Inception,5
441,The Silence of the Lambs,4
441,Se7en,4
441,The Usual Suspects,5
441,Saving Private Ryan,5
441,The Green Mile,3
441,The Departed,4
441,Interstellar,5
441,Django Unchained,5
441,Toy Story,4
441,Finding Nemo,4
441,Inside Out,5
441,Frozen,4
441,Moana,3
441,Coco,4
441,WALL-E,4
441,Monsters Inc,4
441,Guardians of the Galaxy,4
441,Pride and Prejudice,3
441,A Star Is Born,3
441,Step Brothers,3
441,Anchorman,3
441,Wedding Crashers,3
441,21 Jump Street,2
441,Tropic Thunder,3
441,Hereditary,2
442,The Dark Knight,4
442,Forrest Gump,3
442,Fight Club,3
442,Inception,3
442,The Usual Suspects,3
442,Saving Private Ryan,3
442,Up,3
442,Inside Out,5
442,Frozen,3
442,Avatar,3
442,Iron Man,1
442,Wonder Woman,3
442,Pride and Prejudice,3
442,A Star Is Born,3
442,The Fault in Our Stars,3
442,Me Before You,3
442,The Hangover,4
442,Bridesmaids,4
442,Step Brothers,4
442,Anchorman,5
442,Wedding Crashers,4
442,Mean Girls,3
442,21 Jump Street,4
442,Tropic Thunder,4
442,The Conjuring,5
442,Get Out,4
442,A Quiet Place,5
442,It,4
442,Hereditary,4
442,The Exorcist,5
442,The Shining,4
442,Halloween,4
442,Scream,5
442,Nightmare on Elm Street,5
443,The Godfather,3
443,Fight Club,3
443,The Silence of the Lambs,4
443,Gladiator,3
443,The Prestige,3
443,Django Unchained,3
443,Toy Story,3
443,Up,3
443,Inside Out,4
443,Moana,3
443,Coco,1
443,Monsters Inc,4
443,Titanic,4
443,Avatar,4
443,The Avengers,4
443,Iron Man,3
443,Spider-Man,4
443,Batman Begins,5
443,Wonder Woman,5
443,Black Panther,4
443,Guardians of the Galaxy,4
443,The Notebook,4
443,Pride and Prejudice,5
443,La La Land,3
443,A Star Is Born,4
443,Crazy Rich Asians,5
443,The Fault in Our Stars,3
443,Me Before You,3
443,Superbad,4
443,Bridesmaids,3
443,Anchorman,4
443,Mean Girls,4
443,Tropic Thunder,3
443,The Conjuring,2
443,Get Out,3
443,A Quiet Place,3
443,It,1
443,Hereditary,2
443,The Shining,4
443,Halloween,1
443,Scream,3
444,The Shawshank Redemption,3
444,The Godfather,4
444,The Dark Knight,3
444,Forrest Gump,3
444,The Matrix,1
444,Fight Club,2
444,Inception,4
444,The Silence of the Lambs,3
444,The Usual Suspects,3
444,Saving Private Ryan,2
444,The Green Mile,4
444,Schindler's List,3
444,Interstellar,2
444,The Prestige,2
444,Django Unchained,2
444,The Lion King,3
444,Finding Nemo,3
444,Up,3
444,Frozen,3
444,Moana,3
444,Coco,4
444,WALL-E,3
444,Monsters Inc,3
444,Titanic,5
444,Avatar,4
444,The Avengers,3
444,Iron Man,5
444,Spider-Man,5
444,Batman Begins,4
444,Wonder Woman,4
444,Black Panther,5
444,Guardians of the Galaxy,4
444,The Notebook,4
444,Pride and Prejudice,4
444,La La Land,4
444,A Star Is Born,4
444,Crazy Rich Asians,4
444,The Fault in Our Stars,3
444,Me Before You,5
444,Superbad,4
444,The Hangover,3
444,Anchorman,3
444,Wedding Crashers,3
444,Mean Girls,3
444,21 Jump Street,2
444,The Conjuring,3
444,Get Out,3
444,It,2
444,Scream,3
445,The Shawshank Redemption,3
445,The Godfather,4
445,The Dark Knight,2
445,Pulp Fiction,2
445,Forrest Gump,4
445,Goodfellas,2
445,Fight Club,3
445,Inception,2
445,Se7en,3
445,Gladiator,3
445,Saving Private Ryan,3
445,The Green Mile,2
445,Schindler's List,3
445,Braveheart,3
445,The Departed,3
445,Interstellar,3
445,The Prestige,2
445,Memento,3
445,Django Unchained,2
445,The Lion King,1
445,Toy Story,3
445,Finding Nemo,4
445,Inside Out,2
445,Frozen,4
445,Coco,3
445,WALL-E,1
445,Monsters Inc,3
445,Titanic,1
445,Avatar,3
445,The Avengers,4
445,Iron Man,3
445,Batman Begins,2
445,Wonder Woman,3
445,Black Panther,1
445,The Notebook,3
445,Pride and Prejudice,3
445,La La Land,4
445,Crazy Rich Asians,2
445,The Fault in Our Stars,3
445,Me Before You,4
445,Superbad,4
445,The Hangover,4
445,Bridesmaids,4
445,Step Brothers,4
445,Anchorman,4
445,Wedding Crashers,4
445,Mean Girls,4
445,21 Jump Street,5
445,Tropic Thunder,4
445,The Conjuring,4
445,Get Out,4
445,A Quiet Place,4
445,It,4
445,Hereditary,4
445,The Exorcist,4
445,The Shining,4
445,Halloween,5
445,Scream,4
445,Nightmare on Elm Street,3
446,The Shawshank Redemption,1
446,The Godfather,3
446,The Dark Knight,3
446,Pulp Fiction,3
446,Forrest Gump,1
446,The Matrix,3
446,Inception,3
446,The Silence of the Lambs,2
446,Se7en,4
446,The Usual Suspects,4
446,Gladiator,4
446,Saving Private Ryan,4
446,The Green Mile,4
446,Schindler's List,1
446,Braveheart,3
446,The Departed,3
446,Interstellar,1
446,The Prestige,3
446,Memento,2
446,Django Unchained,4
446,The Lion King,3
446,Finding Nemo,3
446,Inside Out,3
446,Frozen,2
446,Moana,3
446,Coco,2
446,WALL-E,3
446,Titanic,1
446,Avatar,3
446,The Avengers,1
446,Spider-Man,3
446,Batman Begins,4
446,Guardians of the Galaxy,3
446,The Notebook,3
446,Pride and Prejudice,4
446,La La Land,3
446,A Star Is Born,4
446,Crazy Rich Asians,4
446,The Fault in Our Stars,4
446,Me Before You,4
446,Superbad,5
446,The Hangover,5
446,Bridesmaids,5
446,Step Brothers,3
446,Anchorman,3
446,Wedding Crashers,5
446,Mean Girls,5
446,21 Jump Street,4
446,Tropic Thunder,4
446,The Conjuring,2
446,Get Out,3
446,A Quiet Place,3
446,It,3
446,Hereditary,4
446,The Exorcist,4
446,The Shining,3
446,Halloween,4
446,Scream,3
446,Nightmare on Elm Street,4
447,The Shawshank Redemption,3
447,The Godfather,3
447,The Dark Knight,3
447,Pulp Fiction,2
447,Forrest Gump,3
447,The Matrix,3
447,Goodfellas,4
447,Fight Club,3
447,Inception,3
447,The Silence of the Lambs,3
447,Se7en,3
447,The Usual Suspects,2
447,Gladiator,3
447,The Green Mile,3
447,Schindler's List,3
447,Braveheart,2
447,The Departed,2
447,The Prestige,3
447,Memento,4
447,Django Unchained,3
447,The Lion King,3
447,Toy Story,2
447,Finding Nemo,3
447,Inside Out,2
447,Frozen,3
447,Moana,2
447,Coco,4
447,WALL-E,3
447,Titanic,4
447,Avatar,4
447,The Avengers,3
447,Iron Man,4
447,Spider-Man,5
447,Batman Begins,5
447,Wonder Woman,4
447,Black Panther,4
447,Guardians of the Galaxy,4
447,The Notebook,3
447,Pride and Prejudice,4
447,La La Land,4
447,A Star Is Born,5
447,Crazy Rich Asians,4
447,The Fault in Our Stars,4
447,Me Before You,5
447,Superbad,4
447,The Hangover,4
447,Bridesmaids,3
447,Step Brothers,2
447,Anchorman,3
447,Mean Girls,2
447,Tropic Thunder,1
447,Get Out,1
447,A Quiet Place,3
447,It,3
447,Hereditary,2
447,The Shining,3
447,Scream,1
447,Nightmare on Elm Street,2
448,The Shawshank Redemption,3
448,The Godfather,4
448,The Dark Knight,4
448,Pulp Fiction,5
448,Forrest Gump,4
448,The Matrix,4
448,Goodfellas,4
448,Fight Club,5
448,Inception,4
448,The Silence of the Lambs,5
448,Se7en,4
448,The Usual Suspects,4
448,Gladiator,4
448,The Green Mile,4
448,Schindler's List,4
448,Braveheart,4
448,The Departed,4
448,Interstellar,3
448,The Prestige,4
448,Memento,4
448,Django Unchained,4
448,The Lion King,4
448,Toy Story,3
448,Finding Nemo,4
448,Up,4
448,Inside Out,4
448,Frozen,4
448,Moana,4
448,Coco,4
448,WALL-E,4
448,Monsters Inc,4
448,Iron Man,2
448,Batman Begins,4
448,Black Panther,4
448,Guardians of the Galaxy,2
448,The Notebook,3
448,Pride and Prejudice,2
448,Me Before You,2
448,Wedding Crashers,3
448,Mean Girls,2
448,Tropic Thunder,3
448,The Conjuring,3
448,It,3
448,The Exorcist,3
448,Halloween,2
449,The Shawshank Redemption,4
449,The Godfather,3
449,The Dark Knight,4
449,Pulp Fiction,4
449,Forrest Gump,3
449,The Matrix,4
449,Goodfellas,4
449,Fight Club,3
449,Inception,4
449,The Silence of the Lambs,4
449,Se7en,4
449,The Usual Suspects,4
449,Gladiator,4
449,Saving Private Ryan,4
449,The Green Mile,3
449,Schindler's List,4
449,Braveheart,4
449,The Departed,4
449,Interstellar,4
449,The Prestige,4
449,Memento,5
449,Django Unchained,5
449,The Lion King,4
449,Toy Story,4
449,Finding Nemo,4
449,Up,5
449,Inside Out,4
449,Frozen,4
449,Moana,4
449,Coco,3
449,WALL-E,4
449,Monsters Inc,4
449,Titanic,3
449,Avatar,1
449,The Avengers,3
449,Spider-Man,3
449,Batman Begins,2
449,Wonder Woman,2
449,Black Panther,3
449,Guardians of the Galaxy,3
449,The Notebook,3
449,La La Land,4
449,A Star Is Born,2
449,Crazy Rich Asians,3
449,The Fault in Our Stars,4
449,Superbad,3
449,The Hangover,3
449,Bridesmaids,3
449,Wedding Crashers,3
449,21 Jump Street,2
449,Tropic Thunder,2
449,The Conjuring,4
449,Get Out,3
449,A Quiet Place,2
449,It,3
449,Hereditary,3
449,The Exorcist,1
449,The Shining,4
450,The Godfather,3
450,The Dark Knight,2
450,Forrest Gump,3
450,The Matrix,3
450,Fight Club,4
450,The Silence of the Lambs,3
450,The Usual Suspects,4
450,Gladiator,4
450,Saving Private Ryan,5
450,Schindler's List,1
450,The Departed,3
450,Memento,4
450,Django Unchained,4
450,The Lion King,4
450,Toy Story,4
450,Finding Nemo,4
450,Up,5
450,Inside Out,4
450,Frozen,4
450,Moana,4
450,Coco,4
450,Monsters Inc,4
450,Titanic,4
450,Avatar,4
450,The Avengers,4
450,Iron Man,4
450,Spider-Man,4
450,Batman Begins,4
450,Wonder Woman,4
450,Black Panther,4
450,Guardians of the Galaxy,3
450,The Notebook,4
450,A Star Is Born,3
450,The Fault in Our Stars,3
450,Superbad,4
450,The Conjuring,2
450,Get Out,3
450,A Quiet Place,2
450,Hereditary,2
450,The Exorcist,4
450,Halloween,2
450,Scream,3
451,The Shawshank Redemption,2
451,The Dark Knight,2
451,Pulp Fiction,3
451,Goodfellas,1
451,Fight Club,1
451,Inception,3
451,The Silence of the Lambs,2
451,Se7en,4
451,The Usual Suspects,1
451,Gladiator,3
451,Schindler's List,4
451,Braveheart,3
451,Interstellar,1
451,Django Unchained,2
451,The Lion King,3
451,Toy Story,1
451,Finding Nemo,1
451,Up,3
451,Inside Out,2
451,Frozen,4
451,Moana,1
451,Coco,1
451,WALL-E,2
451,Monsters Inc,3
451,Titanic,4
451,Avatar,4
451,The Avengers,4
451,Iron Man,4
451,Spider-Man,5
451,Batman Begins,5
451,Wonder Woman,4
451,Black Panther,4
451,Guardians of the Galaxy,5
451,The Notebook,5
451,Pride and Prejudice,3
451,La La Land,4
451,A Star Is Born,4
451,Crazy Rich Asians,4
451,The Fault in Our Stars,4
451,Me Before You,3
451,Superbad,3
451,The Hangover,3
451,Bridesmaids,2
451,Step Brothers,3
451,Anchorman,4
451,Wedding Crashers,3
451,21 Jump Street,4
451,Tropic Thunder,3
451,The Conjuring,3
451,Get Out,1
451,Hereditary,4
451,The Shining,2
451,Halloween,1
451,Nightmare on Elm Street,1
452,The Shawshank Redemption,4
452,The Godfather,1
452,The Dark Knight,3
452,Pulp Fiction,3
452,Forrest Gump,3
452,The Matrix,4
452,Goodfellas,3
452,Fight Club,3
452,The Silence of the Lambs,4
452,Se7en,3
452,The Usual Suspects,2
452,Gladiator,4
452,Saving Private Ryan,3
452,The Green Mile,3
452,Braveheart,3
452,The Departed,4
452,Interstellar,1
452,Django Unchained,3
452,The Lion King,3
452,Toy Story,3
452,Finding Nemo,2
452,Inside Out,3
452,Frozen,3
452,Coco,3
452,WALL-E,4
452,Monsters Inc,3
452,Titanic,2
452,Avatar,1
452,The Avengers,3
452,Spider-Man,2
452,Batman Begins,3
452,Wonder Woman,4
452,Black Panther,3
452,Guardians of the Galaxy,3
452,The Notebook,4
452,Pride and Prejudice,5
452,La La Land,4
452,A Star Is Born,5
452,Crazy Rich Asians,4
452,The Fault in Our Stars,3
452,Me Before You,4
452,Superbad,4
452,The Hangover,3
452,Bridesmaids,4
452,Step Brothers,5
452,Anchorman,5
452,Wedding Crashers,4
452,Mean Girls,5
452,21 Jump Street,4
452,Tropic Thunder,4
452,The Conjuring,2
452,Get Out,3
452,A Quiet Place,3
452,It,3
452,Hereditary,2
452,The Exorcist,4
452,The Shining,3
452,Halloween,2
452,Nightmare on Elm Street,2
453,The Shawshank Redemption,1
453,The Dark Knight,1
453,The Matrix,3
453,Inception,3
453,Se7en,3
453,The Usual Suspects,4
453,Gladiator,4
453,Saving Private Ryan,3
453,The Green Mile,1
453,Schindler's List,3
453,Braveheart,3
453,Memento,1
453,Django Unchained,2
453,The Lion King,2
453,Frozen,2
453,Moana,3
453,Coco,3
453,WALL-E,3
453,Iron Man,2
453,Spider-Man,1
453,Batman Begins,1
453,Black Panther,3
453,The Notebook,3
453,La La Land,2
453,Me Before You,3
453,The Hangover,5
453,Bridesmaids,5
453,Step Brothers,3
453,Anchorman,4
453,Wedding Crashers,4
453,Mean Girls,4
453,21 Jump Street,4
453,Tropic Thunder,4
453,The Conjuring,4
453,Get Out,4
453,A Quiet Place,4
453,It,5
453,Hereditary,4
453,The Exorcist,4
453,The Shining,4
453,Halloween,4
453,Scream,4
453,Nightmare on Elm Street,5
454,The Shawshank Redemption,3
454,Pulp Fiction,1
454,Forrest Gump,2
454,Goodfellas,1
454,Fight Club,4
454,Inception,1
454,The Silence of the Lambs,3
454,The Green Mile,4
454,Schindler's List,3
454,The Departed,4
454,Django Unchained,3
454,Toy Story,3
454,Up,3
454,Inside Out,4
454,Coco,2
454,Avatar,3
454,The Avengers,1
454,Iron Man,1
454,Wonder Woman,1
454,Black Panther,3
454,Guardians of the Galaxy,3
454,Pride and Prejudice,3
454,A Star Is Born,3
454,The Fault in Our Stars,3
454,Me Before You,3
454,Superbad,3
454,The Hangover,4
454,Bridesmaids,4
454,Step Brothers,4
454,Anchorman,4
454,Wedding Crashers,3
454,Mean Girls,4
454,21 Jump Street,5
454,Tropic Thunder,4
454,The Conjuring,4
454,Get Out,4
454,A Quiet Place,4
454,It,4
454,Hereditary,5
454,The Exorcist,3
454,The Shining,4
454,Halloween,4
454,Scream,3
454,Nightmare on Elm Street,4
455,The Dark Knight,2
455,Pulp Fiction,3
455,Forrest Gump,3
455,The Matrix,3
455,Goodfellas,4
455,Fight Club,2
455,Inception,3
455,The Silence of the Lambs,2
455,Se7en,3
455,The Usual Suspects,3
455,Gladiator,3
455,Saving Private Ryan,3
455,The Green Mile,3
455,Braveheart,3
455,The Departed,2
455,The Prestige,1
455,Memento,3
455,Django Unchained,1
455,Toy Story,4
455,Finding Nemo,4
455,Up,3
455,Moana,2
455,Coco,1
455,WALL-E,3
455,Monsters Inc,2
455,Titanic,1
455,The Avengers,4
455,Iron Man,1
455,Spider-Man,2
455,Batman Begins,3
455,Black Panther,2
455,Guardians of the Galaxy,4
455,The Notebook,1
455,Pride and Prejudice,5
455,La La Land,5
455,A Star Is Born,5
455,Crazy Rich Asians,4
455,The Fault in Our Stars,4
455,Me Before You,3
455,Superbad,4
455,The Hangover,5
455,Bridesmaids,3
455,Step Brothers,3
455,Anchorman,4
455,Wedding Crashers,4
455,Mean Girls,4
455,21 Jump Street,4
455,Tropic Thunder,5
455,The Conjuring,4
455,Get Out,2
455,A Quiet Place,1
455,It,1
455,The Exorcist,4
455,The Shining,3
455,Halloween,1
455,Scream,2
455,Nightmare on Elm Street,3
456,The Shawshank Redemption,1
456,The Dark Knight,3
456,Pulp Fiction,4
456,Forrest Gump,3
456,The Matrix,3
456,Inception,4
456,The Silence of the Lambs,3
456,Se7en,3
456,The Usual Suspects,1
456,Gladiator,4
456,The Green Mile,3
456,Schindler's List,1
456,The Departed,1
456,Interstellar,3
456,Memento,2
456,Django Unchained,3
456,The Lion King,4
456,Toy Story,4
456,Finding Nemo,4
456,Up,4
456,Inside Out,3
456,Frozen,5
456,Moana,4
456,Coco,5
456,WALL-E,4
456,Monsters Inc,4
456,Titanic,4
456,Avatar,4
456,The Avengers,4
456,Iron Man,4
456,Spider-Man,5
456,Batman Begins,3
456,Wonder Woman,5
456,Black Panther,4
456,Guardians of the Galaxy,4
456,The Notebook,4
456,La La Land,2
456,Crazy Rich Asians,1
456,The Fault in Our Stars,4
456,The Hangover,3
456,Bridesmaids,2
456,Step Brothers,2
456,Anchorman,1
456,Wedding Crashers,3
456,Mean Girls,3
456,The Conjuring,3
456,It,2
456,Hereditary,3
456,The Shining,1
456,Halloween,3
456,Scream,2
457,The Godfather,3
457,The Dark Knight,3
457,Pulp Fiction,2
457,Inception,2
457,Se7en,2
457,The Usual Suspects,3
457,Saving Private Ryan,1
457,The Green Mile,3
457,Schindler's List,4
457,The Departed,3
457,Interstellar,4
457,The Prestige,2
457,Finding Nemo,2
457,WALL-E,5
457,Monsters Inc,3
457,Avatar,3
457,The Avengers,4
457,Iron Man,5
457,Spider-Man,4
457,Batman Begins,3
457,Black Panther,2
457,Guardians of the Galaxy,3
457,The Notebook,3
457,Superbad,3
457,The Hangover,4
457,Bridesmaids,3
457,Step Brothers,5
457,Anchorman,4
457,Wedding Crashers,5
457,Mean Girls,5
457,21 Jump Street,5
457,Tropic Thunder,5
457,The Conjuring,4
457,Get Out,4
457,A Quiet Place,4
457,It,4
457,Hereditary,4
457,The Exorcist,5
457,The Shining,4
457,Halloween,5
457,Scream,3
457,Nightmare on Elm Street,3
458,The Shawshank Redemption,4
458,The Dark Knight,3
458,Pulp Fiction,4
458,Forrest Gump,1
458,The Matrix,3
458,The Silence of the Lambs,3
458,Gladiator,3
458,Schindler's List,3
458,Interstellar,1
458,The Lion King,3
458,Toy Story,3
458,Finding Nemo,3
458,WALL-E,3
458,Titanic,3
458,Avatar,5
458,The Avengers,4
458,Iron Man,4
458,Spider-Man,4
458,Batman Begins,4
458,Wonder Woman,4
458,Black Panther,4
458,Guardians of the Galaxy,5
458,The Notebook,5
458,Pride and Prejudice,4
458,La La Land,5
458,A Star Is Born,4
458,Crazy Rich Asians,5
458,The Fault in Our Stars,4
458,Me Before You,3
458,Superbad,4
458,Bridesmaids,3
458,The Conjuring,3
458,A Quiet Place,3
458,It,3
458,Hereditary,5
458,The Exorcist,3
458,Halloween,2
458,Scream,2
459,The Shawshank Redemption,2
459,The Dark Knight,3
459,Pulp Fiction,3
459,Forrest Gump,3
459,The Matrix,1
459,Goodfellas,3
459,Fight Club,4
459,The Silence of the Lambs,1
459,The Usual Suspects,1
459,Gladiator,3
459,Saving Private Ryan,5
459,Schindler's List,3
459,Braveheart,3
459,The Departed,3
459,Interstellar,3
459,The Prestige,4
459,Django Unchained,3
459,The Lion King,5
459,Toy Story,3
459,Finding Nemo,4
459,Up,3
459,Inside Out,4
459,Frozen,4
459,Moana,4
459,Coco,4
459,WALL-E,4
459,Monsters Inc,4
459,Titanic,3
459,Avatar,4
459,The Avengers,3
459,Iron Man,4
459,Spider-Man,4
459,Batman Begins,4
459,Wonder Woman,5
459,Black Panther,5
459,Guardians of the Galaxy,5
459,The Notebook,4
459,Pride and Prejudice,4
459,La La Land,2
459,A Star Is Born,3
459,Crazy Rich Asians,3
459,Me Before You,3
459,Superbad,3
459,Bridesmaids,3
459,Step Brothers,3
459,A Quiet Place,2
459,It,4
459,The Exorcist,3
459,Halloween,3
459,Scream,3
460,Fight Club,4
460,The Usual Suspects,1
460,The Green Mile,1
460,Braveheart,3
460,The Lion King,2
460,Toy Story,4
460,Finding Nemo,4
460,Up,4
460,Coco,3
460,WALL-E,3
460,Titanic,4
460,Avatar,5
460,The Avengers,5
460,Iron Man,5
460,Spider-Man,4
460,Batman Begins,5
460,Wonder Woman,5
460,Black Panther,3
460,Guardians of the Galaxy,5
460,The Notebook,4
460,Pride and Prejudice,4
460,La La Land,4
460,A Star Is Born,4
460,Crazy Rich Asians,4
460,The Fault in Our Stars,4
460,Me Before You,4
460,Superbad,5
460,The Hangover,2
460,Wedding Crashers,3
460,21 Jump Street,2
460,Tropic Thunder,2
460,A Quiet Place,3
460,It,3
460,Hereditary,4
460,The Exorcist,3
460,Halloween,4
461,The Shawshank Redemption,4
461,The Godfather,4
461,The Dark Knight,5
461,Pulp Fiction,4
461,Forrest Gump,5
461,The Matrix,4
461,Goodfellas,4
461,Fight Club,5
461,Inception,3
461,The Silence of the Lambs,4
461,Se7en,3
461,Gladiator,5
461,Saving Private Ryan,4
461,The Green Mile,4
461,Schindler's List,5
461,Braveheart,5
461,The Departed,4
461,Interstellar,5
461,The Prestige,5
461,Memento,4
461,Django Unchained,5
461,The Lion King,3
461,Toy Story,4
461,Finding Nemo,4
461,Up,2
461,Inside Out,4
461,Frozen,4
461,Moana,5
461,Coco,4
461,WALL-E,5
461,Monsters Inc,4
461,Titanic,4
461,Avatar,3
461,Iron Man,2
461,Black Panther,2
461,The Notebook,3
461,Pride and Prejudice,3
461,La La Land,1
461,Me Before You,4
461,Bridesmaids,4
461,Anchorman,1
461,Get Out,4
461,It,3
461,The Exorcist,4
461,The Shining,3
461,Halloween,3
461,Nightmare on Elm Street,2
462,The Dark Knight,3
462,Forrest Gump,2
462,The Matrix,4
462,Goodfellas,1
462,The Silence of the Lambs,3
462,Se7en,2
462,Saving Private Ryan,4
462,Interstellar,3
462,The Prestige,3
462,The Lion King,5
462,Toy Story,4
462,Finding Nemo,4
462,Up,5
462,Inside Out,5
462,Frozen,5
462,Moana,4
462,Coco,5
462,WALL-E,5
462,Monsters Inc,5
462,Titanic,4
462,Avatar,5
462,The Avengers,5
462,Iron Man,4
462,Spider-Man,4
462,Batman Begins,4
462,Wonder Woman,5
462,Black Panther,5
462,Guardians of the Galaxy,4
462,The Notebook,4
462,Pride and Prejudice,1
462,A Star Is Born,4
462,Superbad,3
462,Bridesmaids,2
462,Anchorman,2
462,Wedding Crashers,1
462,Tropic Thunder,1
462,Get Out,3
462,It,3
462,The Exorcist,4
462,The Shining,2
462,Halloween,3
462,Nightmare on Elm Street,3
463,The Shawshank Redemption,3
463,The Godfather,2
463,Inception,3
463,The Silence of the Lambs,3
463,The Green Mile,1
463,Braveheart,2
463,The Lion King,3
463,Finding Nemo,1
463,Moana,2
463,Coco,4
463,Titanic,3
463,Avatar,1
463,The Avengers,2
463,Spider-Man,3
463,The Notebook,4
463,Pride and Prejudice,2
463,Me Before You,3
463,Superbad,4
463,The Hangover,4
463,Bridesmaids,4
463,Step Brothers,5
463,Anchorman,4
463,Wedding Crashers,4
463,Mean Girls,4
463,21 Jump Street,4
463,Tropic Thunder,3
463,The Conjuring,3
463,Get Out,4
463,A Quiet Place,5
463,It,5
463,Hereditary,5
463,The Exorcist,4
463,The Shining,4
463,Halloween,4
463,Scream,4
463,Nightmare on Elm Street,4
464,The Shawshank Redemption,3
464,The Godfather,4
464,The Dark Knight,3
464,Pulp Fiction,3
464,Forrest Gump,2
464,Goodfellas,3
464,Fight Club,4
464,Se7en,3
464,Gladiator,1
464,The Green Mile,5
464,Braveheart,3
464,The Departed,4
464,Interstellar,3
464,The Prestige,3
464,The Lion King,4
464,Toy Story,4
464,Finding Nemo,4
464,Up,5
464,Inside Out,4
464,Frozen,4
464,Moana,5
464,Coco,4
464,WALL-E,4
464,Monsters Inc,5
464,Titanic,4
464,Avatar,5
464,The Avengers,4
464,Iron Man,5
464,Spider-Man,4
464,Batman Begins,3
464,Wonder Woman,4
464,Black Panther,5
464,Guardians of the Galaxy,5
464,The Notebook,3
464,La La Land,3
464,A Star Is Born,3
464,Crazy Rich Asians,3
464,Me Before You,3
464,Superbad,3
464,The Hangover,3
464,Anchorman,4
464,Mean Girls,3
464,Get Out,3
464,A Quiet Place,4
464,The Exorcist,4
464,Scream,3
465,The Dark Knight,3
465,Pulp Fiction,2
465,Forrest Gump,4
465,Goodfellas,2
465,Gladiator,2
465,Saving Private Ryan,3
465,Schindler's List,1
465,Braveheart,2
465,The Departed,5
465,Memento,3
465,The Lion King,4
465,Toy Story,4
465,Finding Nemo,5
465,Up,3
465,Inside Out,4
465,Frozen,5
465,Moana,4
465,Coco,4
465,WALL-E,4
465,Monsters Inc,4
465,Titanic,4
465,Avatar,5
465,The Avengers,4
465,Iron Man,4
465,Spider-Man,4
465,Batman Begins,4
465,Wonder Woman,4
465,Black Panther,4
465,Guardians of the Galaxy,5
465,The Notebook,5
465,Pride and Prejudice,3
465,La La Land,1
465,A Star Is Born,3
465,The Fault in Our Stars,4
465,Superbad,5
465,The Hangover,4
465,Bridesmaids,3
465,Anchorman,3
465,21 Jump Street,3
465,The Conjuring,2
465,A Quiet Place,3
465,It,1
465,Scream,2
466,The Shawshank Redemption,1
466,The Godfather,3
466,Pulp Fiction,3
466,The Matrix,4
466,Goodfellas,2
466,Inception,3
466,Se7en,4
466,The Usual Suspects,3
466,Gladiator,3
466,The Green Mile,3
466,Schindler's List,1
466,Braveheart,4
466,Interstellar,4
466,Memento,2
466,Django Unchained,4
466,The Lion King,4
466,Toy Story,4
466,Finding Nemo,4
466,Up,4
466,Inside Out,4
466,Frozen,4
466,Moana,4
466,Coco,3
466,WALL-E,5
466,Monsters Inc,4
466,Titanic,4
466,Avatar,4
466,The Avengers,4
466,Iron Man,3
466,Spider-Man,4
466,Batman Begins,4
466,Wonder Woman,4
466,Black Panther,5
466,Guardians of the Galaxy,5
466,The Notebook,4
466,Pride and Prejudice,2
466,La La Land,4
466,A Star Is Born,3
466,Crazy Rich Asians,2
466,The Fault in Our Stars,2
466,Me Before You,3
466,Superbad,3
466,The Hangover,1
466,Bridesmaids,3
466,Step Brothers,3
466,Anchorman,2
466,Wedding Crashers,3
466,21 Jump Street,2
466,Tropic Thunder,2
466,The Conjuring,3
466,Get Out,3
466,A Quiet Place,3
466,It,3
466,Hereditary,3
466,The Exorcist,2
466,The Shining,3
466,Halloween,1
466,Scream,2
466,Nightmare on Elm Street,3
467,The Shawshank Redemption,2
467,The Dark Knight,2
467,Forrest Gump,1
467,The Matrix,3
467,Fight Club,3
467,Inception,5
467,The Silence of the Lambs,3
467,Se7en,3
467,The Usual Suspects,3
467,Gladiator,2
467,Saving Private Ryan,1
467,The Green Mile,2
467,Braveheart,2
467,The Departed,4
467,Interstellar,3
467,The Prestige,2
467,Memento,2
467,Django Unchained,4
467,The Lion King,5
467,Toy Story,4
467,Finding Nemo,5
467,Up,4
467,Inside Out,4
467,Frozen,4
467,Moana,3
467,Coco,4
467,WALL-E,4
467,Monsters Inc,4
467,Titanic,4
467,Avatar,5
467,The Avengers,4
467,Iron Man,5
467,Spider-Man,3
467,Batman Begins,4
467,Wonder Woman,5
467,Black Panther,5
467,Guardians of the Galaxy,5
467,The Notebook,4
467,Pride and Prejudice,3
467,La La Land,2
467,The Fault in Our Stars,3
467,Me Before You,3
467,Bridesmaids,4
467,Step Brothers,2
467,Wedding Crashers,3
467,Mean Girls,2
467,21 Jump Street,2
467,Tropic Thunder,1
467,The Conjuring,1
467,Get Out,2
467,A Quiet Place,1
467,It,3
467,Hereditary,2
467,The Exorcist,3
467,The Shining,4
467,Nightmare on Elm Street,3
468,The Shawshank Redemption,1
468,The Godfather,3
468,Pulp Fiction,4
468,Forrest Gump,4
468,Goodfellas,3
468,The Silence of the Lambs,4
468,The Usual Suspects,4
468,Interstellar,3
468,Memento,3
468,Monsters Inc,2
468,Titanic,4
468,Avatar,4
468,The Avengers,4
468,Iron Man,4
468,Spider-Man,5
468,Batman Begins,3
468,Wonder Woman,5
468,Black Panther,4
468,Guardians of the Galaxy,5
468,The Notebook,3
468,Pride and Prejudice,4
468,La La Land,4
468,A Star Is Born,4
468,Crazy Rich Asians,4
468,The Fault in Our Stars,5
468,Me Before You,4
468,Superbad,4
468,Mean Girls,3
468,It,3
468,Nightmare on Elm Street,2
469,The Shawshank Redemption,4
469,The Godfather,4
469,Pulp Fiction,3
469,The Matrix,5
469,Goodfellas,3
469,Inception,4
469,The Silence of the Lambs,5
469,Se7en,4
469,Gladiator,4
469,Saving Private Ryan,4
469,The Green Mile,5
469,Braveheart,5
469,The Departed,4
469,Interstellar,4
469,The Prestige,5
469,Memento,4
469,Django Unchained,4
469,The Lion King,5
469,Toy Story,5
469,Finding Nemo,5
469,Up,3
469,Inside Out,4
469,Frozen,4
469,Moana,3
469,Coco,4
469,WALL-E,5
469,Monsters Inc,4
469,Titanic,4
469,Batman Begins,3
469,The Notebook,3
469,A Star Is Born,2
469,Me Before You,3
469,Superbad,1
469,The Conjuring,2
469,It,3
469,Hereditary,2
469,Halloween,1
469,Scream,4
470,Forrest Gump,3
470,Goodfellas,3
470,Fight Club,3
470,Se7en,4
470,The Usual Suspects,1
470,Schindler's List,3
470,The Departed,3
470,The Prestige,4
470,Memento,2
470,Django Unchained,3
470,The Lion King,4
470,Finding Nemo,3
470,Up,3
470,Inside Out,3
470,Moana,3
470,Monsters Inc,3
470,Avatar,1
470,Spider-Man,4
470,Batman Begins,3
470,Wonder Woman,2
470,Black Panther,2
470,The Notebook,1
470,Pride and Prejudice,4
470,La La Land,4
470,A Star Is Born,4
470,Crazy Rich Asians,3
470,The Fault in Our Stars,3
470,Me Before You,4
470,Superbad,4
470,The Hangover,4
470,Bridesmaids,4
470,Step Brothers,4
470,Anchorman,4
470,Wedding Crashers,4
470,Mean Girls,5
470,21 Jump Street,4
470,Tropic Thunder,4
470,The Conjuring,1
470,Get Out,3
470,A Quiet Place,3
470,It,4
470,Hereditary,1
470,The Exorcist,3
470,Halloween,2
470,Scream,3
470,Nightmare on Elm Street,4
471,The Green Mile,4
471,Schindler's List,1
471,The Prestige,3
471,Memento,2
471,The Lion King,3
471,Toy Story,4
471,Finding Nemo,4
471,Up,5
471,Inside Out,5
471,Frozen,4
471,Moana,3
471,Coco,4
471,WALL-E,4
471,Monsters Inc,4
471,Titanic,5
471,Avatar,5
471,The Avengers,5
471,Iron Man,3
471,Spider-Man,4
471,Batman Begins,3
471,Wonder Woman,5
471,Black Panther,4
471,Guardians of the Galaxy,4
471,The Notebook,4
471,La La Land,2
471,Me Before You,2
471,Superbad,2
471,The Hangover,2
471,Bridesmaids,3
471,Mean Girls,3
471,Tropic Thunder,2
471,It,3
471,Hereditary,4
471,The Exorcist,3
471,Halloween,3
471,Scream,2
471,Nightmare on Elm Street,3
472,The Shawshank Redemption,4
472,The Godfather,2
472,The Dark Knight,2
472,Pulp Fiction,3
472,Forrest Gump,3
472,Goodfellas,2
472,Fight Club,1
472,Inception,2
472,Se7en,3
472,Gladiator,3
472,Saving Private Ryan,3
472,The Green Mile,4
472,Schindler's List,2
472,Braveheart,3
472,The Departed,1
472,Interstellar,3
472,The Prestige,2
472,Memento,1
472,The Lion King,3
472,Toy Story,3
472,Finding Nemo,3
472,Inside Out,3
472,Frozen,1
472,Moana,4
472,WALL-E,2
472,Monsters Inc,3
472,Avatar,3
472,The Avengers,3
472,Iron Man,1
472,Spider-Man,3
472,Batman Begins,2
472,Wonder Woman,2
472,Black Panther,2
472,Guardians of the Galaxy,3
472,The Notebook,3
472,Pride and Prejudice,1
472,La La Land,3
472,A Star Is Born,3
472,Crazy Rich Asians,3
472,The Fault in Our Stars,1
472,Superbad,3
472,The Hangover,5
472,Bridesmaids,4
472,Step Brothers,5
472,Anchorman,4
472,Wedding Crashers,4
472,Mean Girls,5
472,21 Jump Street,5
472,Tropic Thunder,5
472,The Conjuring,4
472,Get Out,4
472,A Quiet Place,5
472,It,4
472,Hereditary,4
472,The Exorcist,5
472,The Shining,4
472,Halloween,5
472,Scream,3
472,Nightmare on Elm Street,4
473,The Shawshank Redemption,3
473,The Godfather,3
473,The Silence of the Lambs,4
473,Se7en,3
473,Saving Private Ryan,3
473,Schindler's List,3
473,Interstellar,3
473,The Lion King,5
473,Toy Story,4
473,Finding Nemo,5
473,Up,5
473,Inside Out,3
473,Frozen,5
473,Moana,4
473,Coco,5
473,WALL-E,4
473,Monsters Inc,4
473,Titanic,4
473,Avatar,4
473,The Avengers,4
473,Iron Man,4
473,Spider-Man,5
473,Batman Begins,4
473,Wonder Woman,3
473,Black Panther,4
473,Guardians of the Galaxy,4
473,The Notebook,3
473,Superbad,3
473,Bridesmaids,4
473,Step Brothers,3
473,A Quiet Place,3
473,Hereditary,3
473,The Shining,4
473,Halloween,3
473,Scream,3
473,Nightmare on Elm Street,3
474,The Shawshank Redemption,1
474,The Dark Knight,3
474,Pulp Fiction,3
474,Goodfellas,3
474,Fight Club,2
474,Inception,3
474,Gladiator,3
474,The Departed,2
474,Interstellar,3
474,Memento,4
474,Django Unchained,3
474,Toy Story,3
474,WALL-E,3
474,Titanic,3
474,Avatar,3
474,The Avengers,3
474,Wonder Woman,4
474,Guardians of the Galaxy,1
474,The Notebook,2
474,Crazy Rich Asians,3
474,The Fault in Our Stars,3
474,Me Before You,2
474,The Hangover,5
474,Bridesmaids,4
474,Step Brothers,4
474,Anchorman,5
474,Wedding Crashers,4
474,Mean Girls,4
474,Tropic Thunder,3
474,The Conjuring,3
474,Get Out,4
474,A Quiet Place,4
474,Hereditary,5
474,The Exorcist,3
474,The Shining,4
474,Halloween,4
474,Scream,4
474,Nightmare on Elm Street,3
475,The Godfather,3
475,The Dark Knight,3
475,Pulp Fiction,3
475,Se7en,1
475,The Usual Suspects,2
475,The Departed,3
475,Memento,3
475,Inside Out,1
475,Frozen,4
475,Titanic,4
475,Avatar,4
475,The Avengers,4
475,Iron Man,5
475,Spider-Man,4
475,Batman Begins,4
475,Wonder Woman,4
475,Black Panther,4
475,Guardians of the Galaxy,4
475,The Notebook,5
475,Pride and Prejudice,3
475,La La Land,4
475,A Star Is Born,3
475,Crazy Rich Asians,5
475,The Fault in Our Stars,4
475,Me Before You,5
475,Superbad,3
475,The Hangover,3
475,Step Brothers,4
475,Wedding Crashers,4
475,The Conjuring,3
475,Get Out,3
475,Hereditary,1
475,Halloween,4
475,Nightmare on Elm Street,2
476,The Godfather,3
476,The Dark Knight,3
476,The Matrix,4
476,Goodfellas,3
476,Inception,2
476,The Silence of the Lambs,3
476,Se7en,3
476,Gladiator,1
476,The Green Mile,3
476,The Prestige,5
476,Memento,2
476,Finding Nemo,3
476,Moana,2
476,WALL-E,3
476,Monsters Inc,3
476,Wonder Woman,2
476,The Notebook,4
476,Pride and Prejudice,3
476,A Star Is Born,2
476,Crazy Rich Asians,2
476,The Hangover,4
476,Bridesmaids,5
476,Step Brothers,3
476,Anchorman,3
476,Wedding Crashers,3
476,Mean Girls,4
476,21 Jump Street,4
476,Tropic Thunder,4
476,The Conjuring,4
476,Get Out,5
476,A Quiet Place,4
476,It,4
476,Hereditary,5
476,The Exorcist,5
476,The Shining,4
476,Halloween,5
476,Scream,4
476,Nightmare on Elm Street,5
477,The Shawshank Redemption,3
477,The Matrix,2
477,Goodfellas,2
477,Fight Club,5
477,Inception,2
477,Se7en,4
477,Gladiator,3
477,The Green Mile,3
477,Schindler's List,1
477,The Departed,3
477,The Prestige,3
477,The Lion King,3
477,Finding Nemo,3
477,Inside Out,4
477,Frozen,3
477,Moana,2
477,Coco,1
477,Avatar,4
477,The Avengers,2
477,Spider-Man,1
477,Wonder Woman,4
477,Black Panther,3
477,Pride and Prejudice,4
477,La La Land,4
477,A Star Is Born,4
477,Crazy Rich Asians,4
477,The Fault in Our Stars,4
477,Me Before You,3
477,Superbad,4
477,The Hangover,4
477,Bridesmaids,5
477,Step Brothers,4
477,Anchorman,4
477,Wedding Crashers,4
477,Mean Girls,4
477,21 Jump Street,5
477,Tropic Thunder,4
477,The Conjuring,2
477,Get Out,4
477,It,2
477,Hereditary,3
477,Halloween,3
477,Scream,5
477,Nightmare on Elm Street,3
478,The Shawshank Redemption,4
478,The Godfather,4
478,The Dark Knight,4
478,Pulp Fiction,4
478,The Matrix,4
478,Goodfellas,3
478,Fight Club,4
478,Inception,4
478,The Silence of the Lambs,5
478,Se7en,4
478,The Usual Suspects,3
478,Gladiator,4
478,Schindler's List,4
478,Braveheart,5
478,The Departed,5
478,Interstellar,4
478,The Prestige,5
478,Memento,4
478,Django Unchained,3
478,The Lion King,4
478,Finding Nemo,4
478,Up,5
478,Inside Out,4
478,Frozen,5
478,Moana,4
478,Coco,5
478,WALL-E,4
478,Monsters Inc,3
478,Titanic,3
478,The Avengers,3
478,Wonder Woman,3
478,A Star Is Born,2
478,Step Brothers,2
478,Anchorman,2
478,Wedding Crashers,3
478,21 Jump Street,3
478,The Conjuring,1
478,Halloween,3
479,The Shawshank Redemption,3
479,The Godfather,3
479,The Dark Knight,3
479,Pulp Fiction,1
479,Forrest Gump,1
479,The Matrix,3
479,Fight Club,3
479,Inception,1
479,The Silence of the Lambs,4
479,Se7en,3
479,The Usual Suspects,3
479,Gladiator,3
479,The Green Mile,4
479,Schindler's List,1
479,The Departed,1
479,Interstellar,2
479,The Prestige,3
479,Django Unchained,1
479,The Lion King,3
479,Toy Story,3
479,Up,2
479,Inside Out,3
479,Frozen,3
479,Moana,3
479,Coco,1
479,WALL-E,3
479,Monsters Inc,3
479,Titanic,3
479,The Avengers,2
479,Iron Man,4
479,Spider-Man,3
479,Wonder Woman,4
479,Black Panther,1
479,Guardians of the Galaxy,4
479,The Notebook,3
479,Pride and Prejudice,3
479,La La Land,3
479,Crazy Rich Asians,2
479,The Fault in Our Stars,3
479,Me Before You,5
479,Superbad,2
479,The Hangover,4
479,Bridesmaids,5
479,Step Brothers,4
479,Anchorman,4
479,Wedding Crashers,5
479,Mean Girls,4
479,21 Jump Street,4
479,Tropic Thunder,5
479,The Conjuring,4
479,Get Out,4
479,A Quiet Place,4
479,It,4
479,Hereditary,5
479,The Exorcist,3
479,The Shining,5
479,Halloween,5
479,Scream,5
479,Nightmare on Elm Street,4
480,The Shawshank Redemption,5
480,The Dark Knight,3
480,Pulp Fiction,4
480,Forrest Gump,3
480,Goodfellas,3
480,Fight Club,3
480,Inception,3
480,The Silence of the Lambs,2
480,Se7en,2
480,The Usual Suspects,2
480,Saving Private Ryan,1
480,The Green Mile,1
480,Schindler's List,3
480,Memento,3
480,Django Unchained,3
480,Toy Story,2
480,Finding Nemo,2
480,Up,4
480,Inside Out,3
480,Frozen,3
480,Coco,4
480,WALL-E,4
480,The Avengers,3
480,Spider-Man,2
480,Black Panther,4
480,Guardians of the Galaxy,4
480,The Notebook,3
480,A Star Is Born,3
480,The Fault in Our Stars,3
480,Me Before You,1
480,Superbad,3
480,The Hangover,5
480,Bridesmaids,4
480,Step Brothers,4
480,Anchorman,4
480,Wedding Crashers,4
480,Mean Girls,4
480,21 Jump Street,4
480,Tropic Thunder,4
480,The Conjuring,4
480,Get Out,4
480,A Quiet Place,4
480,It,4
480,Hereditary,4
480,The Exorcist,4
480,The Shining,4
480,Halloween,5
480,Scream,3
480,Nightmare on Elm Street,4
481,The Shawshank Redemption,4
481,The Godfather,3
481,The Dark Knight,5
481,Pulp Fiction,4
481,Forrest Gump,5
481,The Matrix,4
481,Goodfellas,4
481,Fight Club,4
481,Inception,3
481,The Silence of the Lambs,4
481,Se7en,5
481,The Usual Suspects,4
481,Gladiator,5
481,Saving Private Ryan,3
481,The Green Mile,5
481,Schindler's List,4
481,Braveheart,4
481,The Departed,5
481,Interstellar,4
481,The Prestige,4
481,Memento,4
481,Django Unchained,3
481,The Lion King,4
481,Toy Story,4
481,Finding Nemo,4
481,Up,5
481,Inside Out,4
481,Frozen,5
481,Moana,4
481,Coco,5
481,WALL-E,5
481,Monsters Inc,3
481,Titanic,3
481,Avatar,1
481,The Avengers,3
481,Spider-Man,3
481,Batman Begins,2
481,The Notebook,2
481,Pride and Prejudice,3
481,A Star Is Born,3
481,Me Before You,2
481,Superbad,3
481,The Hangover,1
481,Anchorman,2
481,Wedding Crashers,4
481,Mean Girls,2
481,21 Jump Street,2
481,A Quiet Place,3
481,Hereditary,2
481,The Exorcist,4
481,The Shining,4
481,Halloween,3
482,The Dark Knight,3
482,Pulp Fiction,1
482,Forrest Gump,4
482,The Matrix,3
482,Goodfellas,3
482,Inception,3
482,Se7en,3
482,The Usual Suspects,3
482,Gladiator,1
482,Saving Private Ryan,2
482,Schindler's List,3
482,Braveheart,4
482,The Departed,3
482,The Prestige,3
482,Memento,4
482,Django Unchained,3
482,The Lion King,1
482,Finding Nemo,3
482,Inside Out,3
482,WALL-E,2
482,Monsters Inc,3
482,Titanic,3
482,Avatar,3
482,Iron Man,3
482,Black Panther,3
482,Guardians of the Galaxy,3
482,The Notebook,3
482,Pride and Prejudice,3
482,La La Land,4
482,A Star Is Born,4
482,Crazy Rich Asians,5
482,The Fault in Our Stars,4
482,Me Before You,4
482,Superbad,5
482,The Hangover,4
482,Bridesmaids,3
482,Step Brothers,5
482,Anchorman,4
482,Wedding Crashers,4
482,Mean Girls,4
482,21 Jump Street,4
482,Tropic Thunder,4
482,The Conjuring,3
482,Get Out,3
482,A Quiet Place,3
482,It,3
482,Hereditary,3
483,The Godfather,3
483,The Dark Knight,2
483,Fight Club,3
483,Inception,2
483,The Usual Suspects,1
483,Gladiator,2
483,Saving Private Ryan,3
483,Interstellar,4
483,Memento,2
483,The Lion King,4
483,Toy Story,4
483,Finding Nemo,4
483,Up,5
483,Inside Out,4
483,Frozen,4
483,Moana,4
483,Coco,3
483,WALL-E,4
483,Monsters Inc,4
483,Titanic,4
483,Avatar,4
483,The Avengers,4
483,Iron Man,4
483,Spider-Man,4
483,Batman Begins,4
483,Wonder Woman,5
483,Black Panther,4
483,Guardians of the Galaxy,4
483,The Notebook,3
483,Pride and Prejudice,3
483,La La Land,1
483,Crazy Rich Asians,4
483,Me Before You,4
483,Superbad,2
483,21 Jump Street,4
483,Tropic Thunder,3
483,Get Out,3
483,A Quiet Place,3
483,Halloween,4
484,The Godfather,3
484,The Dark Knight,3
484,Forrest Gump,2
484,Fight Club,3
484,The Silence of the Lambs,2
484,Se7en,3
484,Gladiator,3
484,Schindler's List,3
484,Braveheart,3
484,The Departed,3
484,Interstellar,3
484,The Prestige,3
484,Memento,2
484,Django Unchained,3
484,Toy Story,2
484,Up,2
484,Inside Out,3
484,Moana,5
484,Coco,3
484,WALL-E,3
484,Monsters Inc,3
484,Titanic,1
484,Avatar,2
484,Spider-Man,2
484,Batman Begins,1
484,Wonder Woman,2
484,Black Panther,1
484,The Notebook,3
484,Pride and Prejudice,3
484,La La Land,3
484,A Star Is Born,2
484,Crazy Rich Asians,3
484,Me Before You,3
484,Superbad,3
484,The Hangover,4
484,Bridesmaids,4
484,Step Brothers,4
484,Anchorman,3
484,Wedding Crashers,4
484,Mean Girls,5
484,21 Jump Street,4
484,Tropic Thunder,4
484,The Conjuring,4
484,Get Out,4
484,A Quiet Place,5
484,It,5
484,Hereditary,4
484,The Exorcist,5
484,The Shining,4
484,Halloween,3
484,Scream,4
484,Nightmare on Elm Street,4
485,The Godfather,4
485,The Dark Knight,4
485,Pulp Fiction,4
485,Forrest Gump,4
485,The Matrix,5
485,Goodfellas,4
485,Fight Club,5
485,Inception,4
485,The Silence of the Lambs,5
485,Se7en,4
485,The Usual Suspects,4
485,Gladiator,4
485,Saving Private Ryan,4
485,The Green Mile,4
485,Schindler's List,4
485,Braveheart,4
485,The Departed,4
485,Interstellar,4
485,The Prestige,3
485,Memento,5
485,Django Unchained,4
485,The Lion King,5
485,Toy Story,3
485,Finding Nemo,3
485,Inside Out,4
485,Frozen,4
485,Moana,4
485,Coco,3
485,WALL-E,5
485,Monsters Inc,4
485,Titanic,2
485,The Avengers,3
485,Spider-Man,3
485,Guardians of the Galaxy,1
485,A Star Is Born,2
485,Superbad,1
485,Bridesmaids,3
485,Anchorman,3
485,Wedding Crashers,2
485,Mean Girls,3
485,21 Jump Street,2
485,Tropic Thunder,1
485,The Conjuring,3
485,Get Out,3
485,A Quiet Place,4
485,Hereditary,3
485,Halloween,3
486,Pulp Fiction,3
486,Forrest Gump,1
486,The Matrix,3
486,Goodfellas,1
486,The Silence of the Lambs,3
486,Se7en,3
486,Gladiator,4
486,Saving Private Ryan,3
486,The Green Mile,2
486,Schindler's List,4
486,The Departed,2
486,Interstellar,3
486,Memento,3
486,Toy Story,2
486,Finding Nemo,1
486,Inside Out,3
486,Frozen,3
486,Moana,3
486,Coco,2
486,WALL-E,1
486,Monsters Inc,2
486,Titanic,5
486,Avatar,4
486,The Avengers,5
486,Iron Man,4
486,Spider-Man,4
486,Batman Begins,5
486,Wonder Woman,4
486,Black Panther,4
486,Guardians of the Galaxy,5
486,The Notebook,4
486,Pride and Prejudice,4
486,La La Land,4
486,A Star Is Born,4
486,Crazy Rich Asians,4
486,The Fault in Our Stars,4
486,Me Before You,4
486,Superbad,5
486,The Hangover,5
486,Step Brothers,3
486,Wedding Crashers,3
486,Tropic Thunder,4
486,Get Out,3
486,A Quiet Place,3
486,The Exorcist,2
486,The Shining,2
486,Nightmare on Elm Street,4
487,The Shawshank Redemption,4
487,The Godfather,3
487,The Dark Knight,5
487,Pulp Fiction,5
487,Forrest Gump,4
487,The Matrix,5
487,Goodfellas,4
487,Fight Club,4
487,Inception,4
487,The Silence of the Lambs,4
487,Se7en,5
487,The Usual Suspects,4
487,Saving Private Ryan,4
487,The Green Mile,5
487,Schindler's List,4
487,Braveheart,5
487,The Departed,5
487,Interstellar,5
487,The Prestige,4
487,Memento,4
487,Django Unchained,5
487,The Lion King,3
487,Toy Story,5
487,Finding Nemo,4
487,Up,3
487,Inside Out,4
487,Frozen,3
487,Moana,5
487,Coco,4
487,WALL-E,4
487,Batman Begins,3
487,Black Panther,2
487,A Star Is Born,1
487,The Fault in Our Stars,1
487,Wedding Crashers,4
487,21 Jump Street,3
487,Tropic Thunder,3
487,The Exorcist,3
487,Nightmare on Elm Street,2
488,The Shawshank Redemption,2
488,The Dark Knight,3
488,Forrest Gump,3
488,The Matrix,3
488,Goodfellas,4
488,Fight Club,4
488,Inception,2
488,The Usual Suspects,3
488,Gladiator,3
488,Saving Private Ryan,2
488,The Green Mile,3
488,Schindler's List,1
488,Interstellar,2
488,The Prestige,3
488,The Lion King,2
488,Finding Nemo,3
488,Up,1
488,Inside Out,2
488,Frozen,4
488,Moana,1
488,Coco,3
488,WALL-E,3
488,Monsters Inc,4
488,Titanic,4
488,Avatar,4
488,The Avengers,5
488,Iron Man,5
488,Spider-Man,4
488,Batman Begins,4
488,Wonder Woman,4
488,Black Panther,4
488,Guardians of the Galaxy,4
488,The Notebook,5
488,Pride and Prejudice,4
488,La La Land,5
488,A Star Is Born,4
488,Crazy Rich Asians,4
488,The Fault in Our Stars,4
488,Me Before You,4
488,Superbad,5
488,Bridesmaids,1
488,Step Brothers,2
488,Wedding Crashers,3
488,Mean Girls,3
488,Get Out,3
488,Hereditary,3
489,The Shawshank Redemption,4
489,The Godfather,3
489,The Dark Knight,2
489,Pulp Fiction,4
489,Forrest Gump,3
489,Goodfellas,2
489,Fight Club,4
489,The Silence of the Lambs,3
489,Se7en,3
489,Saving Private Ryan,3
489,Schindler's List,3
489,The Departed,2
489,Interstellar,1
489,The Prestige,1
489,Memento,3
489,Django Unchained,4
489,Toy Story,3
489,Inside Out,3
489,Frozen,3
489,Moana,2
489,WALL-E,3
489,Titanic,4
489,Avatar,3
489,The Avengers,3
489,Spider-Man,2
489,Black Panther,3
489,The Notebook,2
489,Pride and Prejudice,4
489,La La Land,5
489,A Star Is Born,3
489,Crazy Rich Asians,3
489,The Fault in Our Stars,5
489,Me Before You,4
489,Superbad,4
489,The Hangover,4
489,Bridesmaids,4
489,Step Brothers,5
489,Anchorman,3
489,Wedding Crashers,4
489,Mean Girls,5
489,21 Jump Street,3
489,Tropic Thunder,4
489,The Conjuring,3
489,Get Out,3
489,A Quiet Place,3
489,It,3
489,Hereditary,1
489,The Exorcist,1
489,Scream,3
489,Nightmare on Elm Street,2
490,The Dark Knight,3
490,Pulp Fiction,2
490,Forrest Gump,4
490,Goodfellas,1
490,Fight Club,2
490,Se7en,3
490,Saving Private Ryan,4
490,The Green Mile,2
490,Braveheart,2
490,The Departed,2
490,Interstellar,2
490,The Prestige,1
490,The Lion King,5
490,Toy Story,5
490,Finding Nemo,4
490,Up,5
490,Inside Out,3
490,Frozen,4
490,Moana,4
490,Coco,4
490,WALL-E,4
490,Monsters Inc,4
490,Titanic,4
490,Avatar,4
490,The Avengers,4
490,Iron Man,4
490,Spider-Man,5
490,Batman Begins,4
490,Wonder Woman,5
490,Black Panther,4
490,Guardians of the Galaxy,5
490,The Notebook,3
490,Crazy Rich Asians,1
490,Superbad,1
490,Step Brothers,3
490,Tropic Thunder,2
490,A Quiet Place,3
490,The Exorcist,4
490,The Shining,3
490,Halloween,3
491,The Shawshank Redemption,5
491,The Godfather,4
491,The Dark Knight,4
491,Pulp Fiction,5
491,Forrest Gump,5
491,The Matrix,4
491,Goodfellas,3
491,Fight Club,5
491,Inception,4
491,The Silence of the Lambs,3
491,Se7en,3
491,The Usual Suspects,5
491,Gladiator,4
491,Saving Private Ryan,5
491,The Green Mile,3
491,Schindler's List,5
491,Braveheart,4
491,The Departed,4
491,Interstellar,4
491,The Prestige,5
491,Memento,4
491,Django Unchained,5
491,The Lion King,4
491,Toy Story,4
491,Finding Nemo,4
491,Up,4
491,Inside Out,3
491,Frozen,4
491,Moana,3
491,Coco,4
491,WALL-E,4
491,Monsters Inc,4
491,Iron Man,4
491,Spider-Man,3
491,Black Panther,3
491,The Notebook,3
491,La La Land,3
491,The Fault in Our Stars,1
491,Me Before You,4
491,Superbad,3
491,The Hangover,4
491,Bridesmaids,1
491,Step Brothers,1
491,Anchorman,3
491,Wedding Crashers,3
491,Tropic Thunder,2
491,A Quiet Place,3
491,It,2
491,Scream,2
492,Pulp Fiction,3
492,Forrest Gump,3
492,Fight Club,3
492,Inception,3
492,The Silence of the Lambs,1
492,Se7en,2
492,The Usual Suspects,3
492,The Green Mile,3
492,The Departed,3
492,Memento,3
492,Toy Story,1
492,Finding Nemo,3
492,Inside Out,2
492,Frozen,3
492,Moana,2
492,Coco,3
492,Spider-Man,4
492,Batman Begins,2
492,Pride and Prejudice,3
492,A Star Is Born,3
492,The Fault in Our Stars,3
492,Superbad,4
492,The Hangover,5
492,Bridesmaids,3
492,Step Brothers,4
492,Anchorman,5
492,Wedding Crashers,5
492,Mean Girls,4
492,21 Jump Street,5
492,Tropic Thunder,4
492,The Conjuring,3
492,Get Out,4
492,A Quiet Place,4
492,It,3
492,Hereditary,4
492,The Exorcist,5
492,The Shining,4
492,Halloween,4
492,Scream,5
492,Nightmare on Elm Street,4
493,The Godfather,1
493,Fight Club,3
493,Se7en,2
493,Gladiator,4
493,The Green Mile,3
493,Interstellar,2
493,The Prestige,2
493,Toy Story,3
493,Frozen,2
493,WALL-E,3
493,Monsters Inc,3
493,Titanic,3
493,Spider-Man,2
493,Guardians of the Galaxy,4
493,Pride and Prejudice,4
493,La La Land,5
493,A Star Is Born,4
493,Crazy Rich Asians,5
493,The Fault in Our Stars,5
493,Me Before You,4
493,Superbad,4
493,The Hangover,5
493,Bridesmaids,5
493,Step Brothers,5
493,Anchorman,4
493,Wedding Crashers,4
493,Mean Girls,5
493,21 Jump Street,4
493,Tropic Thunder,4
493,A Quiet Place,4
493,It,1
493,The Exorcist,2
493,Nightmare on Elm Street,4
494,The Shawshank Redemption,4
494,The Godfather,4
494,The Dark Knight,4
494,Pulp Fiction,4
494,Forrest Gump,4
494,The Matrix,3
494,Goodfellas,5
494,Fight Club,3
494,Inception,4
494,The Silence of the Lambs,4
494,The Usual Suspects,4
494,Gladiator,5
494,Saving Private Ryan,3
494,The Green Mile,4
494,Schindler's List,5
494,Braveheart,5
494,The Departed,4
494,Interstellar,3
494,The Prestige,4
494,Memento,4
494,Django Unchained,4
494,The Lion King,5
494,Toy Story,4
494,Finding Nemo,4
494,Up,5
494,Inside Out,3
494,Frozen,4
494,Moana,5
494,Coco,3
494,WALL-E,4
494,Monsters Inc,3
494,Avatar,1
494,The Avengers,2
494,Wonder Woman,5
494,Black Panther,1
494,The Notebook,2
494,Pride and Prejudice,3
494,A Star Is Born,3
494,Crazy Rich Asians,2
494,Me Before You,1
494,The Hangover,1
494,Step Brothers,3
494,Anchorman,3
494,Wedding Crashers,1
494,Mean Girls,2
494,The Conjuring,1
494,Get Out,2
494,A Quiet Place,3
494,The Exorcist,4
494,Halloween,2
495,The Shawshank Redemption,4
495,The Godfather,3
495,Goodfellas,4
495,Se7en,3
495,Saving Private Ryan,3
495,Schindler's List,3
495,Braveheart,3
495,Interstellar,4
495,Memento,2
495,Django Unchained,3
495,Inside Out,4
495,Frozen,3
495,Moana,3
495,Coco,3
495,WALL-E,4
495,Monsters Inc,4
495,The Avengers,3
495,Spider-Man,3
495,Black Panther,3
495,A Star Is Born,3
495,Me Before You,1
495,The Hangover,4
495,Bridesmaids,4
495,Step Brothers,5
495,Anchorman,5
495,Wedding Crashers,5
495,Mean Girls,3
495,21 Jump Street,4
495,Tropic Thunder,4
495,The Conjuring,4
495,Get Out,4
495,A Quiet Place,4
495,It,4
495,Hereditary,4
495,The Exorcist,4
495,The Shining,5
495,Halloween,4
495,Scream,5
495,Nightmare on Elm Street,4
496,The Godfather,3
496,The Dark Knight,3
496,Pulp Fiction,4
496,Forrest Gump,5
496,Goodfellas,4
496,The Usual Suspects,4
496,Gladiator,5
496,Saving Private Ryan,3
496,Schindler's List,5
496,Braveheart,4
496,The Departed,4
496,Interstellar,4
496,The Prestige,4
496,Memento,4
496,The Lion King,4
496,Finding Nemo,4
496,Up,4
496,Inside Out,4
496,Moana,3
496,Coco,4
496,WALL-E,4
496,Monsters Inc,4
496,Avatar,4
496,The Avengers,3
496,La La Land,3
496,A Star Is Born,3
496,Crazy Rich Asians,1
496,Me Before You,3
496,Hereditary,2
496,The Shining,3
496,Halloween,1
497,The Godfather,3
497,Pulp Fiction,3
497,Forrest Gump,4
497,Goodfellas,2
497,Fight Club,3
497,Se7en,2
497,The Green Mile,4
497,The Lion King,3
497,Toy Story,3
497,Finding Nemo,3
497,Frozen,3
497,Moana,1
497,Coco,3
497,WALL-E,4
497,Titanic,3
497,Avatar,4
497,The Avengers,4
497,Iron Man,4
497,Spider-Man,4
497,Batman Begins,4
497,Wonder Woman,5
497,Black Panther,5
497,Guardians of the Galaxy,3
497,The Notebook,4
497,Pride and Prejudice,5
497,La La Land,4
497,A Star Is Born,5
497,Crazy Rich Asians,3
497,The Fault in Our Stars,4
497,Me Before You,5
497,Superbad,4
497,Bridesmaids,4
497,Step Brothers,3
497,Wedding Crashers,1
497,Tropic Thunder,2
497,A Quiet Place,3
497,It,3
497,Hereditary,3
497,Halloween,1
497,Scream,3
498,The Shawshank Redemption,4
498,The Godfather,5
498,The Dark Knight,3
498,Pulp Fiction,4
498,Forrest Gump,4
498,The Matrix,5
498,Goodfellas,4
498,Fight Club,4
498,Inception,4
498,The Silence of the Lambs,3
498,Se7en,4
498,The Usual Suspects,4
498,Gladiator,4
498,Saving Private Ryan,5
498,The Green Mile,4
498,Schindler's List,4
498,Braveheart,4
498,The Departed,5
498,Interstellar,3
498,The Prestige,4
498,Memento,4
498,Django Unchained,4
498,The Lion King,4
498,Toy Story,4
498,Finding Nemo,4
498,Up,4
498,Inside Out,5
498,Frozen,5
498,Moana,4
498,Coco,4
498,WALL-E,5
498,Monsters Inc,4
498,Titanic,3
498,Avatar,2
498,Wonder Woman,1
498,Black Panther,3
498,Guardians of the Galaxy,4
498,The Notebook,3
498,A Star Is Born,2
498,Crazy Rich Asians,4
498,Superbad,3
498,The Hangover,3
498,Bridesmaids,2
498,Step Brothers,3
498,Anchorman,3
498,Mean Girls,3
498,21 Jump Street,2
498,Tropic Thunder,3
498,The Conjuring,3
498,Get Out,2
498,A Quiet Place,3
498,It,3
498,Hereditary,3
498,The Exorcist,4
498,The Shining,3
498,Halloween,3
498,Nightmare on Elm Street,3
499,The Shawshank Redemption,4
499,The Godfather,5
499,The Dark Knight,4
499,Pulp Fiction,4
499,Forrest Gump,5
499,The Matrix,5
499,Goodfellas,5
499,Fight Club,3
499,Inception,4
499,The Silence of the Lambs,4
499,Se7en,4
499,Saving Private Ryan,4
499,The Green Mile,4
499,Schindler's List,4
499,Braveheart,4
499,The Departed,4
499,Interstellar,4
499,The Prestige,4
499,Memento,4
499,Django Unchained,4
499,The Lion King,4
499,Toy Story,4
499,Finding Nemo,4
499,Up,4
499,Inside Out,5
499,Frozen,4
499,Moana,5
499,Coco,4
499,WALL-E,4
499,Monsters Inc,5
499,Titanic,3
499,The Avengers,1
499,Batman Begins,3
499,Guardians of the Galaxy,2
499,The Notebook,4
499,La La Land,3
499,A Star Is Born,3
499,Superbad,3
499,The Hangover,3
499,Bridesmaids,2
499,Step Brothers,3
499,Anchorman,3
499,Wedding Crashers,3
499,21 Jump Street,3
499,Tropic Thunder,3
499,The Conjuring,3
499,Get Out,2
499,A Quiet Place,4
499,It,4
499,The Exorcist,2
499,Halloween,4
499,Scream,2
499,Nightmare on Elm Street,2
500,The Shawshank Redemption,4
500,The Godfather,4
500,The Dark Knight,5
500,Pulp Fiction,4
500,Forrest Gump,4
500,The Matrix,4
500,Goodfellas,3
500,Fight Club,4
500,Inception,4
500,The Silence of the Lambs,5
500,Se7en,3
500,The Usual Suspects,4
500,Gladiator,3
500,Saving Private Ryan,4
500,The Green Mile,4
500,Schindler's List,5
500,Braveheart,3
500,The Departed,4
500,Interstellar,5
500,The Prestige,4
500,Memento,4
500,Django Unchained,3
500,The Lion King,4
500,Toy Story,5
500,Finding Nemo,4
500,Up,3
500,Inside Out,3
500,Frozen,5
500,Moana,4
500,Coco,4
500,Monsters Inc,5
500,Avatar,1
500,The Avengers,3
500,Iron Man,3
500,Spider-Man,1
500,Wonder Woman,2
500,The Notebook,2
500,Pride and Prejudice,3
500,La La Land,4
500,A Star Is Born,2
500,The Fault in Our Stars,2
500,Me Before You,4
500,Superbad,3
500,Bridesmaids,2
500,Step Brothers,3
500,Mean Girls,3
500,21 Jump Street,2
500,Tropic Thunder,3
500,Get Out,3
500,A Quiet Place,2
500,The Exorcist,1
500,The Shining,4
500,Scream,3
500,Nightmare on Elm Street,3
